Order ID,Order Date,Ship Date,Customer Name,Segment,Region,Category,Sub-Category,Sales,Quantity,Discount,Profit
ORD-12573,26-02-2022,01-03-2022,Linda Walker,Home Office,West,Office Supplies,Art,258.94,2,0,51.77
ORD-10882,19-05-2022,21-05-2022,Tom Clark,Consumer,Central,Office Supplies,Labels,56.77,1,0.15,16.25
ORD-14536,20-05-2024,25-05-2024,Tom Martinez,Home Office,East,Office Supplies,Binders,718.29,5,0.1,134.46
ORD-10413,10-08-2023,14-08-2023,John Khan,Consumer,East,Office Supplies,Art,15.23,1,0.2,1.78
ORD-14038,25-11-2024,28-11-2024,Sara Young,Home Office,West,Office Supplies,Paper,323.48,4,0.5,9.75
ORD-17034,20-04-2022,27-04-2022,Sara Khan,Consumer,East,Technology,Copiers,1641.1,5,0.1,-132.04
ORD-10374,04-11-2022,06-11-2022,Anna Chen,Corporate,West,Office Supplies,Labels,365.47,3,0.15,11.94
ORD-13502,23-07-2022,25-07-2022,Anna Smith,Corporate,South,Office Supplies,Storage,41.9,1,0,11.28
ORD-15223,10-05-2024,13-05-2024,Nina Chen,Corporate,Central,Furniture,Furnishings,4741.3,5,0,130.17
ORD-17795,03-02-2023,05-02-2023,Kevin Martinez,Consumer,West,Office Supplies,Envelopes,706.5,3,0,134.44
ORD-10036,19-10-2023,23-10-2023,Anna Rodriguez,Consumer,West,Technology,Accessories,992.79,1,0.1,355.94
ORD-10345,22-09-2024,23-09-2024,Priya Davis,Corporate,East,Office Supplies,Storage,220.01,2,0.1,51.27
ORD-14200,04-07-2023,06-07-2023,James Smith,Home Office,west,Office Supplies,Binders,618.1,5,0.3,45.06
ORD-14793,13-02-2023,15-02-2023,Nina Brown,Consumer,West,Furniture,Tables,548.94,1,0,-16.28
ORD-18299,05-10-2022,06-10-2022,David Young,Corporate,South,Office Supplies,Paper,120.29,4,0.2,7.5
ORD-18729,18-05-2024,21-05-2024,Mohammed Rodriguez,Corporate,Central,Office Supplies,Art,390.32,2,0.15,59.9
ORD-18843,17-12-2024,21-12-2024,Anna Khan,Home Office,West,Office Supplies,Storage,197.82,2,0.1,28.28
ORD-13890,24-08-2023,25-08-2023,David Martinez,Consumer,East,Technology,Accessories,1087.64,2,0.15,302.9
ORD-13610,13-12-2024,17-12-2024,Wei Johnson,Home Office,East,Office Supplies,Binders,93.06,4,0.15,21.5
ORD-15214,04-04-2022,06-04-2022,John Rodriguez,Corporate,EAST,Technology,Copiers,2014.01,1,0,-108.4
ORD-15075,24-01-2022,29-01-2022,Priya Davis,Corporate,South,Office Supplies,Labels,214.36,2,0.1,52.67
ORD-10716,02-11-2022,05-11-2022,Maria Walker,Home Office,West,Technology,Phones,75.67,1,0.3,6.08
ORD-16720,15-11-2023,17-11-2023,David Walker,Consumer,WEST,Technology,Accessories,1854.16,1,0.2,99.88
ORD-11543,24-09-2022,28-09-2022,Tom Smith,Consumer,East,Office Supplies,Envelopes,593.97,3,0,138.36
ORD-18731,26-11-2024,29-11-2024,Anna Wilson,Consumer,West,Furniture,Bookcases,6046,6,0.1,732.76
ORD-10856,26-11-2024,30-11-2024,Carlos Martinez,Home Office,South,Office Supplies,Storage,121.64,3,0.4,-21.44
ORD-14233,11-12-2023,12-12-2023,Carlos Young,Consumer,West,Office Supplies,Binders,67.48,1,0.1,8.59
ORD-13318,26-08-2024,27-08-2024,Priya Johnson,Corporate,South,Office Supplies,Envelopes,845.16,4,0,114.35
ORD-15463,08-03-2022,10-03-2022,Priya Lewis,Home Office,East,Office Supplies,Paper,40.13,1,0.3,2.59
ORD-10011,17-06-2022,19-06-2022,Maria Clark,Corporate,east,Office Supplies,Labels,63.57,1,0.15,3.07
ORD-12142,15-01-2023,18-01-2023,Mohammed Brown,Consumer,East,Technology,Machines,5829.57,5,0.1,1041.31
ORD-10056,20-10-2023,23-10-2023,Maria Davis,Consumer,East,Office Supplies,Envelopes,132.66,1,0.1,12.58
ORD-18134,22-09-2023,25-09-2023,,Home Office,East,Technology,Machines,978.91,2,0.1,302.21
ORD-13215,25-06-2024,28-06-2024,John Garcia,Corporate,South,Technology,Copiers,2299.01,1,0,488.74
ORD-12610,26-06-2023,30-06-2023,Kevin Lewis,Home Office,Central,Office Supplies,Envelopes,381.93,3,0.3,-1.26
ORD-15366,05-05-2024,07-05-2024,Linda Khan,Corporate,West,Office Supplies,Storage,73.97,1,0,10.4
ORD-14392,06-06-2022,07-06-2022,Mohammed Rodriguez,Consumer,Central,Furniture,Furnishings,989.4,4,0.5,-360.51
ORD-15559,16-06-2022,17-06-2022,Linda Wilson,Home Office,West,Office Supplies,Labels,294.1,2,0,111.62
ORD-18264,01-11-2024,04-11-2024,James Brown,Consumer,West,Furniture,Chairs,548.27,3,0.3,-194.8
ORD-17101,23-05-2023,26-05-2023,Nina Davis,Home Office,West,Office Supplies,Binders,79.78,1,0.4,2.06
ORD-18042,10-10-2023,15-10-2023,Priya Brown,Corporate,East,Technology,Accessories,3259.41,5,0.3,-501.32
ORD-14474,10-07-2022,11-07-2022,Priya Rodriguez,Consumer,Central,Technology,Copiers,1732.42,1,0.15,493.86
ORD-13195,06-08-2022,07-08-2022,David Brown,Consumer,East,Office Supplies,Storage,129.63,1,0.1,9.79
ORD-16670,24-07-2022,28-07-2022,Anna Garcia,Corporate,East,Technology,Machines,4679.1,3,0.15,572.25
ORD-11673,23-04-2024,27-04-2024,David Lewis,Consumer,Central,Furniture,Chairs,783.58,1,0.15,-178.56
ORD-19338,08-10-2022,12-10-2022,Fatima Clark,Corporate,East,Office Supplies,Paper,35.76,2,0.2,-0.11
ORD-13377,10-10-2024,13-10-2024,Kevin Brown,Corporate,East,Office Supplies,Paper,559.56,3,0,89.45
ORD-14071,23-11-2023,30-11-2023,Grace Lewis,Consumer,West,Furniture,Furnishings,677.35,1,0.2,-82.85
ORD-19200,17-07-2022,18-07-2022,Priya Smith,Home Office,West,Technology,Copiers,3644.74,2,0,1309.61
ORD-12998,05-05-2024,07-05-2024,Wei Brown,Consumer,EAST,Office Supplies,Storage,297.5,5,0,109.44
ORD-11235,04-05-2024,06-05-2024,Fatima Davis,Corporate,West,Technology,Accessories,3837.88,3,0.3,115.54
ORD-13063,11-12-2024,12-12-2024,John Garcia,Consumer,West,Technology,Machines,2662.78,3,0.3,178.13
ORD-17461,19-07-2022,26-07-2022,Maria Smith,Corporate,West,Technology,Copiers,1425.89,1,0.3,-469.65
ORD-13830,18-03-2024,20-03-2024,James Lewis,Corporate,South,Office Supplies,Art,354.49,3,0.4,-31.79
ORD-16234,13-06-2024,17-06-2024,Mohammed Lee,Corporate,South,Technology,Accessories,1956.45,1,0.15,227.51
ORD-19684,26-02-2022,28-02-2022,Carlos Clark,Consumer,Central,Technology,Machines,1234.58,3,0.2,362.63
ORD-13636,20-12-2023,24-12-2023,Carlos Khan,Corporate,Central,Technology,Copiers,257.09,1,0.1,96.67
ORD-15054,09-09-2022,10-09-2022,,Consumer,South,Office Supplies,Labels,53.57,1,0.15,-2.84
ORD-16556,16-09-2023,20-09-2023,Carlos Lee,Corporate,West,Office Supplies,Binders,201.17,1,0.15,10.22
ORD-18127,21-12-2022,22-12-2022,Nina Smith,Corporate,East,Office Supplies,Art,58.27,2,0.1,4.77
ORD-16220,09-04-2024,12-04-2024,Maria Davis,Consumer,Central,Technology,Phones,998.2,2,0,284.08
ORD-11915,25-11-2024,28-11-2024,Maria Lewis,Corporate,East,Technology,Copiers,2653.44,5,0.15,1132.86
ORD-11682,04-03-2022,07-03-2022,Nina Smith,Consumer,West,Technology,Machines,1704.09,3,0,314.28
ORD-17921,14-01-2022,19-01-2022,Wei Rodriguez,Corporate,East,Office Supplies,Paper,1065.54,6,0,252.2
ORD-11421,07-07-2024,11-07-2024,John Patel,Consumer,West,Technology,Machines,1005.14,1,0.15,249.78
ORD-12715,17-04-2024,19-04-2024,David Johnson,Consumer,West,Technology,Accessories,2660.94,2,0,861.7
ORD-19091,20-06-2022,21-06-2022,Priya Rodriguez,Consumer,East,Technology,Copiers,1968.73,1,0,154.82
ORD-15069,27-08-2022,28-08-2022,Grace Davis,Consumer,West,Furniture,Tables,651.72,3,0,-1.84
ORD-13809,10-01-2024,13-01-2024,Wei Brown,Corporate,East,Office Supplies,Paper,238.03,1,0,52.6
ORD-13936,13-11-2023,18-11-2023,David Patel,Consumer,east,Technology,Phones,8028.16,4,0,1186.09
ORD-19621,08-11-2024,15-11-2024,Mohammed Davis,Corporate,East,Furniture,Tables,2326.35,4,0.15,-520.31
ORD-10412,17-04-2024,20-04-2024,Linda Brown,Home Office,Central,Office Supplies,Paper,202.08,2,0.4,2.69
ORD-17117,21-06-2023,22-06-2023,Priya Clark,Home Office,West,Office Supplies,Paper,267.09,3,0,29.55
ORD-12321,16-08-2022,17-08-2022,Kevin Patel,Consumer,Central,Technology,Machines,1117.07,2,0.2,354.06
ORD-19509,09-02-2022,10-02-2022,John Martinez,Consumer,West,Office Supplies,Labels,473.98,2,0,96.26
ORD-13253,22-01-2023,25-01-2023,John Brown,Consumer,West,Technology,Phones,70.6,1,0.5,-17.81
ORD-17544,13-02-2023,16-02-2023,Anna Lee,Consumer,West,Furniture,Tables,677.76,2,0.15,-297.06
ORD-18372,01-09-2022,03-09-2022,Priya Rodriguez,Consumer,West,Furniture,Bookcases,840.34,2,0.4,-268.18
ORD-16956,11-02-2024,16-02-2024,John Lewis,Corporate,West,Office Supplies,Storage,44.81,1,0.1,7.34
ORD-10608,05-06-2023,08-06-2023,John Patel,Consumer,West,Office Supplies,Binders,272.32,2,0.1,63.21
ORD-14310,22-11-2024,24-11-2024,Anna Martinez,Consumer,East,Office Supplies,Labels,206.03,1,0,60.89
ORD-16417,27-04-2024,28-04-2024,Grace Davis,Corporate,Central,Office Supplies,Art,38.96,1,0.15,7.68
ORD-16051,17-05-2022,21-05-2022,Tom Brown,Consumer,East,Furniture,Furnishings,1615.43,2,0.1,66.43
ORD-18008,05-07-2023,06-07-2023,Priya Walker,Corporate,West,Technology,Accessories,374.15,1,0.1,36.29
ORD-13150,07-09-2023,08-09-2023,John Chen,Consumer,East,Office Supplies,Labels,95.8,1,0,26.15
ORD-14980,15-09-2024,16-09-2024,Kevin Chen,Corporate,East,Office Supplies,Labels,578.33,3,0.2,20.25
ORD-11285,21-08-2022,23-08-2022,Priya Martinez,Corporate,East,Furniture,Tables,2578.25,5,0,-358.75
ORD-11670,22-10-2024,26-10-2024,Tom Davis,Home Office,West,Furniture,Furnishings,3112.13,6,0.2,-139.56
ORD-17508,02-11-2022,,Sara Lee,Consumer,Central,Office Supplies,Art,199.52,1,0,52.35
ORD-11661,13-10-2022,17-10-2022,Maria Lee,Consumer,West,Office Supplies,Labels,346,4,0.1,54.76
ORD-14096,02-10-2023,07-10-2023,Mohammed Wilson,Corporate,South,Technology,Copiers,1730.72,1,0,502.85
ORD-18126,11-11-2022,12-11-2022,Fatima Garcia,Consumer,East,Technology,Phones,4437.61,6,0.15,679.04
ORD-15523,16-06-2023,17-06-2023,Wei Young,Consumer,West,Furniture,Bookcases,1975.75,4,0.1,-78.17
ORD-17197,08-02-2023,12-02-2023,Sara Walker,Consumer,West,Furniture,Chairs,615.24,1,0.15,3.38
ORD-10672,01-12-2024,05-12-2024,Mohammed Chen,Consumer,Central,Office Supplies,Art,1367.28,6,0,245.84
ORD-19494,24-04-2023,26-04-2023,Anna Smith,Consumer,East,Office Supplies,Labels,394.32,2,0,120
ORD-16626,04-12-2022,05-12-2022,Nina Rodriguez,Consumer,Central,Technology,Copiers,3404.14,2,0.1,852.11
ORD-19410,12-01-2024,16-01-2024,Tom Walker,Consumer,West,Office Supplies,Storage,151.68,4,0,25.49
ORD-18037,14-10-2023,16-10-2023,Carlos Smith,Consumer,Central,Office Supplies,Envelopes,301.57,6,0.4,-5.41
ORD-11329,11-01-2024,15-01-2024,Kevin Martinez,Home Office,West,Office Supplies,Labels,78.54,1,0,6.34
ORD-15936,10-09-2022,11-09-2022,Priya Smith,Consumer,South,Technology,Phones,4676.16,5,0.2,-951.92
ORD-18597,11-03-2022,12-03-2022,Anna Brown,Consumer,South,Technology,Accessories,2228.4,5,0,31.51
ORD-16907,03-12-2022,10-12-2022,Nina Clark,Corporate,South,Furniture,Chairs,1737.02,4,0.2,236.2
ORD-17301,07-05-2023,09-05-2023,Nina Patel,Consumer,Central,Office Supplies,Art,46.57,1,0.15,1.04
ORD-15116,16-10-2024,19-10-2024,Sara Martinez,Home Office,West,Technology,Phones,3071.4,3,0.3,-535.7
ORD-16799,04-01-2023,07-01-2023,Carlos Davis,Consumer,Central,Technology,Copiers,497.98,1,0.5,-182.42
ORD-13427,19-05-2022,22-05-2022,Kevin Smith,Corporate,South,Office Supplies,Binders,44.56,2,0.15,-4.41
ORD-16846,06-07-2022,09-07-2022,Wei Garcia,Consumer,South,Office Supplies,Labels,93.15,2,0.1,18.71
ORD-13730,13-03-2024,15-03-2024,Fatima Khan,Corporate,Central,Office Supplies,Paper,126.25,1,0.15,-6.55
ORD-19331,12-12-2023,,Anna Johnson,Home Office,South,Technology,Machines,1122.12,5,0.4,65
ORD-11797,20-06-2023,24-06-2023,Kevin Patel,Consumer,East,Technology,Machines,2128.48,4,0.3,366.01
ORD-12383,18-10-2022,20-10-2022,Kevin Clark,Corporate,Central,Furniture,Tables,1342.03,2,0.3,-271.63
ORD-14666,12-04-2023,15-04-2023,Maria Brown,Consumer,South,Technology,Copiers,1422.06,1,0.2,166.44
ORD-12928,09-03-2024,13-03-2024,James Davis,Consumer,West,Technology,Copiers,8339.65,5,0.15,2642.95
ORD-11874,04-05-2023,09-05-2023,Nina Khan,Consumer,West,Technology,Copiers,684.19,1,0,202.56
ORD-11298,24-04-2022,26-04-2022,Tom Lewis,Home Office,East,Office Supplies,Binders,215.84,4,0,35.33
ORD-11137,10-09-2022,12-09-2022,Mohammed Garcia,Consumer,West,Furniture,Furnishings,1903.09,2,0.1,-141.9
ORD-16654,18-08-2024,21-08-2024,Maria Johnson,Corporate,East,Office Supplies,Storage,244.46,3,0.1,36.62
ORD-18907,06-01-2022,08-01-2022,Carlos Patel,Consumer,Central,Technology,Machines,4565.9,3,0.2,206.03
ORD-16494,01-03-2022,02-03-2022,Fatima Young,Consumer,East,Technology,Machines,298.89,3,0.4,-37.64
ORD-17868,07-11-2023,12-11-2023,Grace Lewis,Corporate,South,Technology,Machines,1645.24,1,0,866.99
ORD-12124,10-06-2024,12-06-2024,Nina Khan,Consumer,South,Office Supplies,Labels,178.14,1,0,16.21
ORD-18136,09-05-2023,11-05-2023,Maria Lewis,Consumer,South,Technology,Copiers,6267.24,5,0.1,741.19
ORD-14409,10-11-2022,13-11-2022,Priya Young,Consumer,South,Office Supplies,Storage,101.81,1,0.15,18.49
ORD-18620,13-09-2022,17-09-2022,Wei Clark,Consumer,South,Office Supplies,Labels,216.99,1,0,78.05
ORD-15541,20-09-2023,22-09-2023,Sara Patel,Consumer,West,Office Supplies,Labels,330.25,2,0.1,25.06
ORD-10761,15-10-2024,16-10-2024,John Brown,Corporate,Central,Office Supplies,Labels,40.77,1,0,5.46
ORD-14772,25-07-2024,27-07-2024,Maria Young,Home Office,East,Furniture,Chairs,427.96,1,0.3,-101.54
ORD-14184,14-02-2023,16-02-2023,John Lee,Corporate,West,Office Supplies,Binders,984.28,5,0.1,188.42
ORD-14812,23-05-2024,28-05-2024,Tom Wilson,Corporate,East,Technology,Phones,808.34,1,0.1,74.64
ORD-12762,07-08-2022,11-08-2022,Mohammed Clark,Corporate,South,Office Supplies,Binders,226.9,2,0.15,-6.67
ORD-17316,23-09-2023,27-09-2023,Nina Lewis,Consumer,West,Office Supplies,Binders,179.24,4,0,65.82
ORD-19036,02-11-2024,04-11-2024,Fatima Rodriguez,Consumer,West,Furniture,Tables,1203.91,2,0.1,153.08
ORD-16693,06-05-2022,08-05-2022,Fatima Chen,Consumer,South,Technology,Phones,3371.82,3,0,-59.59
ORD-13039,17-11-2024,20-11-2024,John Lewis,Consumer,South,Office Supplies,Binders,670.53,3,0,272.58
ORD-12523,11-03-2022,12-03-2022,Tom Rodriguez,Corporate,East,Technology,Machines,2283.39,1,0,-48.77
ORD-12888,10-09-2022,11-09-2022,Anna Clark,Corporate,East,Technology,Accessories,6895.86,3,0,-256.61
ORD-16214,20-12-2023,21-12-2023,Wei Clark,Home Office,South,Technology,Copiers,2505.74,2,0.1,1051.88
ORD-17335,04-08-2023,05-08-2023,Anna Khan,Consumer,CENTRAL,Furniture,Furnishings,241.2,2,0.2,-20.54
ORD-14564,22-04-2024,23-04-2024,Wei Rodriguez,Corporate,West,Technology,Accessories,5070.87,3,0,685.7
ORD-15170,16-05-2023,20-05-2023,Anna Martinez,Consumer,West,Technology,Phones,2947.83,3,0,-169.33
ORD-17294,03-05-2023,06-05-2023,Nina Clark,Consumer,West,Furniture,Bookcases,905.57,1,0.15,-100.82
ORD-18863,19-01-2024,22-01-2024,James Garcia,Corporate,East,Office Supplies,Art,200.84,2,0.5,-43.78
ORD-11999,19-08-2022,21-08-2022,Linda Young,Consumer,Central,Office Supplies,Envelopes,203.34,3,0.15,-28.28
ORD-12335,11-05-2022,13-05-2022,Wei Patel,Consumer,East,Office Supplies,Paper,181.44,4,0,60.91
ORD-12217,11-03-2024,13-03-2024,John Martinez,Corporate,West,Office Supplies,Envelopes,21.22,2,0,5.68
ORD-12367,09-07-2023,10-07-2023,Wei Chen,Corporate,South,Office Supplies,Envelopes,188.7,1,0.15,37.21
ORD-17570,06-11-2022,07-11-2022,Nina Lee,Home Office,West,Furniture,Furnishings,1187.28,2,0,-48.88
ORD-14575,02-02-2024,04-02-2024,Nina Lee,Corporate,West,Office Supplies,Storage,253.35,2,0.1,35.37
ORD-10623,01-11-2023,02-11-2023,Anna Chen,Home Office,East,Technology,Machines,7980.9,4,0.2,949.22
ORD-19537,15-09-2022,17-09-2022,Sara Chen,Corporate,east,Office Supplies,Paper,876.56,4,0,268.57
ORD-11832,06-12-2024,07-12-2024,Kevin Clark,Corporate,West,Office Supplies,Binders,66.83,1,0.4,13.36
ORD-19271,24-04-2024,29-04-2024,Anna Walker,Home Office,West,Office Supplies,Storage,73.27,1,0,20.5
ORD-10232,09-02-2022,10-02-2022,James Brown,Home Office,South,Office Supplies,Binders,344.61,2,0.1,63.67
ORD-15324,01-06-2022,05-06-2022,Kevin Johnson,Home Office,West,Furniture,Tables,1151.24,2,0.15,323.95
ORD-19314,17-06-2022,19-06-2022,Wei Smith,Corporate,East,Furniture,Bookcases,1503.12,2,0.3,24.9
ORD-17050,06-05-2024,08-05-2024,Tom Brown,Consumer,West,Technology,Machines,5278.49,3,0.2,107.74
ORD-13368,05-05-2024,06-05-2024,Mohammed Garcia,Consumer,East,Office Supplies,Labels,228.43,3,0.15,7.91
ORD-14778,16-04-2022,19-04-2022,Wei Young,Home Office,East,Technology,Machines,1417.26,1,0.2,218.64
ORD-13320,19-05-2024,24-05-2024,Sara Khan,Corporate,East,Furniture,Bookcases,941.82,2,0.15,120.19
ORD-17065,09-05-2024,11-05-2024,David Wilson,Consumer,Central,Office Supplies,Envelopes,397.9,5,0,80.74
ORD-14783,22-09-2023,27-09-2023,John Young,Corporate,South,Office Supplies,Art,207.06,3,0,24.46
ORD-13227,20-12-2022,22-12-2022,Grace Martinez,Consumer,South,Furniture,Tables,328.65,1,0,-7.6
ORD-15934,20-08-2023,23-08-2023,James Khan,Corporate,South,Office Supplies,Envelopes,541.76,4,0,33.4
ORD-17513,03-09-2023,08-09-2023,Tom Clark,Home Office,East,Technology,Machines,255.21,1,0.15,36.99
ORD-16098,25-12-2024,29-12-2024,Grace Lewis,Consumer,Central,Technology,Copiers,1126.72,1,0.15,250.05
ORD-16805,06-12-2022,10-12-2022,Priya Clark,Corporate,South,Office Supplies,Envelopes,137.9,1,0.4,-8.43
ORD-18307,01-12-2023,04-12-2023,Nina Young,Consumer,Central,Technology,Phones,1872.4,2,0.3,-66.42
ORD-10175,03-06-2023,04-06-2023,Linda Clark,Corporate,South,Office Supplies,Storage,802.62,6,0.3,50.08
ORD-16199,16-11-2022,23-11-2022,Priya Johnson,Consumer,South,Technology,Accessories,998.27,1,0,307.13
ORD-18530,23-04-2022,26-04-2022,James Lee,Home Office,East,Technology,Copiers,873.74,2,0.2,3.63
ORD-19007,17-05-2022,19-05-2022,Wei Patel,Home Office,East,Furniture,Chairs,332.22,1,0.2,-15.48
ORD-15549,21-09-2022,24-09-2022,Carlos Smith,Home Office,South,Office Supplies,Paper,88.53,1,0,22.86
ORD-13681,14-10-2023,18-10-2023,Mohammed Lewis,Corporate,West,Technology,Accessories,2070.88,1,0,-15.64
ORD-10099,02-04-2024,06-04-2024,Nina Garcia,Consumer,East,Technology,Machines,483.73,2,0.4,55.57
ORD-16141,11-04-2023,15-04-2023,Nina Johnson,Consumer,East,Technology,Accessories,245.32,4,0,7.47
ORD-19138,23-10-2024,26-10-2024,Mohammed Wilson,Consumer,East,Furniture,Tables,1988.57,3,0.4,-628.67
ORD-11741,15-11-2024,18-11-2024,Maria Johnson,Consumer,West,Office Supplies,Binders,260.64,2,0.4,-42.96
ORD-15430,17-12-2022,20-12-2022,Nina Young,Home Office,East,Office Supplies,Art,102.74,4,0.5,-1.94
ORD-14284,19-03-2023,21-03-2023,Wei Wilson,Corporate,West,Technology,Copiers,653.05,1,0.1,15.84
ORD-18866,15-03-2024,17-03-2024,Nina Chen,Corporate,East,Furniture,Furnishings,197.68,1,0.1,13.85
ORD-14376,21-03-2023,23-03-2023,Sara Brown,Home Office,East,Furniture,Furnishings,113.55,1,0.1,-2.11
ORD-10934,23-09-2023,27-09-2023,David Brown,Consumer,central,Office Supplies,Binders,339.91,2,0.3,6.74
ORD-18160,05-11-2023,09-11-2023,Carlos Rodriguez,Consumer,South,Furniture,Chairs,553.58,2,0,-34.9
ORD-10732,08-12-2024,09-12-2024,Nina Clark,Consumer,East,Furniture,Furnishings,1053.33,1,0,457.05
ORD-19113,19-06-2022,21-06-2022,Mohammed Smith,Corporate,East,Furniture,Bookcases,161.24,1,0,2.49
ORD-18906,08-03-2023,10-03-2023,John Lewis,Corporate,East,Office Supplies,Paper,57.12,2,0.4,-2.44
ORD-19132,17-07-2023,19-07-2023,Carlos Patel,Corporate,Central,Technology,Accessories,1159.95,1,0.15,252.22
ORD-13383,13-02-2022,16-02-2022,Sara Johnson,Home Office,West,Furniture,Chairs,1704.68,2,0.15,153.4
ORD-18454,19-04-2024,20-04-2024,Grace Smith,Home Office,Central,Office Supplies,Paper,141.57,1,0.1,27.26
ORD-10173,16-10-2022,17-10-2022,James Walker,Corporate,West,Furniture,Furnishings,555.87,3,0,-23.71
ORD-15950,10-01-2022,14-01-2022,Mohammed Young,Corporate,Central,Technology,Copiers,108.04,2,0.15,28.85
ORD-16084,22-11-2023,26-11-2023,James Clark,Consumer,East,Office Supplies,Binders,7.82,1,0.1,0.53
ORD-15645,07-05-2022,08-05-2022,Fatima Rodriguez,Consumer,West,Furniture,Bookcases,401.28,4,,-134.49
ORD-15053,22-12-2023,27-12-2023,Linda Chen,Corporate,South,Office Supplies,Binders,107.36,1,0.1,10.06
ORD-16945,05-11-2023,07-11-2023,Nina Wilson,Consumer,East,Furniture,Tables,1328.99,4,0.2,-322.09
ORD-16810,26-09-2024,28-09-2024,Mohammed Clark,Consumer,Central,Office Supplies,Art,193.24,1,0.15,-7.06
ORD-14702,26-02-2022,03-03-2022,,Corporate,Central,Office Supplies,Art,151.12,1,0.1,32.38
ORD-15344,09-11-2022,11-11-2022,Linda Garcia,Consumer,West,Office Supplies,Labels,166.42,1,0.3,-3.41
ORD-18632,06-02-2023,08-02-2023,Priya Martinez,Corporate,West,Office Supplies,Paper,146.83,1,0.15,2.35
ORD-11657,18-11-2022,21-11-2022,Nina Davis,Corporate,Central,Technology,Accessories,1345.89,5,0.15,165.39
ORD-15857,19-01-2024,20-01-2024,James Smith,Consumer,east,Technology,Machines,1811.44,2,0,242.15
ORD-11458,13-08-2022,14-08-2022,Nina Patel,Consumer,West,Technology,Phones,2814.33,2,0.15,-580.41
ORD-12568,22-06-2023,29-06-2023,James Brown,Corporate,South,Technology,Accessories,682.3,2,0.2,161.11
ORD-16138,07-06-2024,10-06-2024,David Walker,Home Office,Central,Office Supplies,Envelopes,138.79,1,0,41.23
ORD-13003,03-12-2023,06-12-2023,Grace Brown,Corporate,East,Office Supplies,Paper,269.79,4,0.2,43.36
ORD-17535,15-10-2022,16-10-2022,Anna Garcia,Corporate,West,Technology,Machines,8094.78,4,0.1,-378.53
ORD-10680,07-09-2022,08-09-2022,James Johnson,Consumer,Central,Furniture,Chairs,1751.62,3,0.1,-638.2
ORD-10420,17-06-2023,24-06-2023,Fatima Young,Home Office,South,Office Supplies,Binders,202.18,3,0.1,65.12
ORD-10906,04-09-2024,06-09-2024,Fatima Johnson,Consumer,East,Furniture,Bookcases,487.42,4,0.2,-56
ORD-18408,06-01-2023,10-01-2023,John Davis,Consumer,West,Technology,Machines,1014.8,1,0.2,443.39
ORD-14690,02-04-2024,05-04-2024,Fatima Young,Home Office,South,Furniture,Furnishings,3967.45,5,0,554.43
ORD-18771,21-11-2023,28-11-2023,Sara Khan,Consumer,Central,Office Supplies,Storage,122.92,2,0.3,-8.77
ORD-10796,03-05-2023,05-05-2023,Carlos Garcia,Home Office,West,Office Supplies,Storage,451.12,2,0,40.06
ORD-13117,19-10-2024,21-10-2024,Priya Rodriguez,Corporate,CENTRAL,Office Supplies,Labels,74.36,1,0.3,6.21
ORD-10270,22-02-2023,24-02-2023,Nina Rodriguez,Corporate,East,Technology,Copiers,1468.22,1,0.1,111.27
ORD-18262,13-04-2022,17-04-2022,Carlos Garcia,Corporate,East,Furniture,Furnishings,1659.38,3,0.2,-175.24
ORD-12400,27-12-2022,28-12-2022,Grace Lee,Consumer,West,Office Supplies,Paper,108.32,4,0,11.13
ORD-16928,27-04-2024,29-04-2024,Carlos Young,Home Office,Central,Office Supplies,Art,74.8,2,0.15,5.19
ORD-15029,01-03-2022,03-03-2022,Anna Davis,Consumer,East,Office Supplies,Binders,191.21,6,0.1,67.74
ORD-19233,04-02-2023,08-02-2023,David Rodriguez,Consumer,Central,Furniture,Bookcases,427.95,3,0.1,24.77
ORD-13787,19-12-2023,20-12-2023,Anna Khan,Corporate,East,Technology,Machines,1614.8,2,0.4,-246.28
ORD-11297,04-02-2022,07-02-2022,Nina Clark,Home Office,East,Furniture,Furnishings,2084.27,3,0.1,-142.33
ORD-10507,05-10-2023,07-10-2023,James Young,Consumer,West,Technology,Phones,1470.93,1,0.1,639.8
ORD-19160,08-06-2024,11-06-2024,David Chen,Consumer,Central,Office Supplies,Paper,334.72,5,0.2,62.62
ORD-16414,09-05-2023,12-05-2023,Linda Rodriguez,Corporate,East,Technology,Machines,2808.45,2,0.1,186.27
ORD-10805,24-11-2022,25-11-2022,David Patel,Corporate,Central,Technology,Accessories,1327.04,2,0,335.41
ORD-10052,25-08-2023,30-08-2023,Linda Chen,Corporate,West,Technology,Phones,1943.31,2,0.2,724.22
ORD-13317,21-12-2023,24-12-2023,Priya Clark,Consumer, East ,Technology,Accessories,137.87,1,0,10.07
ORD-16665,27-12-2022,28-12-2022,James Martinez,Home Office,East,Furniture,Bookcases,1253.54,5,0.15,-269.06
ORD-18672,09-03-2023,10-03-2023,David Young,Consumer,East,Technology,Accessories,157.15,2,0.3,-0.62
ORD-18770,12-09-2024,14-09-2024,Nina Davis,Corporate,West,Office Supplies,Binders,106.06,2,0.2,7.45
ORD-13990,08-05-2022,10-05-2022,Priya Garcia,Consumer,South,Office Supplies,Binders,53.91,1,0,12.29
ORD-18240,09-04-2022,13-04-2022,Anna Clark,Consumer,West,Office Supplies,Storage,182.66,1,0.1,27.4
ORD-19131,01-02-2024,02-02-2024,Maria Chen,Home Office,West,Technology,Accessories,1145.79,3,0,443.74
ORD-17241,10-04-2022,14-04-2022,Maria Brown,Consumer,South,Furniture,Furnishings,2821.02,3,0,-801.53
ORD-15902,22-03-2023,25-03-2023,Nina Young,Corporate,West,Office Supplies,Storage,282.86,2,0,-22.26
ORD-18903,22-02-2022,23-02-2022,Anna Walker,Home Office,East,Technology,Copiers,2123.64,2,0,485.97
ORD-19352,12-11-2024,13-11-2024,Nina Garcia,Consumer,West,Furniture,Tables,1737.68,2,0.2,20.6
ORD-14821,06-06-2022,08-06-2022,Priya Davis,Consumer,Central,Office Supplies,Art,78.03,1,0,12.3
ORD-14715,24-08-2024,28-08-2024,Maria Chen,Consumer,East,Office Supplies,Labels,284,4,0.2,0.53
ORD-19730,06-06-2023,08-06-2023,Wei Patel,Consumer,Central,Office Supplies,Storage,122.4,6,0,42.55
ORD-12600,21-10-2024,24-10-2024,Sara Brown,Consumer,West,Technology,Phones,4215.57,3,0,582.98
ORD-12035,27-01-2024,29-01-2024,Mohammed Patel,Consumer,East,Office Supplies,Labels,161.74,2,0.2,13.58
ORD-12631,07-08-2023,11-08-2023,Anna Young,Consumer,Central,Technology,Copiers,1893.18,1,0.2,108.12
ORD-16681,02-04-2022,04-04-2022,Linda Patel,Home Office,Central,Technology,Copiers,1429.09,4,0.15,-91.97
ORD-10079,15-07-2023,22-07-2023,Mohammed Rodriguez,Consumer,East,Office Supplies,Art,125.13,4,0.3,10.41
ORD-10639,06-12-2022,07-12-2022,John Smith,Consumer,south,Technology,Machines,3661.24,4,0.1,125.66
ORD-12599,06-12-2023,10-12-2023,John Martinez,Consumer,South,Office Supplies,Storage,881.14,5,0.1,153.1
ORD-16574,04-10-2022,05-10-2022,Fatima Brown,Corporate,East,Furniture,Tables,62.39,1,0.1,0.21
ORD-11417,23-04-2022,27-04-2022,Maria Lewis,Corporate,West,Office Supplies,Envelopes,73.41,1,0.1,13.76
ORD-13455,22-08-2023,24-08-2023,John Young,Consumer,South,Furniture,Bookcases,2957.9,3,0.1,-260.13
ORD-19070,17-02-2024,21-02-2024,Carlos Walker,Corporate,East,Furniture,Tables,3754,5,0,981.71
ORD-11141,18-03-2024,19-03-2024,David Young,Corporate,East,Office Supplies,Labels,318.55,2,0.1,63.36
ORD-17434,10-03-2023,13-03-2023,Maria Johnson,Consumer,East,Office Supplies,Binders,29.93,1,0.3,2.5
ORD-15728,03-08-2023,07-08-2023,,Corporate,East,Office Supplies,Envelopes,135.3,3,0,55.98
ORD-17591,09-04-2024,12-04-2024,Kevin Lee,Corporate,West,Technology,Phones,2924.92,2,0.3,-24.66
ORD-14347,22-10-2022,24-10-2022,Carlos Johnson,Corporate,East,Office Supplies,Envelopes,280.28,2,0,56.66
ORD-12028,17-01-2023,18-01-2023,James Khan,Home Office,West,Technology,Accessories,1899.27,1,0.15,154.5
ORD-16247,26-06-2023,29-06-2023,James Lewis,Home Office,East,Office Supplies,Storage,344.9,4,0.4,-25.06
ORD-14095,16-12-2023,20-12-2023,Mohammed Clark,Consumer,South,Furniture,Bookcases,174.42,2,0,-35.06
ORD-17536,01-09-2024,02-09-2024,,Home Office,East,Technology,Phones,8335.44,4,0.15,38.64
ORD-12070,09-04-2023,16-04-2023,Mohammed Johnson,Home Office,West,Furniture,Furnishings,799.28,1,,196.72
ORD-17553,13-12-2024,15-12-2024,Wei Garcia,Home Office,South,Office Supplies,Paper,305.96,4,0.3,-1.96
ORD-12746,10-02-2024,12-02-2024,Nina Khan,Corporate,West,Office Supplies,Envelopes,453.82,6,0.1,19.06
ORD-10965,17-01-2024,20-01-2024,Nina Garcia,Home Office,Central,Furniture,Bookcases,1184.82,1,0,-100.71
ORD-10675,25-03-2022,27-03-2022,Sara Young,Consumer,East,Technology,Phones,6070.6,3,0.1,-106.87
ORD-14603,17-11-2022,21-11-2022,Nina Johnson,Consumer,West,Furniture,Furnishings,2190.78,2,0,-165.11
ORD-13963,12-12-2023,15-12-2023,David Patel,Consumer,South,Office Supplies,Paper,45.46,3,0.3,4.58
ORD-11096,07-01-2023,11-01-2023,Fatima Lee,Consumer,West,Office Supplies,Labels,184.52,2,0,20.44
ORD-12784,06-05-2024,09-05-2024,Carlos Wilson,Corporate,East,Technology,Accessories,2564.95,2,0.3,47.73
ORD-17100,25-12-2024,28-12-2024,Carlos Davis,Corporate,West,Office Supplies,Storage,343.28,2,0.15,41.15
ORD-11648,09-03-2022,13-03-2022,Tom Johnson,Consumer,West,Technology,Machines,90.11,1,0.5,-10.61
ORD-18705,04-11-2023,08-11-2023,David Patel,Home Office,central,Office Supplies,Binders,79.58,2,0.2,16.86
ORD-16929,20-10-2024,24-10-2024,Maria Johnson,Consumer,West,Technology,Phones,2068.29,3,0,409.5
ORD-12830,15-12-2022,17-12-2022,Maria Rodriguez,Corporate,East,Technology,Accessories,7246.69,4,0.1,280.64
ORD-17046,13-07-2023,15-07-2023,Carlos Smith,Corporate, East ,Office Supplies,Envelopes,81.84,1,0.2,4.76
ORD-13983,11-01-2022,13-01-2022,Carlos Lewis,Corporate,West,Office Supplies,Binders,13.42,1,0,0.81
ORD-10060,19-10-2024,22-10-2024,Wei Khan,Consumer,West,Office Supplies,Binders,405.72,2,0.1,74.47
ORD-17847,07-06-2023,11-06-2023,,Consumer,Central,Furniture,Tables,486.24,2,0,89.03
ORD-15990,16-07-2022,20-07-2022,John Martinez,Corporate,West,Office Supplies,Labels,204.9,4,0.2,6.32
ORD-14278,15-10-2024,18-10-2024,Priya Brown,Corporate,West,Furniture,Chairs,2395.32,3,0,376.18
ORD-17239,11-03-2022,15-03-2022,Wei Chen,Corporate,South,Office Supplies,Art,143.85,1,0.2,23.61
ORD-16077,03-04-2024,05-04-2024,Mohammed Lewis,Home Office,West,Furniture,Chairs,547.52,2,0.5,-204.78
ORD-12483,13-09-2023,16-09-2023,Priya Chen,Consumer,West,Office Supplies,Art,281.74,2,0.1,54.33
ORD-10163,26-10-2022,27-10-2022,Linda Clark,Consumer,Central,Office Supplies,Binders,6.72,1,0,-0.41
ORD-10606,09-09-2022,12-09-2022,Kevin Young,Corporate,West,Technology,Machines,1727.97,1,0,793.46
ORD-11010,22-10-2023,27-10-2023,Maria Khan,Consumer,West,Furniture,Bookcases,133.2,1,0.5,-25.06
ORD-11831,01-12-2022,03-12-2022,Grace Garcia,Corporate,South,Furniture,Bookcases,1905.3,2,0,166.84
ORD-12571,24-02-2023,26-02-2023,Nina Patel,Consumer,Central,Technology,Phones,359.9,1,0.4,-13.31
ORD-10488,11-08-2024,14-08-2024,Wei Johnson,Consumer,East,Office Supplies,Art,250.52,5,0.1,47.86
ORD-17749,12-10-2023,14-10-2023,Wei Rodriguez,Corporate,West,Technology,Accessories,1277.12,1,0.1,115.88
ORD-16263,24-06-2024,27-06-2024,David Martinez,Consumer,West,Furniture,Chairs,873.04,4,0,68.92
ORD-10112,05-03-2023,06-03-2023,David Clark,Consumer,West,Office Supplies,Envelopes,222.92,2,0.15,20.9
ORD-14309,20-05-2023,24-05-2023,Maria Brown,Consumer,Central,Office Supplies,Envelopes,11.22,1,0,4.06
ORD-14410,02-11-2023,04-11-2023,David Patel,Corporate,South,Office Supplies,Envelopes,153.83,2,0.1,33.32
ORD-14029,21-07-2023,23-07-2023,Sara Martinez,Corporate,Central,Office Supplies,Paper,20.74,3,0.2,-0.16
ORD-10920,26-07-2022,30-07-2022,James Brown,Consumer, South ,Office Supplies,Labels,179.59,1,0.15,-4.83
ORD-17228,04-09-2022,09-09-2022,James Khan,Consumer,West,Office Supplies,Storage,118.4,1,0.15,-0.89
ORD-16769,10-09-2022,13-09-2022,Wei Chen,Corporate,East,Office Supplies,Storage,346.83,3,0,43.74
ORD-17582,18-05-2023,21-05-2023,Kevin Lewis,Home Office,West,Office Supplies,Art,159.49,1,0.3,-3.44
ORD-19037,14-09-2024,18-09-2024,Mohammed Lewis,Corporate,South,Technology,Copiers,880.78,1,0.1,55.86
ORD-13325,22-11-2023,26-11-2023,Sara Chen,Consumer,East,Office Supplies,Paper,499.66,3,0.1,124.59
ORD-15284,02-05-2023,06-05-2023,Sara Smith,Corporate,East,Furniture,Furnishings,2295.43,6,0.4,-53.17
ORD-12423,07-07-2023,09-07-2023,James Clark,Corporate,West,Technology,Accessories,5024.09,4,0.1,841.98
ORD-13654,09-12-2024,16-12-2024,Maria Johnson,Consumer,South,Furniture,Chairs,1803.42,3,0,-96.16
ORD-14686,06-11-2024,07-11-2024,Grace Johnson,Consumer,West,Furniture,Tables,670.73,2,0.1,-70.65
ORD-10403,17-06-2022,18-06-2022,James Johnson,Consumer,South,Technology,Phones,1126.12,1,0,166.28
ORD-17592,07-11-2022,09-11-2022,Anna Brown,Consumer,West,Office Supplies,Envelopes,110.62,1,0.15,16.83
ORD-13171,15-10-2022,17-10-2022,Maria Garcia,Corporate,West,Technology,Phones,5671.86,3,0,746.46
ORD-10831,24-11-2024,28-11-2024,Priya Clark,Corporate,East,Office Supplies,Paper,167.18,3,,21.82
ORD-13923,17-06-2022,20-06-2022,Priya Rodriguez,Consumer,East,Technology,Copiers,758.02,1,0.15,79.43
ORD-18114,24-07-2022,31-07-2022,Carlos Wilson,Consumer,East,Furniture,Tables,889.44,1,0,141.58
ORD-16864,17-12-2022,24-12-2022,James Rodriguez,Consumer,South,Furniture,Furnishings,2119.5,3,0,-165.12
ORD-14406,06-08-2022,13-08-2022,Maria Patel,Consumer,East,Furniture,Chairs,862.92,4,0,-20.48
ORD-13242,26-06-2023,01-07-2023,Fatima Walker,Consumer,South,Technology,Machines,7372.66,4,0.1,2206.97
ORD-18282,25-02-2022,28-02-2022,Linda Wilson,Consumer,East,Office Supplies,Art,139.29,1,0.15,15.22
ORD-17132,10-11-2023,15-11-2023,Priya Wilson,Consumer,West,Technology,Copiers,387.68,1,0,-8.82
ORD-16916,13-04-2022,15-04-2022,Wei Brown,Corporate,West,Office Supplies,Storage,380,3,0.4,25.61
ORD-11225,21-08-2022,22-08-2022,James Young,Corporate,East,Technology,Phones,3339.24,4,0,633.1
ORD-15289,19-04-2023,21-04-2023,Tom Walker,Consumer,East,Office Supplies,Paper,185.38,1,0,80.41
ORD-11109,20-04-2024,24-04-2024,Nina Chen,Corporate,East,Office Supplies,Storage,1450.38,6,0,70.33
ORD-15492,01-08-2022,06-08-2022,John Garcia,Consumer,west,Furniture,Tables,2249.9,3,0.2,111.96
ORD-10378,24-12-2024,28-12-2024,Tom Khan,Consumer,Central,Technology,Machines,2166.98,5,0.1,98.51
ORD-12199,09-01-2023,10-01-2023,Wei Patel,Consumer,East,Office Supplies,Envelopes,408.56,2,0.1,38.7
ORD-18762,05-07-2024,08-07-2024,Anna Rodriguez,Consumer,South,Office Supplies,Envelopes,117.28,2,0.15,17.69
ORD-13543,27-06-2022,29-06-2022,Carlos Patel,Consumer,South,Furniture,Chairs,1419.82,2,0,274.54
ORD-12345,13-02-2022,15-02-2022,Wei Lee,Consumer,Central,Office Supplies,Labels,51.27,2,0.15,-0.06
ORD-13484,01-10-2022,05-10-2022,David Brown,Consumer,Central,Technology,Phones,5122.65,6,0.5,-541.35
ORD-16562,18-01-2024,22-01-2024,Maria Davis,Home Office,East,Office Supplies,Paper,13.39,1,0,5.6
ORD-16184,04-12-2024,09-12-2024,Mohammed Johnson,Consumer,West,Furniture,Bookcases,1979.08,2,0.1,-442.28
ORD-17349,27-04-2022,29-04-2022,Wei Chen,Corporate,East,Technology,Machines,2111.45,1,0.1,880.58
ORD-10652,24-09-2024,25-09-2024,,Consumer,West,Office Supplies,Labels,167.47,2,,39.51
ORD-17155,18-10-2024,21-10-2024,,Consumer,West,Office Supplies,Storage,776.68,4,0,160.68
ORD-19162,26-12-2023,29-12-2023,Nina Walker,Consumer,East,Technology,Copiers,1678.04,1,0,302.84
ORD-10794,27-01-2023,30-01-2023,Grace Wilson,Corporate,West,Office Supplies,Storage,90.04,1,0.1,19.84
ORD-12313,08-06-2024,11-06-2024,Maria Garcia,Corporate,East,Office Supplies,Storage,43.34,1,0.3,1.96
ORD-14339,05-12-2024,08-12-2024,Kevin Smith,Consumer,West,Office Supplies,Envelopes,59.6,1,0,12.15
ORD-17358,08-09-2022,12-09-2022,Mohammed Walker,Consumer,West,Furniture,Bookcases,726.23,1,0,38.84
ORD-14927,23-04-2023,27-04-2023,James Wilson,Consumer,Central,Office Supplies,Labels,342.34,2,0,2.65
ORD-16563,16-12-2024,18-12-2024,Kevin Brown,Consumer,East,Office Supplies,Paper,620.02,5,0.3,48.62
ORD-13623,26-10-2023,28-10-2023,Wei Wilson,Corporate,West,Furniture,Chairs,1114.51,3,0.1,310.65
ORD-11754,09-03-2023,11-03-2023,Carlos Davis,Consumer,South,Technology,Copiers,6518.1,3,0.1,1674.9
ORD-12420,14-08-2023,17-08-2023,Wei Young,Home Office,South,Office Supplies,Paper,496.94,2,0,131.11
ORD-16500,26-04-2022,27-04-2022,Carlos Brown,Consumer,South,Technology,Accessories,680.65,1,0,86.5
ORD-17878,25-07-2022,27-07-2022,Sara Patel,Consumer,East,Technology,Copiers,1859.81,2,0.2,199.5
ORD-17182,27-11-2023,02-12-2023,John Martinez,Consumer,West,Technology,Machines,4371.8,4,0.1,-149.24
ORD-15851,05-07-2023,09-07-2023,Linda Brown,Home Office,West,Furniture,Bookcases,3300.26,6,0.4,-1292.03
ORD-13906,13-10-2023,15-10-2023,Linda Brown,Corporate,West,Furniture,Tables,531.24,1,0.15,91.85
ORD-17415,12-08-2023,13-08-2023,John Brown,Corporate,West,Office Supplies,Art,520.83,3,0,134.17
ORD-13679,20-08-2023,22-08-2023,John Young,Home Office, South ,Furniture,Bookcases,430.09,2,0.5,-114.09
ORD-14068,05-09-2022,06-09-2022,Mohammed Wilson,Consumer,East,Office Supplies,Binders,332.59,3,0.1,58.78
ORD-15686,09-07-2024,12-07-2024,Carlos Khan,Consumer,East,Furniture,Bookcases,1086.68,3,0.4,-432.93
ORD-12539,22-06-2024,23-06-2024,Wei Chen,Consumer,Central,Office Supplies,Paper,307.62,2,0,20.36
ORD-13766,10-10-2023,13-10-2023,Kevin Young,Consumer,Central,Furniture,Tables,1411.81,2,0.1,-347.38
ORD-12476,16-10-2023,18-10-2023,David Davis,Consumer,West,Technology,Copiers,4389.98,5,0.3,1166.01
ORD-17794,04-10-2024,05-10-2024,Wei Young,Corporate,West,Office Supplies,Paper,165.66,1,0,34.12
ORD-11649,07-05-2022,12-05-2022,Kevin Lee,Corporate,East,Technology,Copiers,2310.42,2,0.2,-187.81
ORD-18794,01-01-2023,03-01-2023,Nina Garcia,Consumer,East,Technology,Copiers,2093.65,2,0.1,-13.15
ORD-10601,01-07-2023,03-07-2023,David Khan,Consumer,West,Technology,Machines,1528.86,1,0,120.09
ORD-17823,24-01-2023,29-01-2023,John Brown,Home Office,Central,Furniture,Chairs,1473.79,2,0.3,34.22
ORD-16824,02-01-2024,03-01-2024,Grace Johnson,Consumer,Central,Technology,Phones,1490.1,1,0.3,160.05
ORD-12346,20-04-2022,22-04-2022,Tom Davis,Home Office,South,Office Supplies,Storage,450.86,5,0.1,48.55
ORD-18433,05-12-2024,06-12-2024,Linda Khan,Consumer,West,Office Supplies,Binders,50.13,3,0.3,2.99
ORD-18702,14-07-2024,18-07-2024,Nina Lewis,Consumer, Central ,Office Supplies,Art,26.01,1,0,3.35
ORD-16449,22-07-2024,25-07-2024,,Consumer,East,Technology,Accessories,1663.28,1,0.1,8.49
ORD-11561,03-10-2024,05-10-2024,Nina Brown,Corporate,South,Office Supplies,Envelopes,152.12,1,0.1,-30.72
ORD-12084,05-09-2024,08-09-2024,David Rodriguez,Consumer,East,Technology,Machines,7536.91,5,0.15,403.43
ORD-10533,03-10-2022,05-10-2022,,Consumer,Central,Furniture,Furnishings,502.29,2,0.3,-71.18
ORD-12373,03-03-2022,06-03-2022,Wei Walker,Consumer,East,Technology,Copiers,7379.48,4,0,513.16
ORD-18439,08-09-2024,11-09-2024,Carlos Martinez,Consumer,South,Office Supplies,Storage,172.44,1,0,38.04
ORD-12646,01-10-2024,03-10-2024,Mohammed Patel,Corporate,Central,Office Supplies,Storage,362.56,5,0.3,78.2
ORD-11813,17-07-2022,22-07-2022,Wei Brown,Corporate,Central,Furniture,Chairs,424.12,1,0.15,-60.59
ORD-15426,01-11-2023,06-11-2023,Sara Smith,Consumer,South,Office Supplies,Binders,139.66,3,0.2,-8.21
ORD-11429,06-11-2024,09-11-2024,David Wilson,Corporate,East,Furniture,Furnishings,2389.52,4,0,-883.16
ORD-19451,10-02-2024,13-02-2024,Grace Walker,Consumer,East,Technology,Machines,7991.97,5,0.3,-103.46
ORD-11450,23-09-2022,26-09-2022,Fatima Garcia,Corporate,South,Office Supplies,Binders,291.06,2,0.1,85.04
ORD-16057,02-11-2022,03-11-2022,Priya Chen,Corporate,West,Furniture,Chairs,323.22,1,0,-16.19
ORD-19068,17-11-2023,18-11-2023,Maria Clark,Consumer,South,Office Supplies,Envelopes,403.56,2,0,83.55
ORD-14083,07-09-2022,11-09-2022,Carlos Rodriguez,Corporate,East,Office Supplies,Binders,127.8,1,0,33.5
ORD-11634,16-09-2024,18-09-2024,Mohammed Young,Home Office,West,Office Supplies,Storage,68.85,1,0,14.37
ORD-12368,10-02-2024,11-02-2024,Kevin Chen,Home Office,East,Office Supplies,Storage,179.39,1,0.1,37.21
ORD-19620,12-10-2024,13-10-2024,John Smith,Corporate,East,Technology,Machines,6800.78,4,0.15,615.81
ORD-18477,13-12-2024,17-12-2024,Anna Lee,Consumer,Central,Office Supplies,Storage,301.67,4,0.3,4.54
ORD-16146,18-09-2022,19-09-2022,Mohammed Johnson,Consumer,South,Furniture,Bookcases,701.18,1,0,68.9
ORD-14291,19-06-2023,23-06-2023,David Rodriguez,Home Office,East,Office Supplies,Binders,363.9,3,0.5,-0.99
ORD-10500,08-08-2024,09-08-2024,John Rodriguez,Corporate,East,Office Supplies,Binders,100.38,2,0,18.74
ORD-16497,02-06-2024,04-06-2024,Anna Wilson,Corporate,East,Technology,Machines,7092.85,5,0,1460.41
ORD-18777,14-07-2023,15-07-2023,Grace Garcia,Consumer,East,Technology,Machines,3602.18,2,0.1,737.38
ORD-17094,05-06-2023,09-06-2023,Tom Rodriguez,Corporate,West,Furniture,Bookcases,648.36,4,0,276.38
ORD-13898,15-11-2023,20-11-2023,Fatima Young,Corporate,east,Furniture,Furnishings,2382.66,2,0,41.25
ORD-13959,24-08-2024,28-08-2024,James Davis,Consumer,Central,Technology,Accessories,4854.2,3,0.1,-121.11
ORD-11526,19-12-2024,,Carlos Rodriguez,Corporate,West,Technology,Phones,4374.36,3,,1155.37
ORD-18484,08-09-2022,11-09-2022,Mohammed Davis,Consumer,South,Office Supplies,Storage,17.5,3,0.2,0.64
ORD-12139,01-09-2022,04-09-2022,James Wilson,Home Office,East,Office Supplies,Art,127.48,2,0,23.95
ORD-14664,15-03-2022,16-03-2022,Fatima Patel,Consumer,Central,Office Supplies,Binders,127.44,2,0,34.02
ORD-18106,06-07-2023,13-07-2023,Fatima Khan,Consumer,East,Office Supplies,Storage,32.62,1,0.5,-0.05
ORD-13015,20-11-2023,21-11-2023,John Brown,Corporate,central,Technology,Machines,2603.99,3,0.4,-320.4
ORD-18216,07-12-2023,12-12-2023,Priya Young,Consumer,West,Technology,Phones,711.26,1,0.4,-160.28
ORD-16207,07-12-2022,09-12-2022,Priya Garcia,Corporate,Central,Office Supplies,Envelopes,131.64,6,0,23.43
ORD-16240,02-12-2024,,James Patel,Consumer,East,Office Supplies,Storage,280.14,3,0.3,-10.88
ORD-17516,09-03-2024,13-03-2024,Sara Johnson,Consumer,West,Office Supplies,Paper,72.99,1,0.1,13.6
ORD-11483,07-08-2023,11-08-2023,Sara Davis,Corporate,Central,Office Supplies,Paper,232.32,5,0.5,-54.36
ORD-10631,18-08-2022,22-08-2022,Mohammed Walker,Consumer,East,Technology,Machines,1297.61,1,0.3,117.46
ORD-13389,23-03-2023,24-03-2023,Nina Garcia,Consumer,Central,Technology,Copiers,1678.7,2,0,915.83
ORD-12323,14-04-2024,15-04-2024,Tom Khan,Consumer,East,Furniture,Tables,524.03,2,0.1,-55.95
ORD-16772,08-04-2022,10-04-2022,John Smith,Home Office,East,Office Supplies,Envelopes,167.01,6,0.5,-21.04
ORD-11935,11-12-2023,16-12-2023,Nina Patel,Home Office,West,Technology,Phones,2758.1,2,0.15,358.96
ORD-11363,06-10-2024,09-10-2024,Priya Garcia,Consumer,East,Office Supplies,Envelopes,284.8,3,0.4,-0.48
ORD-19449,27-12-2024,30-12-2024,Nina Walker,Consumer,South,Office Supplies,Storage,526.86,3,0,77.75
ORD-10694,04-04-2023,05-04-2023,Grace Davis,Consumer,Central,Office Supplies,Labels,36,2,0,2.36
ORD-18199,15-07-2022,17-07-2022,Priya Martinez,Corporate,Central,Technology,Phones,1953.37,1,0.1,226.97
ORD-14371,10-04-2022,14-04-2022,Kevin Martinez,Consumer,West,Technology,Phones,5259.06,6,0,1019.25
ORD-15307,22-02-2023,24-02-2023,Anna Smith,Consumer,East,Office Supplies,Art,778,6,0.15,195.16
ORD-18911,08-04-2024,11-04-2024,Carlos Khan,Home Office,East,Technology,Phones,3368.28,3,0.1,762.24
ORD-13577,14-06-2023,15-06-2023,James Clark,Corporate,East,Office Supplies,Labels,230.46,2,0,44.19
ORD-15330,18-06-2024,25-06-2024,Sara Lewis,Home Office,East,Office Supplies,Storage,304.54,2,0.15,35.5
ORD-15732,08-09-2023,11-09-2023,Linda Lee,Home Office,Central,Technology,Machines,214.68,1,0.1,10.73
ORD-15920,13-05-2023,18-05-2023,Maria Smith,Home Office,East,Office Supplies,Art,56.36,1,0.3,14.35
ORD-18830,27-02-2022,01-03-2022,Tom Brown,Home Office,Central,Furniture,Tables,1360.63,6,0.15,-397.62
ORD-13352,18-12-2024,20-12-2024,Sara Garcia,Consumer,Central,Technology,Copiers,3907.99,5,0.3,352.31
ORD-19032,16-03-2022,20-03-2022,Kevin Patel,Home Office,East,Office Supplies,Storage,253.84,2,0.1,26.66
ORD-15859,03-09-2022,05-09-2022,David Martinez,Home Office,Central,Furniture,Furnishings,5217.3,6,0,-165.43
ORD-19775,18-10-2024,21-10-2024,Anna Smith,Consumer,West,Office Supplies,Paper,117.1,1,0.2,17.45
ORD-17683,26-11-2023,28-11-2023,Fatima Martinez,Corporate,West,Office Supplies,Labels,22.3,2,0.15,2.32
ORD-18992,10-10-2023,11-10-2023,Linda Lewis,Home Office,West,Technology,Accessories,4132.3,3,0.3,633.06
ORD-15473,08-12-2022,11-12-2022,David Walker,Home Office,East,Technology,Copiers,580.08,1,0,-23.18
ORD-10571,17-08-2024,22-08-2024,Wei Rodriguez,Corporate,East,Technology,Copiers,3400.63,2,0.1,-436.33
ORD-13858,07-09-2024,09-09-2024,Nina Rodriguez,Consumer,East,Office Supplies,Art,272.92,2,0,59.54
ORD-15740,12-06-2022,16-06-2022,Sara Johnson,Home Office,Central,Office Supplies,Storage,680,5,0.1,105.48
ORD-15231,09-01-2023,16-01-2023,Kevin Lewis,Corporate,East,Office Supplies,Envelopes,152.46,2,0.1,20.84
ORD-13757,02-12-2023,05-12-2023,John Wilson,Consumer,West,Technology,Accessories,5681.5,3,0.1,968.34
ORD-15532,06-02-2023,08-02-2023,Sara Lee,Consumer,West,Technology,Copiers,3282.66,3,0,997.68
ORD-18044,02-11-2024,03-11-2024,James Johnson,Corporate,East,Office Supplies,Art,30.55,1,0.2,-0.31
ORD-14070,07-12-2024,10-12-2024,David Wilson,Corporate,West,Office Supplies,Envelopes,963.36,6,0.1,198.62
ORD-18451,05-08-2023,07-08-2023,Grace Chen,Corporate,West,Technology,Accessories,6597.48,3,,488.63
ORD-13826,18-12-2022,20-12-2022,Linda Lewis,Consumer,Central,Furniture,Bookcases,159.41,3,0.1,-11.6
ORD-13479,01-10-2024,04-10-2024,Priya Lewis,Home Office,East,Technology,Copiers,1651.89,1,0.2,341.85
ORD-13433,23-03-2024,26-03-2024,Tom Martinez,Consumer,central,Office Supplies,Paper,986.2,5,0.2,73.14
ORD-17625,23-11-2022,28-11-2022,Grace Johnson,Corporate,South,Office Supplies,Labels,286.24,4,0.2,78.59
ORD-14662,16-10-2023,20-10-2023,David Davis,Home Office,West,Furniture,Chairs,1581.7,2,0.15,-273.06
ORD-17697,20-04-2023,21-04-2023,James Rodriguez,Corporate,East,Furniture,Bookcases,202.54,2,0.15,18.32
ORD-11966,10-06-2022,13-06-2022,Carlos Walker,Consumer,South,Technology,Phones,2520.62,3,0.15,306.93
ORD-18515,02-08-2022,06-08-2022,Wei Davis,Consumer,South,Technology,Accessories,4183.94,4,0.2,-48.33
ORD-12011,27-04-2022,28-04-2022,Priya Smith,Consumer,South,Technology,Accessories,455.12,2,0.15,27.83
ORD-17300,16-03-2023,19-03-2023,Nina Martinez,Consumer,East,Office Supplies,Art,85.38,1,0.1,23.24
ORD-10000,15-11-2024,,Anna Clark,Consumer,West,Furniture,Bookcases,578.14,1,0,-32.88
ORD-13361,01-11-2023,02-11-2023,Mohammed Garcia,Home Office,West,Office Supplies,Labels,84.6,5,0,15.11
ORD-12405,12-07-2024,13-07-2024,David Smith,Consumer,West,Furniture,Bookcases,2938.97,4,0.1,-201.93
ORD-15017,27-06-2023,28-06-2023,Tom Johnson,Corporate,Central,Technology,Machines,3349.51,3,0.4,446.7
ORD-12822,05-06-2022,06-06-2022,Fatima Garcia,Consumer,East,Office Supplies,Labels,71.96,1,0.4,-7.83
ORD-13607,10-05-2023,12-05-2023,Sara Smith,Home Office,East,Office Supplies,Storage,114.28,1,0.1,34.23
ORD-14559,23-06-2023,24-06-2023,Fatima Clark,Home Office,East,Furniture,Tables,1705.97,3,0.1,-136.54
ORD-17633,24-07-2022,25-07-2022,Anna Young,Corporate,West,Office Supplies,Art,66.95,2,0.15,10.59
ORD-17372,19-06-2024,20-06-2024,Carlos Khan,Corporate,Central,Office Supplies,Labels,239.5,2,0.15,29.71
ORD-16419,27-06-2024,30-06-2024,Grace Martinez,Home Office,West,Office Supplies,Binders,560.84,4,0,65.91
ORD-13159,21-09-2023,22-09-2023,Priya Lee,Consumer,West,Office Supplies,Binders,127.46,1,0,28.13
ORD-19455,10-03-2023,12-03-2023,Sara Clark,Consumer,EAST,Furniture,Tables,979.41,1,0.1,-38.29
ORD-16473,07-05-2024,08-05-2024,Sara Davis,Corporate,Central,Furniture,Furnishings,1144.17,2,0.15,-18.25
ORD-15195,22-12-2024,23-12-2024,Sara Walker,Home Office,South,Technology,Phones,1393.63,2,0.15,228.72
ORD-12315,23-03-2023,27-03-2023,Kevin Patel,Consumer,East,Office Supplies,Labels,658.53,6,0.1,-16.3
ORD-12038,02-06-2023,09-06-2023,Kevin Wilson,Consumer,East,Furniture,Furnishings,692.8,5,0,-139.24
ORD-18183,04-10-2023,06-10-2023,James Davis,Consumer,West,Office Supplies,Binders,115.42,6,0.3,1.85
ORD-15133,25-03-2023,26-03-2023,Priya Johnson,Corporate,East,Technology,Accessories,1965.68,1,0.15,-273.01
ORD-10227,14-08-2023,16-08-2023,Mohammed Rodriguez,Consumer,East,Office Supplies,Art,674.79,3,0,124.33
ORD-19383,02-09-2023,04-09-2023,Anna Rodriguez,Consumer,Central,Furniture,Chairs,605.52,1,0.3,112.35
ORD-14219,06-09-2022,13-09-2022,Nina Rodriguez,Corporate,West,Furniture,Furnishings,214.52,1,0.1,-5.56
ORD-17639,04-11-2023,06-11-2023,Wei Lee,Consumer,Central,Furniture,Tables,486.33,5,0.4,-143.35
ORD-14365,08-11-2024,12-11-2024,Linda Walker,Corporate,West,Office Supplies,Envelopes,455.52,3,0.1,52.89
ORD-16085,04-06-2024,07-06-2024,John Smith,Corporate,Central,Office Supplies,Paper,39.02,2,0.3,-0.01
ORD-19110,16-12-2024,18-12-2024,Carlos Johnson,Corporate,Central,Furniture,Tables,1086.84,3,0.15,-357.68
ORD-11391,11-09-2023,12-09-2023,Anna Chen,Corporate,Central,Office Supplies,Art,1041.72,6,0,169.25
ORD-11818,22-04-2023,24-04-2023,Tom Walker,Corporate,South,Office Supplies,Labels,860.32,4,0,11
ORD-12986,17-05-2022,24-05-2022,Wei Clark,Consumer,South,Furniture,Furnishings,893.48,1,0.2,156.58
ORD-15467,21-02-2024,26-02-2024,Tom Lee,Consumer,West,Office Supplies,Storage,25.16,1,0.1,5.58
ORD-12794,25-06-2024,29-06-2024,Grace Garcia,Home Office,East,Office Supplies,Envelopes,417.72,6,0,34.36
ORD-18257,02-10-2022,03-10-2022,Tom Johnson,Home Office,Central,Office Supplies,Art,446.52,4,0.15,50.36
ORD-12387,03-12-2023,04-12-2023,Anna Chen,Consumer,East,Furniture,Tables,138.5,3,0.3,-0.96
ORD-18332,12-11-2023,13-11-2023,Wei Young,Corporate,South,Furniture,Furnishings,775.54,1,0.1,-62.01
ORD-19071,21-08-2024,25-08-2024,Mohammed Garcia,Consumer,Central,Technology,Machines,208.26,2,0.1,-24.15
ORD-19584,03-09-2024,05-09-2024,Linda Rodriguez,Consumer,East,Technology,Machines,4373.71,2,0.1,340.68
ORD-18492,02-01-2023,06-01-2023,Priya Lewis,Home Office,East,Technology,Accessories,1123.51,1,0.3,129.53
ORD-14920,11-03-2022,14-03-2022,Grace Patel,Consumer,East,Office Supplies,Labels,35.92,1,0.3,-1.82
ORD-11312,08-02-2023,10-02-2023,Linda Johnson,Consumer,West,Office Supplies,Paper,123.75,1,0.15,24.56
ORD-14989,23-07-2024,30-07-2024,James Patel,Consumer,Central,Furniture,Tables,990.72,3,0.4,-149.57
ORD-19149,17-11-2024,21-11-2024,Tom Garcia,Corporate,West,Furniture,Furnishings,2579.28,3,0.2,-288.02
ORD-14315,07-04-2023,14-04-2023,David Lewis,Consumer,East,Technology,Copiers,1435.87,4,0.4,-132.86
ORD-14455,10-07-2022,11-07-2022,Fatima Garcia,Home Office,South,Technology,Accessories,2789.69,6,0.1,-294.97
ORD-14275,12-08-2024,13-08-2024,Maria Garcia,Consumer,East,Office Supplies,Envelopes,246.84,2,0,31.86
ORD-15086,19-06-2023,23-06-2023,David Lee,Consumer,Central,Technology,Accessories,492.59,3,0.1,37.31
ORD-10641,12-05-2023,14-05-2023,Linda Johnson,Consumer,South,Office Supplies,Storage,10.12,1,0,1.58
ORD-12301,01-01-2023,03-01-2023,Grace Lee,Corporate,East,Office Supplies,Art,197.84,2,0.2,34.91
ORD-17328,14-10-2023,18-10-2023,David Davis,Consumer,East,Office Supplies,Storage,140.62,1,0,26.88
ORD-17965,19-05-2022,23-05-2022,Carlos Johnson,Consumer,West,Office Supplies,Storage,238.99,1,0,61.51
ORD-15080,26-10-2024,30-10-2024,John Lee,Corporate,West,Furniture,Tables,1998.74,2,0.15,-99.34
ORD-10458,03-08-2022,06-08-2022,David Johnson,Home Office,South,Office Supplies,Storage,57.1,1,0,19.43
ORD-17804,01-08-2023,04-08-2023,,Consumer,Central,Office Supplies,Art,165.74,1,0.15,39.43
ORD-12684,22-11-2023,27-11-2023,Maria Clark,Corporate,East,Furniture,Furnishings,1287.48,3,0,104.4
ORD-16295,05-11-2023,10-11-2023,Mohammed Clark,Consumer,East,Office Supplies,Envelopes,329.71,2,0.1,41.54
ORD-15937,26-07-2022,28-07-2022,Sara Johnson,Consumer,East,Technology,Machines,1928.16,3,0.2,152.87
ORD-16325,27-09-2023,29-09-2023,Kevin Young,Consumer,West,Technology,Machines,783.96,1,0,141.38
ORD-17777,10-10-2023,12-10-2023,John Garcia,Home Office,west,Technology,Machines,2312.23,1,0,272.34
ORD-16378,22-10-2024,23-10-2024,James Patel,Consumer,West,Office Supplies,Envelopes,358.58,2,0.2,44.57
ORD-19086,11-08-2022,18-08-2022,Wei Khan,Consumer,East,Office Supplies,Labels,93.47,1,0.1,20.82
ORD-12863,09-04-2023,11-04-2023,Anna Walker,Consumer,Central,Furniture,Tables,796.42,3,0.1,0.54
ORD-13606,18-04-2022,19-04-2022,Anna Lee,Consumer,West,Furniture,Bookcases,939.63,3,0.1,194.64
ORD-17234,09-03-2024,11-03-2024,Carlos Johnson,Consumer,Central,Technology,Phones,1334.11,1,0.1,269.31
ORD-12587,12-05-2022,14-05-2022,Sara Wilson,Consumer,East,Office Supplies,Labels,821.08,4,0,256.03
ORD-10870,15-11-2023,19-11-2023,Grace Brown,Consumer,East,Office Supplies,Art,71.62,1,0.3,2.83
ORD-15384,08-12-2022,10-12-2022,Fatima Khan,Consumer,Central,Furniture,Chairs,763.66,1,0.3,-253.93
ORD-14080,04-09-2023,11-09-2023,Anna Clark,Corporate,Central,Office Supplies,Art,303.79,2,0.15,5.83
ORD-16427,05-12-2023,07-12-2023,John Young,Consumer,Central,Office Supplies,Envelopes,69.87,1,0.1,14.6
ORD-14114,23-12-2022,26-12-2022,Priya Chen,Home Office,West,Office Supplies,Binders,107,1,0,20.49
ORD-15363,12-07-2023,17-07-2023,Carlos Young,Corporate,East,Office Supplies,Labels,311.37,3,0,142.19
ORD-15176,08-03-2022,12-03-2022,John Lee,Consumer,West,Office Supplies,Binders,91.31,1,0.1,20.01
ORD-16784,06-12-2023,09-12-2023,Linda Walker,Consumer, East ,Office Supplies,Art,465.14,2,0,53.85
ORD-17622,25-07-2022,01-08-2022,Anna Brown,Consumer,Central,Technology,Copiers,1559.71,1,0.2,81.33
ORD-11154,15-10-2024,18-10-2024,Fatima Lee,Corporate,West,Office Supplies,Envelopes,340.11,2,0.2,41.52
ORD-12920,07-12-2022,09-12-2022,Priya Brown,Corporate,East,Technology,Machines,3070.88,2,0.15,-112.21
ORD-19251,18-01-2023,21-01-2023,Anna Khan,Home Office,West,Office Supplies,Art,93.41,1,0.2,16.28
ORD-14055,01-10-2023,02-10-2023,Fatima Davis,Consumer,South,Technology,Phones,1732.23,1,0.1,310.21
ORD-12399,20-09-2022,22-09-2022,Tom Martinez,Corporate,West,Furniture,Furnishings,975.5,2,0,-270.37
ORD-10521,07-08-2023,09-08-2023,Kevin Patel,Consumer,East,Office Supplies,Envelopes,117.87,1,0,31.85
ORD-17825,10-12-2023,12-12-2023,Nina Johnson,Corporate,East,Furniture,Chairs,963.82,1,0,21.65
ORD-13673,20-06-2024,25-06-2024,David Martinez,Corporate,East,Technology,Copiers,11156.95,5,0,-440.26
ORD-12590,14-12-2023,19-12-2023,Mohammed Garcia,Corporate,West,Office Supplies,Envelopes,206.46,1,,22.77
ORD-11925,14-07-2023,16-07-2023,Mohammed Johnson,Home Office,West,Furniture,Furnishings,3250.4,4,0,-917.77
ORD-19098,12-06-2023,13-06-2023,Sara Garcia,Consumer,West,Technology,Machines,1744.95,1,0,324.92
ORD-11039,07-10-2024,10-10-2024,Tom Garcia,Consumer,Central,Office Supplies,Labels,194.63,1,0.1,26.78
ORD-17195,25-11-2023,27-11-2023,Anna Patel,Home Office,West,Technology,Machines,4640.12,2,0,228.83
ORD-15443,01-08-2022,05-08-2022,Fatima Rodriguez,Consumer,Central,Technology,Machines,1037.99,1,0.2,158.25
ORD-13496,26-07-2023,31-07-2023,Grace Lee,Consumer,Central,Technology,Machines,720.61,3,0.3,-180.78
ORD-19180,05-02-2022,06-02-2022,Nina Khan,Consumer,West,Office Supplies,Paper,283.26,3,0,54.53
ORD-14386,05-09-2023,09-09-2023,Linda Walker,Home Office,East,Furniture,Bookcases,1709.86,2,0,-11.64
ORD-18599,16-04-2024,18-04-2024,John Young,Consumer,Central,Office Supplies,Storage,741.88,4,0,114.73
ORD-10276,15-10-2023,18-10-2023,Nina Brown,Consumer,Central,Office Supplies,Art,100.69,1,0.15,19.27
ORD-10945,17-12-2024,24-12-2024,Carlos Patel,Home Office,East,Furniture,Furnishings,523.63,2,0.15,-141.81
ORD-18914,16-08-2024,18-08-2024,James Smith,Corporate,East,Office Supplies,Storage,753.4,4,0,92.97
ORD-11787,09-08-2024,10-08-2024,Linda Patel,Consumer,Central,Office Supplies,Binders,175.08,2,0.15,22.2
ORD-13143,14-01-2022,17-01-2022,Maria Smith,Consumer,East,Office Supplies,Art,134.46,3,0.3,24.33
ORD-13907,06-11-2023,11-11-2023,Fatima Young,Consumer,West,Office Supplies,Binders,139.92,1,0.2,28.48
ORD-18003,05-03-2024,09-03-2024,Kevin Young,Corporate,East,Office Supplies,Art,554.81,4,0.15,-23.66
ORD-11157,13-09-2022,14-09-2022,Mohammed Clark,Home Office,West,Office Supplies,Paper,74.34,1,0.1,7.82
ORD-14663,07-12-2022,12-12-2022,Kevin Rodriguez,Corporate,Central,Furniture,Furnishings,1861.64,2,0,101.19
ORD-17711,25-05-2024,26-05-2024,Wei Smith,Consumer,West,Furniture,Furnishings,150.89,2,0.15,-41.66
ORD-11791,18-08-2024,25-08-2024,Fatima Garcia,Consumer,Central,Office Supplies,Envelopes,283.77,3,0,-5.21
ORD-15499,25-07-2024,30-07-2024,John Martinez,Consumer,East,Office Supplies,Binders,117.03,2,0.15,11.39
ORD-11229,15-12-2022,20-12-2022,Anna Martinez,Corporate,Central,Office Supplies,Art,163.72,2,0.4,-11.84
ORD-16123,23-06-2022,28-06-2022,Anna Brown,Corporate,South,Technology,Machines,1583.93,3,0.1,78.28
ORD-13977,02-05-2023,06-05-2023,Grace Lee,Home Office,East,Office Supplies,Labels,150.11,1,0.3,-8.61
ORD-19432,26-04-2022,29-04-2022,John Garcia,Consumer,East,Office Supplies,Storage,80.73,1,0.15,11.55
ORD-11023,27-10-2024,28-10-2024,Tom Walker,Corporate,South,Office Supplies,Binders,114.18,2,0,21.08
ORD-18905,15-10-2024,18-10-2024,Nina Rodriguez,Home Office,West,Office Supplies,Paper,723.83,5,0.3,45.63
ORD-13236,07-08-2022,08-08-2022,Kevin Rodriguez,Consumer,West,Office Supplies,Storage,167.76,1,0.1,45
ORD-14972,13-08-2023,15-08-2023,Sara Rodriguez,Corporate,West,Furniture,Bookcases,600.4,5,0.15,-47.89
ORD-17272,09-02-2024,10-02-2024,John Lewis,Consumer,South,Office Supplies,Paper,644.8,5,0.3,91.71
ORD-17756,09-09-2024,13-09-2024,John Brown,Corporate,West,Furniture,Chairs,1333.07,2,0.15,-205.5
ORD-16390,17-11-2023,22-11-2023,Tom Garcia,Home Office,West,Furniture,Tables,2567.73,3,0,272.57
ORD-16870,26-03-2022,28-03-2022,Wei Khan,Home Office,East,Technology,Copiers,2567.68,2,0.1,858.39
ORD-14779,18-08-2024,19-08-2024,Kevin Young,Consumer,West,Technology,Copiers,199.12,1,0.1,33.14
ORD-11521,08-02-2024,09-02-2024,Carlos Smith,Consumer,East,Office Supplies,Storage,431.02,3,0.3,22.65
ORD-14247,12-10-2023,17-10-2023,John Walker,Consumer,South,Office Supplies,Binders,300.58,3,0.5,-22.9
ORD-14755,18-11-2023,21-11-2023,Linda Rodriguez,Corporate,Central,Office Supplies,Labels,661.99,3,0.1,159.05
ORD-19335,07-03-2022,11-03-2022,Grace Lee,Home Office,East,Office Supplies,Labels,396.75,2,0.15,66.32
ORD-18033,21-05-2022,25-05-2022,Anna Martinez,Corporate,Central,Technology,Accessories,8816.71,5,0.15,151.22
ORD-13179,20-05-2022,21-05-2022,Wei Clark,Consumer,East,Office Supplies,Storage,199.92,2,0.5,-41.17
ORD-15912,05-10-2022,12-10-2022,Mohammed Johnson,Consumer,East,Office Supplies,Art,93.89,2,0.15,11.53
ORD-10843,16-11-2022,18-11-2022,Priya Lewis,Home Office,West,Technology,Phones,7436.52,3,0,924.67
ORD-16049,15-05-2022,19-05-2022,Nina Clark,Consumer,South,Office Supplies,Labels,679.96,5,0.15,124.53
ORD-15640,15-09-2023,19-09-2023,John Garcia,Home Office,South,Office Supplies,Paper,306.24,2,0,76.88
ORD-18750,25-11-2022,30-11-2022,Carlos Martinez,Consumer,Central,Office Supplies,Labels,13.69,3,0.3,-1.21
ORD-16095,09-11-2024,10-11-2024,Linda Patel,Corporate,East,Office Supplies,Art,184.9,1,0.1,23.26
ORD-15529,15-08-2024,18-08-2024,David Wilson,Consumer,South,Office Supplies,Binders,75.83,1,0.1,23.1
ORD-14747,17-08-2022,20-08-2022,Wei Khan,Consumer,West,Office Supplies,Art,85.84,1,0.1,5.26
ORD-11407,10-06-2024,11-06-2024,Anna Khan,Consumer,East,Furniture,Furnishings,525.2,1,0.2,-56.48
ORD-10213,17-05-2022,20-05-2022,Nina Rodriguez,Consumer,East,Office Supplies,Paper,71.65,1,0.4,4.39
ORD-15460,26-11-2023,30-11-2023,Tom Rodriguez,Home Office,West,Office Supplies,Labels,278.14,4,0.2,24.11
ORD-18133,20-08-2022,21-08-2022,David Lewis,Consumer,West,Furniture,Tables,84.53,2,0.2,-13.15
ORD-12738,26-05-2022,29-05-2022,Priya Davis,Consumer,Central,Furniture,Chairs,1570.61,4,0.1,405.4
ORD-15984,26-04-2023,27-04-2023,James Martinez,Consumer,East,Office Supplies,Binders,39.68,1,0,3.65
ORD-16514,01-08-2024,02-08-2024,Mohammed Martinez,Consumer,East,Furniture,Bookcases,677.88,1,0.3,93.69
ORD-13639,01-06-2022,03-06-2022,Tom Wilson,Consumer,South,Technology,Phones,939.74,1,0.15,-13.8
ORD-18882,03-06-2024,04-06-2024,Grace Lewis,Corporate,Central,Technology,Copiers,11798.85,5,0,5336.02
ORD-12596,19-01-2024,26-01-2024,David Walker,Consumer,East,Office Supplies,Storage,151.78,1,0.3,-11.75
ORD-14761,08-12-2023,10-12-2023,Sara Davis,Corporate,West,Technology,Copiers,241.75,1,0.4,-41.82
ORD-17179,05-01-2022,06-01-2022,Grace Davis,Home Office,East,Office Supplies,Storage,658.96,3,0.1,82.77
ORD-12909,18-12-2024,22-12-2024,Maria Lewis,Consumer,East,Furniture,Tables,2804.08,4,0.15,-1028.17
ORD-19322,03-09-2022,08-09-2022,Kevin Lewis,Corporate,west,Technology,Accessories,8839.68,5,0.2,1187.54
ORD-17363,09-08-2024,11-08-2024,Kevin Young,Consumer,East,Technology,Machines,1689.13,1,0,231.52
ORD-16130,15-11-2023,17-11-2023,David Brown,Corporate,Central,Office Supplies,Storage,488.32,5,0.15,9.61
ORD-11989,27-02-2024,28-02-2024,Grace Wilson,Consumer,Central,Technology,Copiers,2361.37,2,0.1,173.59
ORD-13553,21-01-2022,26-01-2022,Anna Davis,Corporate,West,Office Supplies,Envelopes,293.4,4,0.5,-59.76
ORD-16938,01-01-2022,04-01-2022,Nina Brown,Corporate,East,Office Supplies,Art,64.6,1,0.1,20.32
ORD-12302,10-12-2024,15-12-2024,Sara Garcia,Home Office,West,Technology,Accessories,6430.13,3,0.1,133.63
ORD-18935,16-05-2022,20-05-2022,Mohammed Davis,Home Office,West,Office Supplies,Art,160.44,2,0,-7.41
ORD-14344,16-08-2024,19-08-2024,Priya Khan,Corporate,West,Technology,Phones,2268.84,3,0.15,-230.21
ORD-12699,21-11-2022,25-11-2022,Maria Khan,Consumer,Central,Office Supplies,Art,418.48,2,0,113.07
ORD-15279,12-09-2023,14-09-2023,Tom Lee,Consumer,West,Furniture,Bookcases,2340.14,3,0.1,215.41
ORD-18013,08-07-2024,09-07-2024,Kevin Khan,Home Office,Central,Furniture,Chairs,371.17,1,0.3,-181.34
ORD-13814,24-04-2024,27-04-2024,James Garcia,Consumer,East,Technology,Machines,3750.61,2,0.2,-1075.3
ORD-16545,06-11-2023,08-11-2023,Anna Davis,Consumer,West,Furniture,Bookcases,2627.84,4,0,-1009.08
ORD-10942,18-05-2022,22-05-2022,Linda Walker,Consumer,East,Technology,Accessories,507.27,1,0.5,-7.82
ORD-12778,05-06-2024,08-06-2024,Kevin Patel,Consumer,West,Furniture,Furnishings,687,2,0.15,-53.54
ORD-17648,10-06-2022,15-06-2022,Anna Clark,Consumer,East,Office Supplies,Storage,421.86,4,0.2,0.76
ORD-16333,07-12-2023,11-12-2023,,Consumer,East,Office Supplies,Labels,50.02,2,0.2,0.43
ORD-10656,15-10-2022,19-10-2022,Tom Martinez,Corporate,West,Office Supplies,Art,86.3,1,0.3,12.16
ORD-17581,08-06-2022,09-06-2022,Priya Chen,Consumer,East,Furniture,Bookcases,1559.78,3,0.15,-128.98
ORD-14842,26-09-2023,30-09-2023,Carlos Martinez,Consumer,East,Office Supplies,Binders,120.13,1,0,22.1
ORD-17266,05-05-2024,09-05-2024,John Patel,Consumer,East,Office Supplies,Paper,235.36,2,0.15,-3.96
ORD-13626,23-09-2023,26-09-2023,Kevin Young,Consumer,West,Furniture,Tables,1883.95,4,0.1,304.58
ORD-18235,17-09-2022,24-09-2022,John Garcia,Home Office,West,Office Supplies,Binders,475.08,2,0,57.43
ORD-16961,11-04-2023,13-04-2023,Tom Lee,Corporate,Central,Office Supplies,Art,173.48,2,0.15,23.24
ORD-19078,01-09-2024,02-09-2024,David Lee,Consumer,West,Office Supplies,Labels,75.53,1,0.3,9.99
ORD-11769,11-03-2023,13-03-2023,David Johnson,Home Office,east,Office Supplies,Paper,146.2,1,0.3,-15.87
ORD-10008,19-07-2023,20-07-2023,Linda Johnson,Consumer,Central,Office Supplies,Envelopes,105.68,3,0.1,34.06
ORD-16182,03-06-2024,08-06-2024,Tom Clark,Corporate,West,Office Supplies,Storage,142.06,3,0.15,27.48
ORD-15011,15-11-2022,18-11-2022,Grace Davis,Consumer,West,Office Supplies,Paper,496.23,3,0.1,113.6
ORD-15478,08-03-2024,10-03-2024,Linda Chen,Consumer,East,Office Supplies,Paper,163.63,2,0.2,30.28
ORD-12705,19-11-2024,26-11-2024,Wei Johnson,Consumer,West,Office Supplies,Storage,30.17,1,0,3.09
ORD-14286,25-04-2022,26-04-2022,,Home Office,East,Office Supplies,Labels,16.66,1,0,2.86
ORD-13979,11-03-2022,12-03-2022,Priya Brown,Consumer,South,Office Supplies,Storage,64.98,1,0.15,21.24
ORD-11899,02-09-2023,06-09-2023,Mohammed Garcia,Corporate,West,Furniture,Tables,958.69,1,0,-296.41
ORD-17545,13-03-2024,16-03-2024,Sara Patel,Corporate,Central,Office Supplies,Art,978.32,4,0,348.02
ORD-15178,26-11-2023,27-11-2023,Wei Young,Corporate,West,Office Supplies,Art,382.38,3,0,152.91
ORD-10080,26-06-2024,28-06-2024,Linda Chen,Consumer,West,Office Supplies,Labels,347.32,2,0,93.77
ORD-15417,04-04-2023,06-04-2023,Mohammed Davis,Home Office,West,Office Supplies,Storage,217.92,1,0,57.7
ORD-13291,06-07-2022,09-07-2022,Carlos Smith,Consumer,East,Office Supplies,Storage,332.32,2,0.2,23.52
ORD-13483,10-07-2024,11-07-2024,Sara Lee,Corporate,Central,Technology,Copiers,952.17,1,0.15,74.56
ORD-19320,03-11-2022,06-11-2022,Mohammed Johnson,Consumer,East,Office Supplies,Paper,15.87,1,0.3,-3.09
ORD-11442,16-12-2022,18-12-2022,Kevin Khan,Corporate,West,Technology,Accessories,1475.66,2,0.2,120.42
ORD-14706,01-09-2022,02-09-2022,Mohammed Patel,Consumer,East,Office Supplies,Paper,129.01,1,,11.55
ORD-19669,18-10-2023,25-10-2023,John Walker,Corporate, West ,Furniture,Bookcases,1150.02,4,0.15,-407.52
ORD-12628,20-09-2022,24-09-2022,Grace Khan,Corporate,East,Office Supplies,Binders,80.07,3,0,20.87
ORD-10094,27-10-2022,31-10-2022,Maria Patel,Home Office,East,Technology,Accessories,1761.05,1,0.2,166.32
ORD-12557,16-09-2022,17-09-2022,Wei Lewis,Corporate,Central,Technology,Phones,497.71,2,0.5,-143.77
ORD-10748,23-02-2022,26-02-2022,John Martinez,Corporate,Central,Furniture,Bookcases,873.59,1,0,75.65
ORD-13267,24-01-2022,26-01-2022,John Garcia,Consumer,Central,Office Supplies,Paper,289.35,5,0.4,-29.41
ORD-11910,21-09-2024,25-09-2024,Tom Lee,Home Office,East,Office Supplies,Paper,28.07,1,0,5.87
ORD-17758,23-09-2022,25-09-2022,John Khan,Consumer,West,Technology,Machines,3705.16,6,0.3,258.28
ORD-19344,14-06-2023,15-06-2023,Priya Young,Consumer,East,Office Supplies,Envelopes,298.15,2,0.4,-14.16
ORD-17263,07-09-2024,08-09-2024,Fatima Johnson,Corporate,West,Office Supplies,Envelopes,130.07,2,0.15,20.54
ORD-11041,17-04-2022,22-04-2022,Linda Martinez,Consumer,Central,Office Supplies,Art,90.27,1,0.5,0.46
ORD-14802,04-10-2024,07-10-2024,,Consumer,East,Office Supplies,Labels,1062.46,5,0.15,30.15
ORD-19550,20-07-2022,25-07-2022,Sara Walker,Corporate,West,Furniture,Tables,2257,3,0.15,-70.94
ORD-15552,24-10-2022,29-10-2022,Grace Garcia,Corporate,East,Furniture,Chairs,5745.02,6,0.2,-815.83
ORD-16713,19-09-2022,22-09-2022,Priya Khan,Consumer,East,Office Supplies,Labels,56.1,2,0.15,7.72
ORD-14370,07-07-2023,12-07-2023,Maria Clark,Consumer,West,Office Supplies,Storage,424,2,0,125.01
ORD-16967,15-01-2023,17-01-2023,Linda Rodriguez,Consumer,West,Office Supplies,Paper,93.73,2,0.5,-9.58
ORD-18124,27-09-2023,01-10-2023,Nina Clark,Consumer,West,Technology,Copiers,1465.12,4,0,-10.75
ORD-15419,14-10-2022,18-10-2022,John Young,Consumer,West,Technology,Copiers,993.86,1,0.5,-448.42
ORD-12360,15-09-2023,16-09-2023,Maria Lewis,Corporate,West,Office Supplies,Labels,672.16,4,0,102.35
ORD-17964,22-06-2022,25-06-2022,Linda Wilson,Consumer,West,Technology,Phones,2008.6,2,0,213.95
ORD-14488,22-04-2024,26-04-2024,Mohammed Rodriguez,Corporate,West,Technology,Copiers,1823.71,2,0.2,-63.19
ORD-11854,14-08-2022,18-08-2022,Carlos Khan,Corporate,West,Technology,Accessories,1479.21,1,0.2,16.33
ORD-16859,01-11-2022,02-11-2022,Wei Smith,Corporate,East,Office Supplies,Art,16.45,2,0.1,2.41
ORD-10723,18-08-2023,19-08-2023,Priya Khan,Corporate,West,Office Supplies,Art,65.58,2,0.2,1.85
ORD-14484,07-07-2024,14-07-2024,Grace Wilson,Consumer,West,Technology,Machines,2584.76,2,0.1,703.91
ORD-17901,09-12-2022,12-12-2022,Grace Garcia,Corporate,West,Office Supplies,Storage,427.69,4,0.15,80.63
ORD-13087,10-12-2022,12-12-2022,Kevin Walker,Consumer,South,Technology,Copiers,1228.44,3,0,444.93
ORD-11180,16-11-2022,19-11-2022,Sara Young,Consumer,South,Office Supplies,Storage,233.92,2,0.4,4.99
ORD-16282,11-06-2023,16-06-2023,Mohammed Chen,Consumer,West,Office Supplies,Paper,472.92,3,0.15,113.97
ORD-17974,18-12-2022,19-12-2022,Mohammed Khan,Consumer,East,Technology,Machines,4601.69,3,0.2,1784.78
ORD-12766,24-08-2022,31-08-2022,Sara Wilson,Consumer,South,Office Supplies,Art,1194.95,5,0,233.89
ORD-17916,20-11-2023,23-11-2023,Nina Walker,Corporate,South,Office Supplies,Envelopes,183.8,1,0.15,13
ORD-16596,21-11-2024,23-11-2024,Grace Smith,Consumer,West,Technology,Copiers,4706.14,2,0,1516.11
ORD-17526,10-06-2023,12-06-2023,Kevin Khan,Home Office,Central,Technology,Machines,1353.49,3,0.15,117.44
ORD-13791,15-08-2022,19-08-2022,Maria Khan,Consumer,West,Technology,Accessories,3653.96,2,0,1374.63
ORD-13580,25-05-2023,27-05-2023,Wei Lee,Home Office, Central ,Office Supplies,Storage,68.99,2,0.1,10.66
ORD-13244,20-11-2024,21-11-2024,Maria Brown,Home Office,East,Technology,Phones,1668.45,2,0.15,567.26
ORD-17834,16-12-2023,18-12-2023,David Johnson,Corporate,West,Office Supplies,Binders,145,1,0,31.45
ORD-16293,05-06-2024,07-06-2024,,Corporate,Central,Furniture,Chairs,1418.16,6,0,-239.71
ORD-10244,02-09-2023,04-09-2023,Anna Rodriguez,Corporate,East,Technology,Phones,2429.46,2,0.1,225.66
ORD-12864,10-10-2023,12-10-2023,Wei Young,Corporate,South,Office Supplies,Envelopes,112.82,1,0,20.96
ORD-16685,08-03-2023,09-03-2023,Linda Walker,Corporate,South,Office Supplies,Labels,19.8,1,0.15,4.91
ORD-14926,06-05-2023,09-05-2023,Sara Young,Home Office,West,Technology,Phones,3159.76,3,0.4,-759.63
ORD-12454,12-10-2024,14-10-2024,Nina Lewis,Corporate,East,Technology,Phones,1706.75,1,0,-148.44
ORD-18186,01-03-2023,02-03-2023,Wei Chen,Corporate,East,Office Supplies,Binders,178.64,2,0.3,7.46
ORD-14569,22-08-2023,23-08-2023,Kevin Rodriguez,Consumer, West ,Technology,Machines,980.52,1,0.5,-242.84
ORD-14382,26-03-2023,31-03-2023,Tom Patel,Corporate,Central,Technology,Phones,5240.87,4,0.3,1040.05
ORD-13576,03-01-2024,06-01-2024,Linda Martinez,Consumer,West,Office Supplies,Art,231.01,2,0.1,65.94
ORD-15445,23-10-2022,25-10-2022,Carlos Lewis,Home Office,Central,Office Supplies,Art,226.92,2,0,58.67
ORD-19450,26-03-2024,30-03-2024,Priya Martinez,Home Office,Central,Technology,Copiers,2297.56,2,0,331.83
ORD-10922,06-04-2024,08-04-2024,Mohammed Martinez,Consumer,West,Technology,Phones,12384.38,6,0.15,-2483.21
ORD-12418,08-03-2024,10-03-2024,David Johnson,Corporate,East,Furniture,Tables,3046.4,4,0.3,744.49
ORD-11090,13-11-2022,20-11-2022,David Rodriguez,Consumer,South,Office Supplies,Envelopes,455.72,5,0.2,20.11
ORD-15957,19-07-2024,23-07-2024,Carlos Clark,Consumer,Central,Office Supplies,Binders,586.47,3,0,31.44
ORD-17158,15-06-2024,20-06-2024,Priya Clark,Consumer,East,Office Supplies,Labels,375.82,2,0.2,74.68
ORD-15449,20-11-2023,27-11-2023,Mohammed Johnson,Home Office,Central,Technology,Copiers,4146.18,2,0,993.93
ORD-18795,19-08-2022,20-08-2022,Carlos Khan,Home Office,South,Office Supplies,Binders,76.62,1,0.5,-5.91
ORD-18656,16-11-2023,19-11-2023,Grace Young,Home Office,West,Furniture,Chairs,461.65,1,0.2,48.85
ORD-14407,14-06-2022,15-06-2022,Wei Smith,Corporate,Central,Office Supplies,Storage,261.15,5,0.5,-26.74
ORD-14893,17-10-2024,19-10-2024,Priya Garcia,Consumer,East,Technology,Accessories,1130.48,2,0,3.56
ORD-17231,06-12-2023,08-12-2023,Kevin Lewis,Corporate,South,Furniture,Bookcases,1077.73,2,0.3,49.28
ORD-15341,02-10-2022,03-10-2022,Maria Lee,Home Office,South,Office Supplies,Binders,87.48,1,0.3,12.13
ORD-14027,04-05-2022,05-05-2022,Priya Patel,Consumer,Central,Office Supplies,Envelopes,765.8,5,0,119.57
ORD-15917,13-10-2022,14-10-2022,Wei Patel,Home Office,West,Furniture,Bookcases,3557.41,6,0.1,-718.96
ORD-18344,06-05-2023,11-05-2023,Linda Smith,Consumer,Central,Office Supplies,Envelopes,222.96,2,0.15,48.8
ORD-19089,10-07-2023,13-07-2023,Kevin Rodriguez,Corporate,Central,Office Supplies,Labels,631.46,4,0.2,162.5
ORD-17525,15-04-2024,19-04-2024,Priya Rodriguez,Corporate,East,Technology,Machines,607.48,1,0,219.31
ORD-11977,06-10-2023,08-10-2023,Tom Garcia,Home Office,West,Furniture,Furnishings,505.66,1,0,-42.32
ORD-12850,22-06-2023,25-06-2023,Maria Johnson,Consumer,East,Office Supplies,Labels,71.62,3,0.5,-2.03
ORD-15149,06-07-2023,11-07-2023,Sara Rodriguez,Home Office,West,Technology,Accessories,150.78,2,0,80.59
ORD-17015,25-06-2022,26-06-2022,John Wilson,Home Office,Central,Office Supplies,Storage,16.63,1,0.1,3.91
ORD-14667,18-05-2023,19-05-2023,James Garcia,Corporate,Central,Furniture,Chairs,157.54,1,0.15,27.82
ORD-10863,21-02-2023,26-02-2023,James Martinez,Corporate,East,Technology,Machines,294.68,2,0.1,29.5
ORD-15219,15-08-2022,18-08-2022,Mohammed Lee,Corporate,West,Office Supplies,Paper,239.38,1,0,33.25
ORD-10335,10-01-2022,13-01-2022,David Patel,Corporate,EAST,Technology,Machines,1950.51,3,0,885.83
ORD-10737,09-11-2022,13-11-2022,James Martinez,Consumer,West,Furniture,Chairs,1497.74,2,0,37.55
ORD-12950,04-08-2022,08-08-2022,Carlos Martinez,Home Office,East,Office Supplies,Storage,41,1,0.3,1.12
ORD-13126,11-04-2022,13-04-2022,Carlos Khan,Consumer,west,Furniture,Furnishings,441.32,2,0,38.49
ORD-13908,10-02-2022,13-02-2022,Maria Johnson,Corporate,West,Technology,Accessories,797.24,2,0.1,314.52
ORD-14228,07-12-2022,09-12-2022,Tom Clark,Home Office,East,Office Supplies,Labels,76.57,2,0.15,9.32
ORD-14006,02-12-2022,05-12-2022,Sara Walker,Home Office,West,Office Supplies,Storage,126.44,1,0.1,-29.86
ORD-16712,14-03-2022,17-03-2022,Kevin Lee,Consumer,East,Office Supplies,Envelopes,3.18,1,0.5,-0.29
ORD-10542,15-05-2023,18-05-2023,Priya Young,Consumer,West,Technology,Copiers,2772.87,5,0.15,1240.19
ORD-12775,26-09-2024,30-09-2024,Tom Patel,Consumer,East,Technology,Accessories,1031.69,3,0.2,212.31
ORD-14601,20-03-2023,21-03-2023,Fatima Clark,Consumer,South,Furniture,Bookcases,3407.28,4,0.15,-1071.7
ORD-19164,22-03-2024,23-03-2024,Nina Patel,Consumer,Central,Office Supplies,Labels,72.1,1,,9.89
ORD-15318,10-09-2024,13-09-2024,David Walker,Consumer,Central,Technology,Machines,3126.99,3,0.5,-584.26
ORD-12554,11-09-2024,13-09-2024,Carlos Wilson,Corporate,Central,Office Supplies,Art,480.72,3,0,108.49
ORD-17380,23-10-2022,25-10-2022,Kevin Khan,Home Office,East,Technology,Phones,8568.34,6,0.2,-771.06
ORD-14660,25-06-2024,28-06-2024,Wei Khan,Corporate,East,Office Supplies,Art,398.9,3,0.1,122.74
ORD-11782,07-06-2022,08-06-2022,Maria Smith,Consumer,West,Technology,Copiers,778.09,3,0.1,-109.41
ORD-11280,02-04-2024,09-04-2024,Fatima Brown,Consumer,EAST,Furniture,Furnishings,4113,5,0.1,58.6
ORD-15414,26-08-2024,28-08-2024,Sara Khan,Home Office,East,Office Supplies,Binders,525.34,4,0.3,10.56
ORD-18747,23-05-2024,27-05-2024,David Garcia,Home Office,Central,Technology,Phones,595.38,3,0,163.68
ORD-12799,13-08-2022,16-08-2022,Tom Rodriguez,Consumer,East,Office Supplies,Art,714.64,5,0.2,-28.98
ORD-17967,20-03-2023,21-03-2023,Linda Clark,Corporate,South,Office Supplies,Art,348.84,2,0,141.21
ORD-10181,20-10-2023,27-10-2023,Fatima Garcia,Corporate,Central,Office Supplies,Binders,295.88,4,0,87.3
ORD-12562,15-09-2023,17-09-2023,Grace Smith,Consumer,South,Technology,Machines,3213.68,2,0.15,792.39
ORD-10100,19-12-2024,21-12-2024,Linda Young,Consumer,South,Technology,Accessories,1310.55,1,0.3,98.77
ORD-15153,18-02-2024,23-02-2024,John Patel,Corporate,West,Technology,Phones,2491.37,3,0.2,423.41
ORD-15698,09-08-2022,13-08-2022,Mohammed Patel,Corporate,South,Office Supplies,Binders,160.52,3,0.3,1.84
ORD-10717,12-12-2022,16-12-2022,Anna Young,Consumer,west,Office Supplies,Art,87.24,1,0.2,17
ORD-14546,13-05-2022,14-05-2022,Anna Smith,Consumer,West,Office Supplies,Envelopes,466.32,2,0,115.17
ORD-12307,27-01-2023,29-01-2023,Kevin Wilson,Home Office,South,Office Supplies,Binders,189.1,1,0.2,-1.8
ORD-16202,09-10-2022,16-10-2022,Linda Smith,Consumer,West,Furniture,Tables,303.91,2,0.3,25.04
ORD-17435,18-07-2023,21-07-2023,Carlos Chen,Consumer,Central,Technology,Accessories,4819.36,4,0.15,601.82
ORD-13164,05-11-2022,07-11-2022,Tom Lewis,Corporate,East,Furniture,Furnishings,499.92,1,0.1,121.69
ORD-16725,18-11-2024,23-11-2024,Priya Martinez,Corporate,East,Furniture,Furnishings,3548.31,3,0,743.13
ORD-14411,20-12-2022,22-12-2022,Mohammed Lewis,Corporate,Central,Technology,Machines,1487.51,1,0.1,247.99
ORD-16412,12-09-2024,13-09-2024,Linda Brown,Consumer,West,Office Supplies,Storage,10.18,2,0,0.12
ORD-11753,04-02-2024,05-02-2024,Sara Davis,Corporate,South,Office Supplies,Paper,397.7,4,0.2,61.11
ORD-14837,27-07-2023,29-07-2023,Mohammed Rodriguez,Home Office,West,Office Supplies,Labels,457.42,6,0.3,19.28
ORD-18158,04-11-2022,07-11-2022,Maria Davis,Consumer,South,Furniture,Tables,1370.08,2,0,36.28
ORD-12725,16-01-2023,21-01-2023,Sara Brown,Corporate,East,Office Supplies,Paper,115.63,1,0.4,-14.28
ORD-14501,13-12-2022,17-12-2022,Anna Rodriguez,Consumer,Central,Technology,Copiers,551.98,1,0.5,5.94
ORD-11015,20-11-2022,24-11-2022,Anna Smith,Home Office,West,Office Supplies,Paper,23.32,1,0.15,-0.02
ORD-11385,17-10-2023,19-10-2023,Wei Smith,Consumer,South,Office Supplies,Binders,292.35,2,0.3,50.92
ORD-14847,13-02-2022,15-02-2022,Mohammed Garcia,Home Office,South,Furniture,Bookcases,1654.93,3,0.3,-505.05
ORD-14570,11-07-2022,14-07-2022,David Johnson,Consumer,South,Furniture,Bookcases,686.22,1,0.1,113.54
ORD-12395,24-08-2024,28-08-2024,Priya Lee,Corporate,Central,Office Supplies,Art,311.9,3,0.2,47.67
ORD-16155,25-04-2023,30-04-2023,John Wilson,Corporate,East,Office Supplies,Art,635.4,5,0,183.65
ORD-12350,10-03-2024,11-03-2024,Kevin Patel,Home Office,Central,Furniture,Chairs,742.53,1,0,-92.06
ORD-13090,07-12-2024,10-12-2024,Sara Lewis,Consumer,East,Technology,Phones,4194.65,4,0.1,-692.66
ORD-14869,04-06-2022,05-06-2022,John Smith,Consumer,West,Office Supplies,Binders,200.12,1,0.15,10.1
ORD-13002,11-02-2024,14-02-2024,Anna Lewis,Home Office,East,Furniture,Bookcases,551.13,1,0.1,103.83
ORD-12726,16-08-2023,19-08-2023,Priya Johnson,Consumer,East,Office Supplies,Art,123.27,1,0.1,12.6
ORD-16403,22-12-2022,23-12-2022,Linda Clark,Home Office,South,Technology,Copiers,899.82,1,0.2,183.5
ORD-12547,09-04-2023,11-04-2023,Fatima Chen,Consumer,East,Office Supplies,Art,367.4,3,0.4,-106.87
ORD-14297,19-11-2024,21-11-2024,James Lee,Consumer,East,Furniture,Tables,431.12,1,0.4,-64.41
ORD-18242,05-05-2024,10-05-2024,Kevin Clark,Home Office,Central,Office Supplies,Envelopes,129.77,1,0.3,-19.12
ORD-12714,25-11-2023,29-11-2023,Anna Lewis,Home Office,West,Technology,Phones,3526.24,3,0.15,11.14
ORD-18596,01-10-2023,06-10-2023,Fatima Lewis,Home Office,West,Office Supplies,Labels,18.67,3,0.15,2.13
ORD-16908,26-07-2024,27-07-2024,Maria Wilson,Consumer,East,Technology,Accessories,3846.73,2,0.15,-324.71
ORD-15481,08-11-2023,09-11-2023,Kevin Young,Corporate,South,Technology,Machines,4631.32,3,0.3,-340.41
ORD-14124,24-09-2023,25-09-2023,James Smith,Consumer,South,Office Supplies,Storage,26.66,2,0,10.93
ORD-12411,06-12-2024,07-12-2024,David Wilson,Consumer,East,Furniture,Furnishings,381.58,2,0,49.88
ORD-15941,10-06-2024,11-06-2024,Wei Garcia,Consumer,South,Technology,Phones,1031.08,1,0.5,-246.86
ORD-14369,05-12-2023,07-12-2023,James Martinez,Consumer,West,Office Supplies,Envelopes,326.8,2,0.2,3.72
ORD-18593,04-12-2023,05-12-2023,Maria Patel,Corporate,West,Furniture,Furnishings,129.61,2,0.4,-8.9
ORD-17022,17-12-2023,21-12-2023,John Davis,Consumer,West,Office Supplies,Paper,1089.15,5,0,376.77
ORD-18806,27-05-2023,03-06-2023,Mohammed Johnson,Consumer,Central,Office Supplies,Labels,147.29,1,0.3,-9.84
ORD-13273,19-12-2022,21-12-2022,Sara Clark,Consumer,South,Office Supplies,Binders,927.04,4,0,237.52
ORD-19115,02-02-2022,04-02-2022,James Smith,Consumer,Central,Technology,Machines,604.14,2,0,-53.69
ORD-19364,18-12-2022,22-12-2022,Wei Chen,Consumer,West,Office Supplies,Paper,229.99,2,0.1,37.89
ORD-13780,27-06-2023,01-07-2023,Fatima Lewis,Consumer,East,Furniture,Tables,1368.68,3,0.1,285.49
ORD-19759,19-10-2022,23-10-2022,James Martinez,Consumer,Central,Technology,Phones,4841.82,5,0.1,721.4
ORD-16619,06-12-2024,08-12-2024,Linda Lee,Corporate,West,Office Supplies,Labels,807.8,5,0.3,-20.9
ORD-17118,26-10-2022,28-10-2022,Maria Clark,Consumer,West,Technology,Copiers,652.74,1,0.1,71.22
ORD-18846,08-10-2022,10-10-2022,Linda Lewis,Home Office,West,Office Supplies,Art,35.88,4,0.4,-0.89
ORD-10121,11-07-2024,13-07-2024,Linda Rodriguez,Corporate,East,Office Supplies,Binders,161.13,2,0.15,18.71
ORD-18200,07-09-2023,09-09-2023,Maria Johnson,Corporate,East,Furniture,Bookcases,508.99,1,0.1,8.62
ORD-17900,01-02-2023,02-02-2023,Fatima Young,Corporate,West,Furniture,Bookcases,912.88,5,0.2,-428.7
ORD-18647,11-12-2024,15-12-2024,Grace Young,Home Office,West,Office Supplies,Paper,323.32,2,0.15,48.72
ORD-10287,07-09-2023,10-09-2023,Tom Walker,Corporate,South,Office Supplies,Binders,174.52,1,0.3,-6.25
ORD-18943,11-11-2023,,Sara Walker,Corporate,West,Office Supplies,Paper,27.25,1,0.1,4.81
ORD-11568,17-10-2022,19-10-2022,Wei Brown,Consumer,East,Furniture,Bookcases,2166.02,2,0,-76.98
ORD-15568,17-02-2022,20-02-2022,Priya Garcia,Home Office,South,Office Supplies,Envelopes,89.68,1,0,10.12
ORD-16590,17-06-2022,19-06-2022,James Smith,Corporate,West,Office Supplies,Storage,136.49,1,0.1,38.95
ORD-14640,16-11-2023,17-11-2023,Priya Martinez,Corporate,East,Technology,Accessories,5533.08,5,0.2,524.19
ORD-12753,26-11-2022,27-11-2022,Sara Khan,Home Office,East,Office Supplies,Labels,670.25,3,0.1,125.65
ORD-11544,22-06-2024,26-06-2024,Mohammed Walker,Corporate,Central,Office Supplies,Labels,291.65,2,0.3,-1.82
ORD-15497,02-11-2023,04-11-2023,Linda Walker,Corporate,Central,Office Supplies,Envelopes,87.95,2,0.2,18.22
ORD-15357,07-09-2023,08-09-2023,Fatima Lee,Consumer,West,Technology,Accessories,2013.24,1,0.15,5.84
ORD-14290,22-06-2024,24-06-2024,Nina Khan,Corporate,West,Office Supplies,Art,442.46,3,0.2,26.77
ORD-12392,22-11-2022,23-11-2022,Mohammed Walker,Consumer,West,Office Supplies,Art,220.49,3,0.2,69.61
ORD-17626,18-06-2023,25-06-2023,Anna Martinez,Corporate,West,Office Supplies,Envelopes,402.6,5,0,97.7
ORD-10015,20-12-2023,23-12-2023,Wei Young,Consumer,East,Technology,Phones,2210.11,1,0,529.22
ORD-14003,21-09-2024,22-09-2024,Anna Chen,Consumer,West,Office Supplies,Art,92.57,1,0,8.61
ORD-18894,10-05-2024,11-05-2024,Linda Lee,Consumer,West,Office Supplies,Labels,292.81,2,0.15,49.95
ORD-17820,23-04-2024,26-04-2024,Maria Khan,Home Office,East,Office Supplies,Labels,27.84,1,0.5,-4.4
ORD-13538,01-08-2023,03-08-2023,Sara Walker,Consumer,Central,Furniture,Tables,56.19,1,0,-10.37
ORD-11167,25-12-2024,26-12-2024,Wei Patel,Consumer,South,Technology,Accessories,990.32,1,0,63.81
ORD-18541,11-12-2023,13-12-2023,Anna Davis,Consumer,West,Office Supplies,Binders,198.75,2,0.5,-12.37
ORD-18019,10-12-2023,11-12-2023,Maria Wilson,Consumer,Central,Technology,Machines,2268.35,3,0.1,-232.63
ORD-10562,16-06-2022,21-06-2022,Kevin Khan,Consumer,west,Technology,Phones,708.27,2,0.15,-77.63
ORD-10975,01-02-2022,08-02-2022,Linda Rodriguez,Corporate,West,Office Supplies,Storage,70.74,2,0,14.11
ORD-10556,27-12-2024,31-12-2024,Sara Lewis,Home Office,West,Office Supplies,Binders,454.68,3,0,101.96
ORD-13405,02-01-2022,05-01-2022,Sara Wilson,Home Office,West,Office Supplies,Labels,598.83,3,0,153.28
ORD-15560,12-12-2022,14-12-2022,Tom Johnson,Consumer,Central,Office Supplies,Paper,87.3,3,0,31.44
ORD-12264,18-06-2022,23-06-2022,James Young,Consumer,South,Technology,Copiers,6442.53,5,0.15,-823.02
ORD-13384,11-11-2024,14-11-2024,Wei Young,Consumer,Central,Office Supplies,Envelopes,948.24,4,0,274.33
ORD-15303,07-01-2022,08-01-2022,Kevin Wilson,Home Office,East,Office Supplies,Paper,109.2,1,0,4.23
ORD-11646,19-07-2022,21-07-2022,Carlos Johnson,Consumer,East,Technology,Accessories,9497.63,6,0.15,-236.78
ORD-16899,03-10-2023,05-10-2023,Grace Rodriguez,Consumer,East,Office Supplies,Art,245.22,2,0.15,36.94
ORD-12675,15-11-2024,18-11-2024,Nina Patel,Consumer,East,Office Supplies,Paper,253.75,2,0.1,46.58
ORD-13620,06-12-2022,09-12-2022,Nina Walker,Consumer,Central,Furniture,Tables,1131.09,1,0,89.28
ORD-12892,02-04-2022,07-04-2022,Maria Martinez,Consumer,East,Furniture,Bookcases,2863.35,3,0,477.59
ORD-15706,05-10-2023,07-10-2023,David Chen,Corporate,Central,Technology,Accessories,5276.59,4,0.1,410.35
ORD-18429,26-09-2023,30-09-2023,John Rodriguez,Consumer,West,Technology,Copiers,3119.51,4,0.3,-244.57
ORD-17465,25-11-2023,02-12-2023,Sara Smith,Corporate,West,Technology,Phones,5750.59,4,0.15,611.61
ORD-12688,19-08-2023,22-08-2023,Tom Smith,Home Office,East,Office Supplies,Storage,900.24,6,0,199.91
ORD-16792,11-11-2022,12-11-2022,Wei Walker,Consumer,East,Technology,Phones,5364.95,5,0.1,1060.43
ORD-13033,12-11-2022,15-11-2022,Grace Rodriguez,Corporate,East,Furniture,Bookcases,502.34,1,0.1,-129.38
ORD-19157,04-09-2023,06-09-2023,Sara Smith,Corporate,East,Technology,Phones,2422.71,1,0,58.82
ORD-13545,17-02-2023,18-02-2023,David Clark,Consumer,East,Technology,Machines,4601.18,4,0.3,-359.41
ORD-19764,08-04-2023,10-04-2023,Priya Walker,Consumer,South,Office Supplies,Paper,99.49,1,0.15,2.3
ORD-19299,07-08-2023,10-08-2023,Carlos Lee,Home Office,West,Office Supplies,Storage,581.31,3,0,122.67
ORD-13621,20-10-2024,25-10-2024,Sara Garcia,Corporate,West,Office Supplies,Art,13.66,1,0.15,2.93
ORD-11152,14-08-2022,15-08-2022,John Wilson,Consumer,East,Office Supplies,Binders,23.99,1,0,9.58
ORD-12588,15-03-2022,17-03-2022,Nina Brown,Corporate,East,Office Supplies,Storage,573.17,5,0.1,26.73
ORD-18780,27-04-2023,29-04-2023,Kevin Wilson,Corporate,West,Office Supplies,Binders,11.35,1,,-2.39
ORD-17681,01-09-2023,02-09-2023,Sara Brown,Home Office,West,Technology,Copiers,2601.63,5,0.1,685.15
ORD-11172,11-04-2024,15-04-2024,Mohammed Walker,Consumer,West,Furniture,Furnishings,482.13,1,0.1,-62.48
ORD-18654,15-01-2022,16-01-2022,David Khan,Consumer,Central,Office Supplies,Art,166.02,1,0,33.34
ORD-14258,18-06-2023,21-06-2023,Nina Garcia,Corporate,East,Office Supplies,Paper,354.59,3,0.1,69.89
ORD-15461,10-08-2023,11-08-2023,Priya Garcia,Home Office,West,Technology,Machines,4147.32,2,0,1576.7
ORD-18785,20-05-2023,21-05-2023,Kevin Lewis,Home Office,East,Office Supplies,Art,56.39,2,0.3,-0.56
ORD-18746,21-03-2024,23-03-2024,Kevin Smith,Consumer,South,Office Supplies,Envelopes,163.95,2,0.3,3.52
ORD-14417,12-02-2022,13-02-2022,Anna Walker,Corporate,Central,Furniture,Tables,252.37,1,0.4,-2.71
ORD-15282,23-05-2024,24-05-2024,Mohammed Khan,Corporate,East,Technology,Copiers,1395.39,1,0,210.44
ORD-18144,18-11-2024,20-11-2024,John Young,Consumer,South,Office Supplies,Binders,151.81,1,,-0.3
ORD-17908,12-03-2023,13-03-2023,David Clark,Consumer,Central,Technology,Machines,985.32,1,0,357.56
ORD-10491,22-04-2023,29-04-2023,Grace Lewis,Home Office,East,Furniture,Bookcases,378.08,2,0.15,-66.09
ORD-10208,09-11-2022,13-11-2022,Kevin Rodriguez,Corporate,South,Furniture,Chairs,749.38,1,0.15,239.58
ORD-15171,08-04-2024,13-04-2024,Sara Smith,Corporate,CENTRAL,Office Supplies,Paper,342.26,2,0.15,23.43
ORD-11411,10-12-2023,11-12-2023,Fatima Khan,Consumer,West,Technology,Accessories,1085.77,1,0,181.93
ORD-10054,11-08-2024,12-08-2024,Linda Wilson,Consumer,Central,Technology,Accessories,1325.54,2,0.5,-206.58
ORD-14930,21-10-2023,25-10-2023,John Davis,Consumer,East,Office Supplies,Paper,260.03,2,0.4,13.33
ORD-10355,05-08-2024,06-08-2024,Carlos Rodriguez,Consumer,South,Technology,Machines,507,6,0,-28.85
ORD-17252,11-12-2024,16-12-2024,Tom Garcia,Consumer,Central,Office Supplies,Paper,316.52,3,0.1,83.01
ORD-19151,24-07-2023,25-07-2023,Mohammed Khan,Consumer,East,Technology,Machines,1378.67,3,0.1,315.8
ORD-14121,10-04-2023,11-04-2023,Carlos Smith,Corporate,Central,Technology,Phones,1356.17,1,0,-177.73
ORD-14886,19-12-2022,23-12-2022,Fatima Wilson,Corporate,West,Technology,Copiers,379.78,2,0.1,105.89
ORD-14777,09-09-2024,14-09-2024,Tom Walker,Home Office,Central,Furniture,Bookcases,1286.85,3,0,61.37
ORD-10948,03-05-2024,06-05-2024,David Rodriguez,Home Office,East,Technology,Accessories,1125.8,1,0,115.51
ORD-11289,11-09-2024,15-09-2024,James Chen,Corporate,Central,Technology,Copiers,2010.85,3,0.1,116.4
ORD-14196,07-10-2022,12-10-2022,David Brown,Consumer,East,Office Supplies,Paper,166.63,2,0.15,27.39
ORD-16696,06-08-2022,09-08-2022,Tom Rodriguez,Home Office,West,Technology,Machines,2664.16,2,0.15,552.76
ORD-18128,01-07-2024,05-07-2024,Anna Young,Corporate,East,Office Supplies,Binders,205.1,3,0.15,20.43
ORD-13283,17-04-2024,22-04-2024,Tom Young,Corporate,Central,Technology,Copiers,3801.17,2,0.15,137.58
ORD-11545,16-12-2024,20-12-2024,John Lewis,Consumer,Central,Furniture,Furnishings,2348.96,4,0.2,-611.88
ORD-12948,13-03-2023,15-03-2023,Kevin Martinez,Consumer,Central,Furniture,Furnishings,2222.33,4,0.3,-677.13
ORD-17869,18-07-2023,19-07-2023,Nina Walker,Corporate, Central ,Technology,Copiers,6447.75,3,0,119.81
ORD-13773,27-08-2024,31-08-2024,John Khan,Corporate,West,Office Supplies,Storage,176.15,3,0.3,-26.37
ORD-11642,22-02-2023,27-02-2023,Anna Walker,Consumer,East,Technology,Phones,1608.71,5,0.1,385.89
ORD-12755,25-02-2023,02-03-2023,Priya Brown,Consumer,West,Office Supplies,Paper,397.15,2,0.1,70.2
ORD-12514,06-07-2022,07-07-2022,Sara Smith,Corporate,West,Technology,Accessories,1685.9,1,0,254.07
ORD-12141,13-11-2023,15-11-2023,Fatima Chen,Consumer,South,Furniture,Chairs,2090.2,4,0,263.49
ORD-14567,02-08-2024,09-08-2024,James Lewis,Home Office,Central,Technology,Copiers,1898.64,1,0,20.26
ORD-19176,16-10-2024,21-10-2024,David Davis,Consumer,West,Furniture,Bookcases,1509.73,6,0.3,-322.05
ORD-16935,13-11-2024,15-11-2024,Maria Chen,Corporate,East,Office Supplies,Art,41.39,1,0.1,6.76
ORD-14562,12-09-2024,15-09-2024,Priya Rodriguez,Consumer,Central,Furniture,Tables,767.65,2,0.4,-59.56
ORD-12584,25-10-2024,26-10-2024,Grace Johnson,Corporate,South,Technology,Accessories,2414.56,6,0.1,745.96
ORD-13644,15-01-2024,20-01-2024,Mohammed Chen,Consumer,East,Office Supplies,Storage,152.08,1,0,31.4
ORD-11055,07-12-2022,12-12-2022,Fatima Walker,Consumer,East,Office Supplies,Art,36.03,1,0,7.39
ORD-11637,24-11-2022,26-11-2022,David Wilson,Corporate,West,Technology,Copiers,4938,6,0,735.7
ORD-17071,11-06-2023,15-06-2023,Carlos Wilson,Home Office,West,Office Supplies,Art,78.02,1,0.3,0.19
ORD-19647,14-10-2024,16-10-2024,Fatima Walker,Home Office,Central,Furniture,Chairs,762.25,1,0.2,-108.67
ORD-15114,12-11-2024,14-11-2024,Grace Johnson,Consumer,Central,Technology,Phones,1568.1,1,0,241.09
ORD-15031,25-12-2022,30-12-2022,Anna Lee,Consumer,West,Furniture,Bookcases,902.23,3,0.4,-346.09
ORD-13415,05-01-2022,06-01-2022,Carlos Khan,Consumer,Central,Office Supplies,Binders,72.91,3,0.3,10.13
ORD-11384,09-10-2023,12-10-2023,Carlos Rodriguez,Consumer,EAST,Office Supplies,Storage,726.53,4,0.2,125.75
ORD-11686,16-05-2023,17-05-2023,David Khan,Home Office, Central ,Technology,Machines,202.89,1,0.15,7.54
ORD-11136,23-07-2022,30-07-2022,Tom Brown,Consumer,Central,Technology,Copiers,13228.11,6,0.1,2021.58
ORD-15332,17-07-2023,24-07-2023,Priya Young,Corporate,Central,Office Supplies,Paper,588.05,5,0,169.93
ORD-15277,13-02-2022,16-02-2022,Tom Patel,Consumer,East,Office Supplies,Labels,19.81,1,0.15,2.26
ORD-11343,22-09-2022,24-09-2022,Tom Lewis,Corporate,South,Office Supplies,Envelopes,21.11,3,0.1,-0.37
ORD-10117,12-08-2024,15-08-2024,James Brown,Consumer,East,Furniture,Tables,507.83,3,0.4,-70.07
ORD-12652,18-08-2023,21-08-2023,Mohammed Brown,Consumer,South,Office Supplies,Art,194.72,4,0.15,26.41
ORD-17933,20-04-2024,22-04-2024,Nina Wilson,Corporate,West,Office Supplies,Art,163.03,2,0.3,1.72
ORD-13753,14-02-2022,15-02-2022,Carlos Wilson,Consumer,Central,Office Supplies,Storage,31.48,1,0.15,2.44
ORD-19268,26-03-2023,31-03-2023,James Rodriguez,Consumer,West,Office Supplies,Art,617.99,3,0.15,62.45
ORD-10384,14-06-2023,16-06-2023,Nina Rodriguez,Consumer,East,Technology,Accessories,418.97,1,0.4,37.49
ORD-16694,04-02-2022,07-02-2022,Sara Patel,Consumer,West,Furniture,Chairs,255.6,1,0.2,50.82
ORD-16288,16-05-2024,19-05-2024,Kevin Chen,Consumer,Central,Office Supplies,Labels,372.15,2,0.15,74.8
ORD-16190,21-12-2023,24-12-2023,Grace Wilson,Home Office,East,Technology,Machines,2268.86,3,0.2,327.24
ORD-19222,27-01-2023,30-01-2023,Tom Lewis,Consumer,West,Office Supplies,Labels,311.22,6,0,55.12
ORD-15396,07-09-2022,08-09-2022,Anna Smith,Consumer,East,Technology,Machines,1080.83,1,0.1,44.65
ORD-18703,21-07-2024,23-07-2024,Sara Lewis,Consumer,East,Office Supplies,Envelopes,130.51,1,0.15,38.93
ORD-14544,19-10-2024,20-10-2024,Maria Wilson,Consumer,East,Office Supplies,Storage,459.42,6,0,115.26
ORD-18352,07-11-2022,08-11-2022,Linda Davis,Consumer,Central,Furniture,Bookcases,899.96,2,0.15,-239.73
ORD-17539,03-12-2024,06-12-2024,Linda Clark,Consumer,East,Technology,Accessories,743.06,1,0.2,119.39
ORD-19029,13-01-2022,14-01-2022,Maria Davis,Consumer,West,Office Supplies,Storage,187.55,2,0.4,7.81
ORD-11896,05-11-2023,08-11-2023,Mohammed Walker,Home Office,West,Technology,Machines,489.74,1,0,193.27
ORD-11414,18-08-2023,20-08-2023,James Clark,Consumer,West,Office Supplies,Envelopes,563.26,4,0.1,73.43
ORD-13788,09-11-2023,13-11-2023,Grace Rodriguez,Corporate,East,Furniture,Tables,3512.54,4,0.2,-277.45
ORD-15464,21-01-2022,23-01-2022,Maria Walker,Corporate,Central,Technology,Copiers,6920.84,4,0,3057.47
ORD-11837,26-04-2022,29-04-2022,John Rodriguez,Consumer,East,Office Supplies,Labels,209.06,1,0,20.27
ORD-16521,23-03-2024,26-03-2024,Carlos Young,Consumer,west,Technology,Phones,3664.71,3,0,1042.99
ORD-18461,15-02-2022,17-02-2022,Sara Lee,Consumer,East,Technology,Copiers,2658.37,2,0.1,26
ORD-14870,24-08-2022,26-08-2022,Anna Clark,Home Office,East,Technology,Phones,1607.42,1,0.2,326.19
ORD-11111,17-03-2024,19-03-2024,David Lewis,Home Office,Central,Office Supplies,Binders,42.4,1,0.4,-7.2
ORD-15769,21-12-2022,23-12-2022,Sara Clark,Consumer,South,Technology,Machines,714.32,1,0,57.61
ORD-15099,01-07-2023,05-07-2023,Priya Khan,Consumer,Central,Office Supplies,Art,201.32,1,0.1,18.89
ORD-13396,20-03-2024,21-03-2024,Kevin Lee,Home Office,Central,Office Supplies,Art,88.76,1,0.2,16.42
ORD-15125,11-07-2023,16-07-2023,Kevin Clark,Consumer,West,Office Supplies,Labels,628.48,4,0,162.27
ORD-11583,24-04-2024,27-04-2024,Kevin Martinez,Home Office,Central,Technology,Copiers,3888.87,3,0,477.69
ORD-14385,01-03-2024,02-03-2024,David Chen,Consumer,West,Office Supplies,Envelopes,111,3,0.15,40.1
ORD-17031,12-11-2024,13-11-2024,Kevin Patel,Corporate,South,Office Supplies,Art,24.37,1,0.1,5.69
ORD-14042,15-02-2024,22-02-2024,Maria Wilson,Home Office,East,Office Supplies,Storage,91.5,2,0.3,28.76
ORD-13676,19-02-2024,21-02-2024,Fatima Lewis,Consumer,West,Furniture,Furnishings,815.25,1,0.1,69.86
ORD-13747,21-03-2024,22-03-2024,Grace Smith,Consumer,South,Technology,Phones,459.27,2,0.15,-25.82
ORD-15808,20-09-2022,22-09-2022,David Lee,Consumer,Central,Furniture,Furnishings,753.91,1,0,-61.54
ORD-12995,21-07-2024,22-07-2024,James Davis,Corporate,East,Office Supplies,Envelopes,178.95,1,0,39.87
ORD-11293,26-04-2023,27-04-2023,Tom Johnson,Consumer,West,Office Supplies,Paper,75.18,1,0.2,1.36
ORD-15412,07-08-2023,10-08-2023,Priya Walker,Home Office,South,Office Supplies,Paper,373.04,2,0,135.32
ORD-11142,19-11-2024,23-11-2024,Nina Walker,Consumer,West,Furniture,Chairs,1426.97,3,0.2,-54.59
ORD-16678,12-07-2024,15-07-2024,Carlos Wilson,Corporate,East,Technology,Machines,2030.25,1,0.15,478.01
ORD-10515,22-07-2023,23-07-2023,Mohammed Lewis,Home Office,South,Office Supplies,Envelopes,151.6,1,0.3,13.21
ORD-14586,05-02-2022,08-02-2022,Carlos Davis,Consumer,East,Technology,Copiers,2872.73,4,0.1,-191.33
ORD-14182,23-12-2023,25-12-2023,John Young,Consumer,East,Office Supplies,Paper,615.12,5,0.4,6
ORD-17734,02-09-2024,06-09-2024,Priya Khan,Consumer,East,Office Supplies,Storage,142.19,1,0.1,10.29
ORD-14872,04-06-2022,07-06-2022,Priya Martinez,Corporate,West,Office Supplies,Storage,57.94,2,0,9.56
ORD-12498,23-08-2023,25-08-2023,Kevin Patel,Consumer,South,Furniture,Tables,869.12,2,0,-291.93
ORD-15462,08-11-2022,09-11-2022,Fatima Davis,Corporate,West,Technology,Machines,787.41,1,0,44.63
ORD-16582,15-12-2023,17-12-2023,Maria Smith,Home Office,South,Furniture,Chairs,898.3,1,0,-157.58
ORD-11763,23-11-2023,25-11-2023,Mohammed Clark,Home Office,South,Office Supplies,Envelopes,642.22,5,0.15,47.78
ORD-16644,24-08-2022,29-08-2022,Sara Clark,Home Office,Central,Technology,Phones,1343.61,3,0,318.48
ORD-15312,16-11-2023,20-11-2023,Carlos Walker,Consumer,East,Office Supplies,Art,514.26,5,0.1,103.76
ORD-15966,26-12-2022,28-12-2022,Nina Clark,Consumer,West,Office Supplies,Labels,121.29,1,0,19.74
ORD-10305,03-11-2023,04-11-2023,Nina Johnson,Home Office,East,Furniture,Furnishings,5048.8,5,0,1095.12
ORD-13935,14-08-2023,17-08-2023,Fatima Lewis,Corporate,West,Office Supplies,Envelopes,137.72,1,0,32.33
ORD-12977,21-01-2024,25-01-2024,Anna Clark,Consumer,West,Technology,Machines,7928.1,4,0.2,-1278.51
ORD-10410,02-09-2023,07-09-2023,Nina Chen,Consumer,West,Furniture,Tables,1451.87,4,0.15,-243.12
ORD-17909,04-07-2023,08-07-2023,Fatima Walker,Corporate,Central,Furniture,Bookcases,485.29,1,0,111.57
ORD-13397,25-01-2022,30-01-2022,Anna Chen,Corporate,East,Technology,Machines,1674.49,1,0,42.58
ORD-17328,14-10-2023,18-10-2023,David Davis,Consumer,East,Office Supplies,Storage,140.62,1,0,26.88
ORD-11596,14-06-2023,17-06-2023,Wei Garcia,Corporate,West,Office Supplies,Storage,684.9,5,0.4,206.57
ORD-10194,22-11-2023,27-11-2023,Tom Martinez,Consumer,west,Office Supplies,Envelopes,317.28,2,0.2,40.89
ORD-13062,16-11-2023,19-11-2023,Fatima Brown,Consumer,Central,Furniture,Chairs,359.72,2,0.15,67.99
ORD-15729,25-05-2022,27-05-2022,Sara Walker,Consumer,East,Furniture,Tables,217.25,1,0.1,28.63
ORD-13044,01-09-2022,03-09-2022,Linda Wilson,Consumer,Central,Office Supplies,Envelopes,140.83,1,0,17.15
ORD-13708,20-12-2022,22-12-2022,Kevin Lewis,Home Office,Central,Office Supplies,Paper,80.91,1,0.1,21.21
ORD-17883,27-03-2024,31-03-2024,John Wilson,Consumer,West,Furniture,Bookcases,896.09,2,0.1,-74.67
ORD-15616,12-03-2023,14-03-2023,Maria Garcia,Consumer,East,Office Supplies,Binders,46.04,2,0,-0.16
ORD-15833,10-11-2024,12-11-2024,Carlos Rodriguez,Consumer,Central,Furniture,Furnishings,2688.91,4,0.1,951.91
ORD-15989,16-10-2022,18-10-2022,Fatima Khan,Home Office,Central,Furniture,Furnishings,1804.72,2,0,284.76
ORD-11179,15-11-2024,17-11-2024,Wei Walker,Consumer,West,Office Supplies,Labels,295.16,2,0,55.69
ORD-11725,09-12-2024,10-12-2024,John Garcia,Corporate,South,Office Supplies,Envelopes,150.1,5,0,29.41
ORD-15584,22-03-2024,24-03-2024,Grace Brown,Corporate,East,Office Supplies,Labels,283.02,3,0,60.32
ORD-17244,19-03-2022,20-03-2022,Grace Lee,Corporate,West,Office Supplies,Storage,72.42,1,0,21.09
ORD-15736,15-02-2023,18-02-2023,Wei Clark,Corporate,South,Office Supplies,Paper,1028.82,6,0,262.32
ORD-11406,02-06-2024,03-06-2024,Mohammed Martinez,Consumer,East,Office Supplies,Art,311.44,2,0,-1.8
ORD-11302,23-12-2024,28-12-2024,Kevin Lewis,Corporate,South,Technology,Accessories,1522.48,1,0,330.03
ORD-14475,22-12-2024,25-12-2024,David Lee,Consumer,East,Furniture,Tables,1366.24,4,0.5,-310.97
ORD-18815,18-05-2024,19-05-2024,Maria Lee,Consumer,East,Technology,Machines,5207.99,5,0.15,2399.82
ORD-15991,16-12-2022,19-12-2022,James Smith,Home Office,Central,Furniture,Chairs,286.12,4,0.5,-96.96
ORD-15812,03-12-2023,05-12-2023,David Clark,Consumer,West,Office Supplies,Labels,43.83,1,0,2.64
ORD-16816,02-06-2023,03-06-2023,Grace Young,Consumer,East,Furniture,Bookcases,1399.88,5,0.2,-215.92
ORD-16505,06-11-2022,08-11-2022,James Martinez,Corporate,Central,Office Supplies,Art,96.4,1,0.2,13.96
ORD-12043,15-09-2024,18-09-2024,Anna Walker,Corporate,South,Office Supplies,Storage,129.37,2,0.1,23.16
ORD-17653,01-03-2024,06-03-2024,Fatima Lewis,Corporate,West,Office Supplies,Binders,8.68,1,0,0.67
ORD-11589,02-01-2024,05-01-2024,Priya Lewis,Home Office,East,Office Supplies,Labels,17.48,1,0.15,2.56
ORD-13331,22-04-2023,26-04-2023,Maria Smith,Corporate,West,Office Supplies,Labels,218.49,1,0.1,36.89
ORD-17138,08-02-2022,11-02-2022,Kevin Davis,Corporate,East,Furniture,Tables,2833.11,3,0,766.77
ORD-14471,16-11-2023,20-11-2023,Linda Patel,Consumer,West,Technology,Copiers,906.03,3,0,196.7
ORD-18067,26-07-2022,28-07-2022,Linda Clark,Consumer,South,Office Supplies,Labels,174.74,1,0,24.83
ORD-15338,25-09-2024,29-09-2024,Wei Young,Consumer,South,Office Supplies,Labels,35.16,1,0,5.57
ORD-13324,14-09-2022,16-09-2022,Tom Smith,Corporate,East,Furniture,Tables,1923.61,3,0.4,-364.88
ORD-18786,06-08-2023,07-08-2023,Kevin Johnson,Consumer,Central,Technology,Accessories,3026.79,2,0.1,618.94
ORD-12575,25-05-2022,26-05-2022,Mohammed Lewis,Consumer,SOUTH,Furniture,Bookcases,216.48,2,0,35.46
ORD-15237,14-03-2024,19-03-2024,Linda Clark,Consumer,West,Technology,Accessories,4311.37,4,0.15,271.96
ORD-19556,13-03-2022,16-03-2022,Wei Lewis,Consumer,Central,Office Supplies,Envelopes,128.42,2,0,32.73
ORD-12037,07-05-2023,11-05-2023,Fatima Rodriguez,Corporate,Central,Furniture,Chairs,237.18,1,0.4,-42.97
ORD-11110,10-03-2023,13-03-2023,Sara Garcia,Consumer,Central,Technology,Copiers,968.04,1,0.3,-241.41
ORD-10147,01-10-2022,03-10-2022,John Patel,Consumer,East,Technology,Phones,208.05,1,0,67.91
ORD-15705,07-06-2022,14-06-2022,David Lewis,Home Office,Central,Office Supplies,Paper,82.64,1,0.3,5.3
ORD-10522,23-09-2024,25-09-2024,Sara Davis,Consumer,East,Technology,Phones,4155.48,6,0,568.72
ORD-15034,05-11-2023,07-11-2023,David Martinez,Consumer,West,Office Supplies,Labels,19.95,1,0,5.96
ORD-11195,16-05-2023,20-05-2023,James Johnson,Corporate,West,Office Supplies,Storage,431.49,3,0,130.55
ORD-10242,07-10-2024,12-10-2024,Linda Young,Consumer,West,Furniture,Chairs,223.57,1,0.5,-42.68
ORD-16479,08-02-2022,13-02-2022,Anna Lewis,Consumer,West,Office Supplies,Paper,217.94,1,0.1,37.73
ORD-19430,08-07-2023,13-07-2023,Anna Clark,Consumer,West,Furniture,Tables,3370.88,4,0,794.29
ORD-10140,11-01-2023,14-01-2023,Tom Martinez,Consumer,Central,Furniture,Bookcases,243.5,1,0.1,21.01
ORD-10067,06-11-2022,08-11-2022,David Brown,Corporate,West,Office Supplies,Storage,65.25,5,0,22.96
ORD-19469,26-03-2023,27-03-2023,Linda Davis,Corporate,South,Office Supplies,Paper,194.84,2,0.15,31.64
ORD-11685,17-10-2023,20-10-2023,Nina Patel,Consumer,West,Office Supplies,Labels,395.86,2,0,77.06
ORD-12463,10-12-2024,13-12-2024,Kevin Lewis,Corporate,East,Technology,Accessories,2825.66,2,0.4,-918.79
ORD-13656,02-09-2024,06-09-2024,John Rodriguez,Corporate,Central,Furniture,Chairs,301.94,2,0.2,-18.74
ORD-11213,22-10-2024,25-10-2024,Carlos Garcia,Home Office,West,Office Supplies,Envelopes,245.48,1,0,72.04
ORD-13315,09-11-2024,10-11-2024,Wei Brown,Consumer,West,Office Supplies,Storage,110.88,5,0.15,10.85
ORD-16992,02-10-2022,03-10-2022,Kevin Rodriguez,Corporate,East,Office Supplies,Art,612.68,4,0,227.57
ORD-11970,12-10-2022,14-10-2022,Carlos Martinez,Consumer,West,Office Supplies,Storage,777.54,5,0.15,71.96
ORD-15921,17-08-2022,21-08-2022,Nina Khan,Corporate,CENTRAL,Office Supplies,Binders,161.75,1,0,40.58
ORD-10479,03-09-2023,10-09-2023,Priya Johnson,Corporate,West,Office Supplies,Storage,402.48,5,0.2,-15.25
ORD-14628,22-09-2023,23-09-2023,Sara Khan,Corporate,South,Technology,Accessories,4235.36,3,0.3,-453.11
ORD-12466,13-08-2024,15-08-2024,David Walker,Consumer,CENTRAL,Technology,Machines,790.82,2,0.3,-146.43
ORD-11498,06-01-2022,07-01-2022,Kevin Brown,Corporate,East,Office Supplies,Art,89.11,1,0.1,20.05
ORD-12104,15-12-2022,20-12-2022,Carlos Chen,Consumer,West,Office Supplies,Labels,178.96,1,0.2,-16.36
ORD-13258,09-07-2022,13-07-2022,Sara Patel,Home Office,West,Furniture,Furnishings,106.61,1,0.3,-35.65
ORD-18773,26-05-2022,02-06-2022,Fatima Garcia,Consumer,Central,Office Supplies,Art,13.12,2,0.2,-1.57
ORD-13326,25-12-2022,01-01-2023,Fatima Smith,Home Office,East,Office Supplies,Envelopes,650.43,3,0.1,122.27
ORD-14437,13-07-2024,16-07-2024,Grace Lee,Corporate,Central,Technology,Machines,92.5,2,0.15,-11.69
ORD-17157,27-05-2022,31-05-2022,Sara Chen,Corporate,West,Office Supplies,Binders,46.3,1,0,10
ORD-16103,01-06-2022,03-06-2022,Grace Martinez,Consumer,East,Technology,Phones,1800.82,1,0,715.42
ORD-18498,20-11-2024,22-11-2024,Priya Chen,Corporate,West,Office Supplies,Labels,233.15,3,0.4,-7.16
ORD-10325,27-12-2023,28-12-2023,,Consumer,West,Furniture,Tables,4555.08,4,0,-156.9
ORD-16890,20-12-2024,21-12-2024,Linda Lee,Consumer,West,Furniture,Furnishings,1409.9,5,0,150.84
ORD-16806,14-02-2023,17-02-2023,Fatima Clark,Consumer,East,Office Supplies,Labels,22.16,1,0.15,0.01
ORD-17530,09-02-2023,13-02-2023,Maria Walker,Consumer,Central,Technology,Copiers,1886.65,1,0.1,146.66
ORD-13611,12-09-2023,17-09-2023,Sara Garcia,Home Office,East,Office Supplies,Labels,495.86,4,0.1,62.52
ORD-15766,25-01-2024,28-01-2024,Anna Martinez,Home Office,East,Furniture,Bookcases,745.07,1,0.15,-29.6
ORD-11243,14-08-2024,19-08-2024,Maria Johnson,Corporate,East,Furniture,Chairs,308.51,1,0.4,56.12
ORD-14150,13-01-2022,14-01-2022,Nina Wilson,Consumer,South,Furniture,Bookcases,247.17,2,0.2,-47.29
ORD-17008,01-08-2024,02-08-2024,David Martinez,Consumer,East,Technology,Accessories,3750.74,2,0.15,927.26
ORD-11873,11-12-2022,14-12-2022,Fatima Lee,Corporate,East,Technology,Copiers,4585.5,5,0.1,683.46
ORD-11665,26-05-2023,30-05-2023,Anna Johnson,Corporate,South,Technology,Copiers,1762.63,4,0.4,-234.33
ORD-14118,07-10-2022,09-10-2022,Fatima Smith,Consumer,East,Office Supplies,Storage,212.41,2,0.3,-2.86
ORD-12341,16-10-2023,21-10-2023,Linda Lee,Consumer,East,Office Supplies,Paper,367.26,2,0,95.4
ORD-19305,01-12-2024,05-12-2024,Grace Smith,Corporate,West,Technology,Phones,4117.45,2,0.1,977.12
ORD-13213,14-04-2024,16-04-2024,Grace Garcia,Consumer,South,Technology,Accessories,5553.39,5,0.15,865.75
ORD-16273,24-04-2022,28-04-2022,Priya Chen,Consumer,West,Technology,Accessories,2486.03,1,0,878.72
ORD-15477,19-03-2022,20-03-2022,Carlos Chen,Home Office,East,Office Supplies,Art,25.96,3,0.4,-1.65
ORD-14658,19-09-2024,22-09-2024,James Rodriguez,Corporate,West,Office Supplies,Binders,57.64,5,0.2,23.17
ORD-12979,07-01-2024,11-01-2024,,Consumer,South,Furniture,Bookcases,749.47,1,0.15,20.3
ORD-19260,25-03-2022,26-03-2022,Anna Martinez,Consumer,East,Technology,Phones,3912.14,3,0.1,719.81
ORD-13571,05-01-2023,06-01-2023,David Patel,Consumer,East,Office Supplies,Storage,276.65,3,0.3,47.42
ORD-11719,13-04-2023,16-04-2023,Grace Davis,Consumer,South,Furniture,Bookcases,4158.72,5,0.2,-466.46
ORD-12054,09-11-2022,16-11-2022,James Khan,Home Office,West,Furniture,Chairs,520.85,2,0.1,-56.19
ORD-15333,01-04-2024,02-04-2024,,Consumer,South,Office Supplies,Labels,147.71,1,0.3,-10.05
ORD-18601,27-10-2022,01-11-2022,James Rodriguez,Corporate,East,Office Supplies,Envelopes,152.17,2,0.4,8.23
ORD-14203,10-11-2022,11-11-2022,Grace Walker,Consumer,Central,Furniture,Tables,2534.52,3,0.1,-477.7
ORD-11402,14-09-2023,17-09-2023,David Clark,Consumer,West,Office Supplies,Labels,700.71,3,0,203.01
ORD-18363,06-11-2022,09-11-2022,Anna Wilson,Home Office,East,Technology,Machines,8709.96,6,0,3341.39
ORD-18481,13-10-2023,18-10-2023,Tom Khan,Consumer,East,Office Supplies,Envelopes,109.72,1,0.1,35.4
ORD-18598,22-10-2023,26-10-2023,Fatima Walker,Consumer,Central,Furniture,Bookcases,3560.89,4,0.15,-845.68
ORD-18109,13-08-2022,15-08-2022,Wei Johnson,Consumer,West,Furniture,Furnishings,4474.36,4,0,1075.59
ORD-10663,04-03-2024,09-03-2024,Carlos Johnson,Home Office,East,Furniture,Bookcases,1295.2,4,0,-330.34
ORD-14384,27-11-2023,29-11-2023,Carlos Walker,Corporate,Central,Office Supplies,Paper,248.53,2,0.3,31.61
ORD-19207,20-04-2022,22-04-2022,Tom Martinez,Home Office,Central,Furniture,Chairs,1161.33,3,0,-394.31
ORD-15448,05-11-2024,07-11-2024,Mohammed Smith,Consumer,East,Office Supplies,Binders,131.49,1,0.1,35.55
ORD-14272,01-11-2024,06-11-2024,Mohammed Clark,Consumer,West,Office Supplies,Paper,41.88,3,0.2,5.55
ORD-15564,17-11-2022,19-11-2022,David Walker,Home Office,South,Furniture,Furnishings,812.93,1,0.1,2.67
ORD-17853,11-11-2022,15-11-2022,Priya Brown,Consumer,West,Furniture,Furnishings,2831.52,5,0.2,-577.94
ORD-11740,07-06-2024,12-06-2024,Linda Brown,Corporate,Central,Office Supplies,Art,169.42,1,0,30.36
ORD-16749,19-11-2024,26-11-2024,Fatima Johnson,Home Office,South,Technology,Phones,4592.65,5,0,232.26
ORD-10595,25-06-2024,28-06-2024,Mohammed Garcia,Corporate,South,Office Supplies,Envelopes,204.18,1,0.1,31.14
ORD-12455,07-05-2022,12-05-2022,Fatima Khan,Consumer,East,Office Supplies,Storage,1192.85,5,0,288
ORD-11592,23-12-2022,24-12-2022,Linda Wilson,Corporate, East ,Technology,Copiers,1042.8,2,0.4,-77.27
ORD-14558,14-07-2022,,Wei Johnson,Consumer,South,Technology,Machines,3130.36,3,0.3,194.49
ORD-11057,27-07-2024,01-08-2024,Maria Johnson,Consumer,West,Technology,Accessories,5938.48,5,0.15,77.38
ORD-18478,21-03-2024,24-03-2024,Sara Walker,Corporate,East,Technology,Accessories,257.22,1,0,-42.14
ORD-14122,13-11-2022,16-11-2022,John Rodriguez,Consumer,West,Technology,Phones,2525.72,3,0.15,764.74
ORD-11965,01-09-2023,04-09-2023,Linda Martinez,Consumer,Central,Technology,Copiers,2010,3,0,607.61
ORD-13313,19-08-2024,23-08-2024,Linda Clark,Home Office,West,Office Supplies,Binders,15.75,1,0.3,1.25
ORD-18051,27-05-2023,01-06-2023,David Martinez,Consumer,West,Office Supplies,Binders,146.73,1,0.1,2.51
ORD-15098,14-11-2022,17-11-2022,Tom Khan,Consumer,East,Office Supplies,Art,20.21,1,0.2,4.21
ORD-14483,05-11-2024,09-11-2024,Priya Lewis,Consumer,East,Technology,Phones,525.37,3,0.1,-12.34
ORD-19452,10-05-2024,14-05-2024,Nina Brown,Corporate,South,Office Supplies,Envelopes,42.34,1,0.1,11.94
ORD-13996,18-08-2023,22-08-2023,Linda Wilson,Consumer,East,Furniture,Chairs,68.64,1,0,-7.19
ORD-18270,10-11-2024,11-11-2024,Linda Brown,Corporate,West,Furniture,Bookcases,904.81,1,0.2,-214.16
ORD-13922,02-02-2022,07-02-2022,Tom Davis,Home Office,Central,Office Supplies,Art,72.76,2,0.4,-3.99
ORD-17850,25-10-2022,28-10-2022,Sara Garcia,Consumer,West,Office Supplies,Storage,329.76,2,0.1,59.82
ORD-17260,17-04-2024,21-04-2024,David Wilson,Corporate,South,Office Supplies,Envelopes,133.45,2,0.4,-6.31
ORD-10513,23-07-2024,28-07-2024,Kevin Lee,Consumer,South,Office Supplies,Paper,255.14,2,0,27.27
ORD-18201,15-10-2024,20-10-2024,John Khan,Consumer,West,Office Supplies,Paper,129.15,1,0.15,11.73
ORD-18883,11-12-2022,15-12-2022,Mohammed Walker,Home Office,South,Furniture,Bookcases,773.52,4,,79.67
ORD-18872,04-08-2024,08-08-2024,Mohammed Smith,Consumer,East,Technology,Accessories,65.85,1,0,13.96
ORD-18268,22-07-2024,26-07-2024,Anna Davis,Corporate,South,Furniture,Furnishings,2420.01,3,0.1,373.49
ORD-13678,04-09-2023,07-09-2023,Wei Lewis,Consumer,Central,Furniture,Tables,2236.12,2,0,-297.72
ORD-16642,06-05-2024,08-05-2024,Anna Garcia,Corporate,West,Technology,Accessories,1559.82,1,0,157.06
ORD-14380,02-04-2024,04-04-2024,John Clark,Consumer,East,Office Supplies,Art,47.58,1,0.15,4.87
ORD-17929,12-12-2022,13-12-2022,Wei Chen,Consumer,West,Furniture,Bookcases,1198.69,2,0.1,-317.42
ORD-12816,05-07-2024,10-07-2024,Tom Lee,Corporate,South,Office Supplies,Labels,27.65,1,0,5.75
ORD-10063,13-06-2024,17-06-2024,Anna Khan,Corporate,Central,Office Supplies,Storage,364.22,4,0.4,-23.48
ORD-10221,26-04-2024,01-05-2024,John Martinez,Consumer,West,Office Supplies,Binders,34.45,1,0,8.32
ORD-15157,24-09-2024,26-09-2024,Anna Lee,Consumer,South,Furniture,Furnishings,1363.81,2,0.2,33.67
ORD-10576,15-06-2022,16-06-2022,Priya Smith,Consumer,East,Office Supplies,Paper,110.06,3,0.2,8.41
ORD-10582,20-01-2022,22-01-2022,Nina Clark,Corporate,West,Furniture,Furnishings,652.78,1,0,18.72
ORD-11435,01-03-2024,03-03-2024,Linda Chen,Corporate,Central,Technology,Phones,896.7,1,0.1,-72.4
ORD-10210,02-04-2024,04-04-2024,Kevin Garcia,Home Office,Central,Office Supplies,Storage,14.56,2,0.3,-1.57
ORD-14183,15-06-2022,18-06-2022,Kevin Garcia,Consumer,Central,Technology,Machines,2986.52,4,0,1306.73
ORD-15846,19-08-2022,21-08-2022,Nina Chen,Corporate,East,Office Supplies,Storage,140.11,3,0.3,22.23
ORD-16953,10-09-2023,13-09-2023,Linda Clark,Consumer,Central,Furniture,Tables,826.63,1,0.1,-179.05
ORD-16394,12-05-2022,14-05-2022,James Smith,Consumer,Central,Office Supplies,Labels,492.59,3,0.1,65.97
ORD-15067,10-04-2023,12-04-2023,John Khan,Home Office,Central,Furniture,Furnishings,539.22,1,0,62.34
ORD-10890,17-08-2022,21-08-2022,Maria Rodriguez,Corporate,West,Office Supplies,Binders,90.23,3,0.1,9.93
ORD-15821,16-11-2022,18-11-2022,James Lee,Consumer,West,Office Supplies,Art,324.16,2,0,58.81
ORD-17695,13-11-2024,18-11-2024,David Brown,Corporate,West,Technology,Copiers,4064.7,3,0,615.44
ORD-11209,24-09-2022,25-09-2022,Maria Young,Home Office,South,Furniture,Bookcases,3048.36,6,0,25.33
ORD-12282,19-01-2023,20-01-2023,Fatima Lewis,Corporate,South,Technology,Copiers,2972.04,4,0,256.82
ORD-13604,02-07-2024,06-07-2024,Priya Wilson,Consumer,West,Technology,Accessories,3316.82,2,0.2,1434.2
ORD-18047,25-12-2024,,Mohammed Johnson,Corporate,East,Furniture,Tables,3706.8,4,0,729.56
ORD-16868,18-06-2024,23-06-2024,Grace Patel,Consumer,West,Office Supplies,Art,481.17,3,0.3,-5.4
ORD-16491,24-02-2024,29-02-2024,Sara Brown,Corporate,East,Technology,Accessories,678.38,1,0.1,43.28
ORD-10804,01-01-2024,02-01-2024,Wei Patel,Consumer,East,Furniture,Chairs,1283.75,3,0.3,-237.12
ORD-14452,17-11-2022,18-11-2022,James Johnson,Home Office,East,Technology,Copiers,1879.18,1,0,-115.67
ORD-11320,21-10-2022,23-10-2022,Maria Chen,Consumer,South,Furniture,Chairs,1158,4,0.4,129.45
ORD-13640,01-04-2023,04-04-2023,Grace Davis,Corporate,CENTRAL,Office Supplies,Labels,1048.03,6,0.1,268.5
ORD-16787,21-01-2024,24-01-2024,Anna Wilson,Home Office,East,Technology,Machines,5554.84,4,0,1880.32
ORD-14838,23-11-2022,25-11-2022,Anna Garcia,Home Office,East,Furniture,Bookcases,4860.2,5,0,1087.42
ORD-14048,06-07-2022,07-07-2022,Grace Garcia,Consumer,South,Office Supplies,Paper,80.46,3,0,23.32
ORD-12153,07-04-2022,08-04-2022,Grace Patel,Corporate,West,Technology,Copiers,1146.12,3,0.15,164.16
ORD-15653,17-10-2022,19-10-2022,Carlos Brown,Corporate,East,Office Supplies,Paper,243.6,3,0,78.56
ORD-17700,23-02-2024,24-02-2024,Grace Chen,Consumer,South,Office Supplies,Art,31.29,1,0.15,2.3
ORD-19150,17-11-2022,19-11-2022,Mohammed Walker,Consumer,South,Office Supplies,Paper,155.1,2,0.4,16.1
ORD-15308,05-07-2022,08-07-2022,John Lewis,Home Office,East,Office Supplies,Storage,114.16,3,0.3,9.35
ORD-16796,21-11-2023,24-11-2023,David Johnson,Home Office,Central,Office Supplies,Labels,341.92,2,0.2,49.77
ORD-16801,21-01-2023,22-01-2023,James Chen,Corporate,East,Office Supplies,Paper,127.74,2,0,50.36
ORD-17506,04-11-2024,07-11-2024,Sara Chen,Consumer,East,Furniture,Bookcases,244.81,1,0,-14.66
ORD-14674,03-01-2022,04-01-2022,Kevin Khan,Consumer,Central,Furniture,Chairs,709.79,1,0.3,-13.38
ORD-12034,18-10-2024,21-10-2024,James Johnson,Corporate,Central,Office Supplies,Envelopes,127.77,1,0.1,19.95
ORD-12267,13-10-2024,15-10-2024,John Lee,Corporate,West,Office Supplies,Paper,133.17,1,0,24.71
ORD-18651,16-08-2023,18-08-2023,John Johnson,Consumer,Central,Office Supplies,Storage,18.02,1,0,5.94
ORD-16271,22-11-2022,27-11-2022,Anna Brown,Home Office,East,Office Supplies,Envelopes,68.8,1,0,12.04
ORD-16620,20-10-2023,22-10-2023,David Martinez,Corporate,East,Technology,Phones,2000.54,4,0.2,34.83
ORD-10275,12-04-2022,16-04-2022,Nina Smith,Corporate,Central,Office Supplies,Paper,335.89,4,0.15,21.76
ORD-14648,16-11-2023,19-11-2023,Carlos Brown,Corporate,South,Office Supplies,Envelopes,737.88,5,0.15,75.42
ORD-19724,18-01-2024,21-01-2024,John Martinez,Home Office,East,Furniture,Chairs,927.93,1,0.1,-56.61
ORD-15514,20-12-2023,22-12-2023,Wei Clark,Corporate,East,Technology,Phones,1557.4,2,0.3,337.58
ORD-16940,03-03-2024,05-03-2024,Kevin Wilson,Corporate,Central,Office Supplies,Binders,35.73,1,0,7.39
ORD-10149,08-05-2022,11-05-2022,Carlos Lewis,Consumer,West,Furniture,Tables,209.89,1,0.4,-10.85
ORD-16823,20-08-2023,21-08-2023,Anna Lewis,Corporate,East,Office Supplies,Art,927.04,5,0.1,-30.08
ORD-15760,10-08-2023,13-08-2023,Maria Martinez,Corporate,West,Office Supplies,Binders,314.08,3,0.15,40.69
ORD-10295,04-09-2023,11-09-2023,Wei Rodriguez,Corporate,South,Office Supplies,Envelopes,150.08,1,0.3,7.12
ORD-16525,20-12-2022,25-12-2022,Maria Clark,Corporate,Central,Furniture,Bookcases,520.27,1,0,-37.65
ORD-12456,23-10-2024,24-10-2024,Anna Martinez,Home Office,East,Furniture,Bookcases,619.92,1,0,-66.66
ORD-12427,04-10-2024,06-10-2024,Sara Garcia,Consumer,West,Furniture,Tables,880.3,2,0,190.12
ORD-14588,16-12-2024,19-12-2024,,Consumer,Central,Technology,Phones,4467.37,6,0.1,2053.89
ORD-12258,04-11-2023,05-11-2023,David Young,Corporate,East,Furniture,Chairs,451.22,1,0,24.77
ORD-12277,15-05-2024,17-05-2024,Fatima Wilson,Corporate,West,Technology,Machines,158.13,1,0,2.91
ORD-13419,03-07-2022,05-07-2022,Tom Clark,Corporate,South,Technology,Copiers,221.26,2,0.15,1.17
ORD-11730,09-11-2022,12-11-2022,David Lee,Home Office,East,Furniture,Bookcases,802.33,1,0.15,274.46
ORD-16368,04-04-2022,05-04-2022,Anna Davis,Consumer,East,Office Supplies,Binders,167.14,4,0.2,40.9
ORD-11944,12-07-2022,15-07-2022,James Walker,Consumer,East,Office Supplies,Envelopes,511.92,6,0.1,45.15
ORD-17123,02-12-2023,09-12-2023,John Martinez,Corporate,East,Office Supplies,Art,331.78,2,0.2,68.88
ORD-11192,07-12-2022,08-12-2022,Wei Davis,Consumer,South,Technology,Machines,256.93,1,0.1,30.07
ORD-18421,04-11-2024,06-11-2024,Mohammed Davis,Corporate,West,Technology,Copiers,1316.68,4,0.15,67.39
ORD-12021,11-09-2023,13-09-2023,Linda Walker,Corporate,East,Technology,Copiers,3553.15,2,0.15,-102.19
ORD-18790,20-01-2023,24-01-2023,Tom Young,Consumer,West,Furniture,Tables,1533.7,2,0.3,-280.51
ORD-19796,11-12-2023,16-12-2023,Priya Lewis,Corporate,South,Technology,Phones,5203.29,3,0,1680.41
ORD-11419,23-06-2023,27-06-2023,Tom Smith,Consumer,Central,Office Supplies,Storage,152.52,2,0.3,17.37
ORD-10047,21-12-2022,23-12-2022,Nina Davis,Corporate,East,Office Supplies,Binders,211.91,2,0.1,50.78
ORD-11760,03-11-2023,06-11-2023,Priya Rodriguez,Consumer, South ,Office Supplies,Binders,574.43,3,0.1,65.66
ORD-11748,13-12-2022,18-12-2022,David Chen,Consumer,East,Furniture,Tables,745.77,2,0.15,-208.9
ORD-10179,03-11-2022,04-11-2022,Fatima Lewis,Corporate,South,Technology,Accessories,1272.86,1,0.1,-98.66
ORD-11677,06-05-2023,09-05-2023,Mohammed Smith,Consumer,East,Office Supplies,Binders,59.52,1,0.15,-1.52
ORD-12329,09-06-2022,12-06-2022,Kevin Wilson,Corporate,Central,Technology,Machines,1699.52,4,0.3,165.25
ORD-15571,06-10-2022,09-10-2022,Nina Brown,Corporate,West,Furniture,Bookcases,1059.3,3,0,264.31
ORD-16633,25-04-2023,26-04-2023,Maria Khan,Corporate,Central,Office Supplies,Envelopes,200.23,1,0.1,39.88
ORD-14746,13-09-2022,17-09-2022,Maria Clark,Consumer,South,Technology,Copiers,2022.76,3,0.15,-380.47
ORD-15287,01-03-2022,02-03-2022,Kevin Clark,Consumer,east,Office Supplies,Art,1038.55,5,0,267.38
ORD-19074,01-11-2022,03-11-2022,Maria Martinez,Home Office,South,Technology,Accessories,2855.5,4,0.4,146.76
ORD-17787,09-01-2023,16-01-2023,Wei Walker,Consumer,East,Office Supplies,Paper,133.21,1,0.15,8.77
ORD-15634,15-08-2023,17-08-2023,Nina Smith,Consumer,South,Office Supplies,Storage,195.3,1,0.1,2.89
ORD-12504,03-02-2022,08-02-2022,Grace Young,Corporate,South,Technology,Copiers,2278.64,4,0,695.64
ORD-16204,17-12-2023,18-12-2023,Anna Johnson,Home Office,East,Furniture,Bookcases,559.67,1,0.15,-49.06
ORD-13746,16-09-2023,18-09-2023,Priya Davis,Corporate,South,Office Supplies,Envelopes,567.12,6,0,150.36
ORD-18387,03-09-2023,08-09-2023,David Clark,Home Office,West,Furniture,Furnishings,1168.34,1,0,256.11
ORD-19677,12-12-2024,17-12-2024,Grace Smith,Consumer,West,Technology,Phones,548.05,1,0.1,110.91
ORD-15132,19-02-2024,21-02-2024,Fatima Lee,Consumer,East,Office Supplies,Art,45.93,3,0.15,2.77
ORD-10222,07-10-2022,09-10-2022,Carlos Martinez,Consumer,West,Office Supplies,Art,473.79,4,0.15,121.38
ORD-17498,18-08-2024,19-08-2024,Mohammed Patel,Consumer,Central,Technology,Phones,1227.35,2,0.1,243.75
ORD-16889,08-01-2022,11-01-2022,James Patel,Corporate,South,Technology,Machines,3497.27,2,0.3,-1012.23
ORD-14809,26-08-2022,29-08-2022,Linda Martinez,Corporate,South,Office Supplies,Paper,479.36,4,0,132.45
ORD-13436,16-11-2023,20-11-2023,Kevin Garcia,Corporate,East,Technology,Accessories,1577.88,1,0,165.01
ORD-14952,18-11-2024,25-11-2024,John Martinez,Home Office,East,Office Supplies,Paper,12.18,1,0.2,0.71
ORD-10162,22-09-2022,24-09-2022,John Lee,Consumer, West ,Technology,Machines,1922.62,1,0.1,-173.09
ORD-14758,15-06-2024,16-06-2024,Sara Davis,Consumer,West,Technology,Phones,990.33,1,0.1,55.14
ORD-16638,06-08-2022,07-08-2022,David Lee,Consumer,Central,Office Supplies,Paper,699.96,4,0,181.24
ORD-12519,03-07-2022,10-07-2022,James Martinez,Corporate,Central,Office Supplies,Envelopes,874.94,4,0.1,231.99
ORD-19284,04-03-2022,09-03-2022,James Martinez,Corporate,East,Technology,Copiers,745.63,6,0.3,128.64
ORD-12134,24-10-2023,31-10-2023,Nina Khan,Corporate,South,Office Supplies,Storage,139.48,2,0,15.73
ORD-12115,14-03-2024,18-03-2024,Nina Rodriguez,Consumer,East,Furniture,Furnishings,327.73,1,0.1,-20.4
ORD-17979,26-03-2024,28-03-2024,James Johnson,Corporate,West,Technology,Machines,3228.56,2,0.2,1178.54
ORD-12261,13-10-2023,17-10-2023,Tom Martinez,Corporate,East,Office Supplies,Labels,189.42,4,0.5,-30.71
ORD-12674,09-12-2023,12-12-2023,Priya Garcia,Consumer,South,Office Supplies,Binders,128.9,1,0,32.64
ORD-16115,07-11-2024,10-11-2024,Tom Patel,Consumer,Central,Furniture,Chairs,2894.22,3,0.15,215.32
ORD-13613,21-03-2024,22-03-2024,,Consumer,West,Technology,Machines,598.42,1,0.3,-55.77
ORD-17120,01-11-2022,03-11-2022,Mohammed Young,Consumer,Central,Furniture,Bookcases,677.46,3,0,-4.02
ORD-14970,24-05-2023,27-05-2023,Linda Khan,Corporate,Central,Office Supplies,Art,218,3,0.1,31.97
ORD-11762,09-06-2023,10-06-2023,Tom Rodriguez,Corporate,East,Furniture,Bookcases,478.46,2,0.15,10.55
ORD-14679,19-12-2024,22-12-2024,Carlos Lewis,Consumer,East,Technology,Phones,699.64,1,0,176.5
ORD-15810,10-07-2022,15-07-2022,Fatima Garcia,Corporate,West,Technology,Phones,55.63,1,0,12.65
ORD-10994,20-11-2023,22-11-2023,,Corporate,West,Technology,Copiers,1112.96,1,0.15,-127.69
ORD-12907,04-06-2023,05-06-2023,,Corporate,Central,Furniture,Tables,1009.47,1,0.15,50.95
ORD-17338,05-04-2022,10-04-2022,Nina Johnson,Consumer,South,Office Supplies,Envelopes,85.97,1,0.15,18.31
ORD-16310,08-11-2023,09-11-2023,Linda Smith,Consumer,Central,Office Supplies,Paper,852.6,5,0,142.06
ORD-13480,04-09-2023,07-09-2023,James Wilson,Consumer,Central,Office Supplies,Paper,134.58,1,0.15,11.24
ORD-14619,27-03-2022,01-04-2022,John Chen,Corporate,West,Technology,Phones,727.86,1,0.5,-19.95
ORD-13682,11-02-2022,,Anna Chen,Consumer,West,Office Supplies,Storage,149.11,1,0.15,31.98
ORD-12657,19-04-2023,21-04-2023,John Johnson,Consumer,West,Furniture,Bookcases,153.28,1,0.4,-51.07
ORD-11485,05-10-2022,06-10-2022,Tom Wilson,Home Office,south,Technology,Copiers,4315.37,3,0.2,467.31
ORD-15628,05-10-2022,06-10-2022,Mohammed Lewis,Consumer,South,Technology,Copiers,1313.02,1,0,155.38
ORD-17172,02-05-2022,03-05-2022,James Rodriguez,Home Office,South,Furniture,Tables,784.5,1,0,184.93
ORD-10046,20-12-2024,23-12-2024,Linda Patel,Home Office,West,Office Supplies,Paper,1081.4,5,0,236.32
ORD-11268,23-12-2022,24-12-2022,Linda Khan,Consumer,SOUTH,Office Supplies,Storage,40.71,3,0,8.65
ORD-13777,22-06-2022,27-06-2022,John Davis,Home Office,Central,Technology,Machines,167.88,5,0.15,17.19
ORD-14004,21-08-2023,22-08-2023,David Lewis,Corporate,East,Furniture,Tables,1704.09,3,0,308.57
ORD-17950,17-03-2024,21-03-2024,Sara Young,Consumer,South,Office Supplies,Labels,40.33,1,0.2,7.37
ORD-18570,10-01-2024,13-01-2024,Priya Wilson,Corporate,West,Office Supplies,Art,200.74,3,0.2,4.9
ORD-14086,06-08-2024,08-08-2024,Linda Rodriguez,Corporate,East,Office Supplies,Paper,311.07,4,0.2,-1.16
ORD-10392,19-04-2023,20-04-2023,Carlos Clark,Consumer,South,Technology,Machines,625.68,1,0,134.71
ORD-16016,13-11-2023,16-11-2023,Grace Young,Home Office,West,Technology,Phones,754.97,3,0.4,52.97
ORD-18476,26-11-2022,28-11-2022,Carlos Young,Consumer,West,Technology,Machines,4500.16,2,0,441.48
ORD-13170,21-09-2022,24-09-2022,Kevin Brown,Consumer,East,Technology,Phones,1988.12,2,0,-107.33
ORD-18804,05-09-2024,09-09-2024,James Martinez,Consumer,West,Office Supplies,Storage,522.42,3,0,132.09
ORD-12773,19-11-2022,22-11-2022,Wei Davis,Consumer,East,Office Supplies,Art,322.18,2,0.15,8.89
ORD-14657,12-05-2023,17-05-2023,Maria Chen,Home Office,East,Office Supplies,Storage,117.81,2,0.3,29.32
ORD-12490,26-02-2023,03-03-2023,Sara Lewis,Corporate,West,Office Supplies,Envelopes,76.02,5,0.3,17.18
ORD-19223,21-10-2024,22-10-2024,Nina Johnson,Home Office,East,Technology,Phones,375.63,1,0.1,36.64
ORD-15829,22-09-2024,29-09-2024,Anna Patel,Consumer,West,Office Supplies,Paper,550.8,3,0.1,101.04
ORD-13452,04-08-2023,05-08-2023,Linda Wilson,Consumer,Central,Office Supplies,Paper,105.86,1,0.15,-13.97
ORD-12116,25-08-2022,28-08-2022,Wei Khan,Consumer,East,Office Supplies,Storage,192.98,1,0.2,47.76
ORD-10116,01-02-2022,04-02-2022,Anna Walker,Consumer,East,Technology,Copiers,1724.34,1,0,327.91
ORD-16842,20-01-2022,21-01-2022,James Chen,Corporate,west,Office Supplies,Envelopes,43.08,1,0,13.41
ORD-13019,24-11-2022,25-11-2022,Linda Smith,Consumer,East,Furniture,Bookcases,2932.88,4,0,373.13
ORD-10615,07-12-2024,08-12-2024,James Clark,Consumer,West,Office Supplies,Paper,154.22,3,0.1,19.33
ORD-17954,03-11-2023,08-11-2023,Priya Clark,Corporate,East,Technology,Phones,552.43,1,0,64.64
ORD-12193,21-01-2022,23-01-2022,James Lewis,Corporate,East,Office Supplies,Paper,714.75,3,0,-1.48
ORD-12253,09-12-2022,11-12-2022,Nina Martinez,Home Office,West,Technology,Machines,1029.07,1,0,147.9
ORD-12586,13-11-2022,15-11-2022,Grace Khan,Consumer,East,Office Supplies,Paper,439.26,2,0,69.45
ORD-14856,08-10-2023,09-10-2023,Anna Rodriguez,Consumer, West ,Office Supplies,Envelopes,89.14,2,0,3.89
ORD-15173,21-09-2023,23-09-2023,Maria Johnson,Corporate,South,Office Supplies,Art,197.26,1,0.15,35.73
ORD-15840,20-05-2022,21-05-2022,Wei Smith,Consumer,East,Furniture,Furnishings,540.49,1,0,-121.91
ORD-12654,07-09-2024,09-09-2024,Kevin Brown,Consumer,West,Furniture,Tables,510.91,3,0.3,-168.57
ORD-17647,23-10-2022,24-10-2022,Kevin Young,Corporate,West,Technology,Accessories,4120.29,3,0.15,1458.97
ORD-16147,08-01-2024,09-01-2024,Linda Johnson,Consumer,West,Office Supplies,Art,162.98,2,0,27.83
ORD-19505,03-09-2022,08-09-2022,Kevin Walker,Corporate,Central,Technology,Phones,998.36,1,0.2,176.88
ORD-15928,21-07-2024,23-07-2024,David Lee,Consumer,East,Office Supplies,Envelopes,266.76,3,0.1,16.6
ORD-12982,16-05-2023,17-05-2023,Grace Lewis,Consumer,SOUTH,Office Supplies,Storage,981.05,5,0,170.63
ORD-10718,02-12-2022,03-12-2022,Wei Garcia,Corporate,East,Office Supplies,Envelopes,99.72,1,0.1,4.07
ORD-14283,02-09-2022,05-09-2022,Grace Wilson,Home Office, West ,Furniture,Bookcases,1404.58,2,0.2,-151.79
ORD-17988,19-08-2022,20-08-2022,Tom Johnson,Consumer,East,Furniture,Tables,743.37,1,0,-38.37
ORD-17292,03-12-2022,08-12-2022,David Khan,Consumer,South,Technology,Copiers,661.44,1,0,-30.59
ORD-10738,08-10-2023,10-10-2023,John Smith,Corporate,Central,Office Supplies,Storage,247.87,2,0.2,37.19
ORD-10158,25-03-2023,27-03-2023,Maria Lewis,Home Office,West,Office Supplies,Storage,35.51,2,0.15,11.94
ORD-18276,18-09-2024,21-09-2024,Fatima Young,Consumer,East,Office Supplies,Binders,248.43,2,0.3,-0.1
ORD-12981,09-07-2023,11-07-2023,Priya Davis,Consumer,South,Furniture,Furnishings,765.37,1,0.1,-5.08
ORD-14720,23-10-2023,24-10-2023,Kevin Chen,Consumer,West,Office Supplies,Storage,86.29,6,0.1,24.67
ORD-15770,01-06-2022,05-06-2022,Maria Clark,Consumer,East,Furniture,Bookcases,633.38,1,0.15,-133.63
ORD-11587,23-03-2024,26-03-2024,David Khan,Consumer,South,Office Supplies,Envelopes,1089.72,6,0,191.63
ORD-17457,17-09-2023,22-09-2023,Sara Lee,Consumer,West,Technology,Phones,818.06,1,0.15,66.52
ORD-19532,01-03-2022,02-03-2022,Priya Patel,Corporate,East,Technology,Machines,375.53,1,0,-4.42
ORD-15403,01-12-2024,04-12-2024,Mohammed Johnson,Corporate,East,Furniture,Tables,461.66,1,0.2,-1.23
ORD-19108,15-10-2024,16-10-2024,Anna Rodriguez,Home Office,East,Office Supplies,Envelopes,81.91,1,0.2,14.24
ORD-11591,27-08-2023,30-08-2023,Tom Lewis,Consumer,South,Furniture,Chairs,778.92,3,0,102.28
ORD-16269,06-05-2024,08-05-2024,Nina Lee,Corporate,East,Technology,Accessories,6200.07,3,0,2510.39
ORD-17922,15-06-2022,18-06-2022,Wei Lee,Consumer,East,Office Supplies,Envelopes,173.94,3,0,19.88
ORD-16490,03-03-2022,04-03-2022,Maria Smith,Corporate,East,Technology,Copiers,5939.14,3,0.2,1300.7
ORD-11497,09-05-2022,11-05-2022,David Chen,Consumer,East,Furniture,Bookcases,222.28,1,0.15,-34.36
ORD-16192,16-01-2024,18-01-2024,Grace Lewis,Home Office,West,Office Supplies,Art,888.08,4,0.1,45.59
ORD-13030,01-11-2022,04-11-2022,Priya Brown,Corporate,Central,Technology,Accessories,1279.06,2,0.2,62.87
ORD-15576,23-05-2024,27-05-2024,Kevin Patel,Corporate,East,Technology,Accessories,1866.43,1,0.15,234.5
ORD-18704,07-09-2024,08-09-2024,Wei Martinez,Corporate,Central,Furniture,Tables,491.14,3,0.2,-109.43
ORD-14093,04-10-2022,06-10-2022,Carlos Clark,Consumer,South,Technology,Phones,1487.38,1,0,558.11
ORD-11872,03-05-2023,08-05-2023,Maria Smith,Home Office,East,Furniture,Bookcases,1277.58,3,0.5,-267.08
ORD-17143,11-08-2023,14-08-2023,Fatima Johnson,Home Office,Central,Furniture,Bookcases,4687.5,5,0,-165.93
ORD-16238,18-06-2024,21-06-2024,David Khan,Corporate,South,Office Supplies,Labels,207.77,1,0,41.43
ORD-12290,05-03-2023,08-03-2023,Fatima Patel,Home Office,East,Office Supplies,Binders,486.67,3,0.3,27.4
ORD-15886,11-01-2024,14-01-2024,Mohammed Lewis,Consumer,East,Office Supplies,Storage,48.02,2,0,9.86
ORD-16891,19-01-2022,20-01-2022,John Garcia,Corporate,West,Technology,Machines,208.22,1,0.15,-4.33
ORD-10940,16-04-2023,18-04-2023,Linda Smith,Consumer,Central,Technology,Copiers,1501.38,1,0.15,-74.09
ORD-18204,21-05-2022,24-05-2022,Tom Smith,Consumer,West,Furniture,Tables,2936.17,3,0.15,-415.85
ORD-16854,01-07-2022,04-07-2022,Priya Clark,Corporate,EAST,Office Supplies,Art,97.98,1,0.1,7.77
ORD-13722,13-06-2023,16-06-2023,John Patel,Home Office,East,Office Supplies,Paper,512.21,3,0.2,93.62
ORD-14049,23-03-2024,24-03-2024,Kevin Walker,Corporate,West,Furniture,Bookcases,344.59,1,0,94.26
ORD-12878,24-11-2023,27-11-2023,Sara Khan,Consumer,West,Office Supplies,Art,554.25,3,0,106.97
ORD-19248,15-06-2022,19-06-2022,James Khan,Consumer,West,Office Supplies,Art,174,1,0.1,1.52
ORD-16581,21-02-2023,26-02-2023,Maria Davis,Corporate,Central,Furniture,Chairs,1663.86,2,0.15,145.3
ORD-12658,03-08-2023,04-08-2023,David Johnson,Consumer,Central,Technology,Copiers,2990.86,2,0,904.35
ORD-11113,24-09-2022,26-09-2022,Anna Young,Corporate,West,Office Supplies,Art,208.28,2,0,72.32
ORD-16975,09-05-2022,11-05-2022,Kevin Lewis,Corporate,Central,Office Supplies,Art,226.9,1,0,51.33
ORD-12416,16-10-2023,20-10-2023,Mohammed Rodriguez,Corporate,West,Furniture,Chairs,269.64,1,0.15,-59.09
ORD-10685,07-11-2022,08-11-2022,Mohammed Smith,Consumer,East,Furniture,Tables,1144.42,2,0.4,-462.84
ORD-18996,05-04-2024,12-04-2024,Sara Brown,Consumer,Central,Office Supplies,Envelopes,370.65,2,0.15,79.31
ORD-13360,18-08-2024,21-08-2024,Nina Walker,Home Office,South,Technology,Phones,2293.33,1,0,59.52
ORD-12810,12-03-2023,14-03-2023,David Brown,Home Office,East,Furniture,Tables,3523.38,3,0,565.79
ORD-11680,06-10-2022,09-10-2022,Anna Chen,Corporate,East,Technology,Accessories,1938.42,2,0.1,318.08
ORD-19590,25-12-2022,01-01-2023,Anna Lewis,Consumer,Central,Furniture,Furnishings,533.5,1,0.1,-23.52
ORD-17406,21-12-2024,23-12-2024,Grace Johnson,Consumer,West,Office Supplies,Binders,100.01,1,0.4,-12.17
ORD-14476,26-10-2023,02-11-2023,Sara Wilson,Consumer,Central,Furniture,Tables,242.47,1,0,-84.73
ORD-13940,12-07-2022,13-07-2022,Mohammed Chen,Consumer,Central,Office Supplies,Storage,1245.2,5,0,143.46
ORD-19719,10-12-2023,13-12-2023,David Rodriguez,Consumer,Central,Office Supplies,Paper,289.02,2,0.2,67.64
ORD-10484,06-05-2023,10-05-2023,Fatima Lee,Corporate,West,Office Supplies,Art,104.24,2,0,20.34
ORD-15502,24-02-2023,27-02-2023,John Martinez,Home Office,East,Furniture,Chairs,1042.5,3,0.3,-186.01
ORD-17563,17-07-2022,19-07-2022,Priya Patel,Consumer,East,Technology,Phones,1601.61,1,0,263.22
ORD-15822,09-04-2022,10-04-2022,John Patel,Home Office,WEST,Office Supplies,Binders,431.3,3,0.3,2.72
ORD-15979,22-09-2023,25-09-2023,Grace Lewis,Consumer,West,Office Supplies,Envelopes,25.68,1,0.3,-3.91
ORD-19595,06-03-2022,07-03-2022,Carlos Garcia,Consumer,West,Office Supplies,Paper,89.63,1,0.4,-16.16
ORD-11083,16-02-2023,23-02-2023,Carlos Lee,Consumer,West,Furniture,Bookcases,719.05,1,0,-4.34
ORD-15918,23-11-2022,24-11-2022,James Walker,Home Office,Central,Office Supplies,Art,241.88,5,0.5,-5.64
ORD-18448,23-10-2023,25-10-2023,John Garcia,Corporate,East,Office Supplies,Storage,60.06,1,0.4,-0.67
ORD-10733,12-10-2022,15-10-2022,David Brown,Corporate,East,Technology,Machines,1540.27,1,0.15,-491.18
ORD-12169,26-02-2022,03-03-2022,Linda Garcia,Corporate,East,Technology,Copiers,4031.69,4,0.15,-75.51
ORD-11066,20-03-2024,21-03-2024,Wei Smith,Home Office,West,Furniture,Bookcases,1022.95,1,0.1,-178.52
ORD-13294,06-12-2023,07-12-2023,Sara Rodriguez,Consumer,South,Furniture,Bookcases,736.68,1,0.3,-101.3
ORD-13752,07-09-2023,09-09-2023,John Brown,Consumer,West,Technology,Accessories,641.75,1,0.1,67.72
ORD-10971,25-02-2023,26-02-2023,Wei Khan,Consumer,West,Office Supplies,Binders,171.92,1,0.3,13.46
ORD-19291,14-11-2022,17-11-2022,Kevin Young,Consumer,Central,Furniture,Bookcases,1820.38,2,0,-93.36
ORD-13437,25-12-2022,26-12-2022,Carlos Clark,Corporate,East,Technology,Copiers,539.79,2,0.2,-39.31
ORD-10187,17-06-2022,20-06-2022,,Consumer,West,Office Supplies,Binders,131.56,1,0,32.95
ORD-18232,16-03-2022,20-03-2022,Fatima Smith,Consumer,central,Technology,Phones,2172.29,1,0,570.58
ORD-14194,10-12-2024,12-12-2024,Anna Walker,Corporate,East,Technology,Machines,2229.5,2,0.15,26.81
ORD-14642,22-05-2024,29-05-2024,Nina Brown,Consumer,East,Furniture,Bookcases,247.86,2,0,-21.93
ORD-15566,06-09-2024,08-09-2024,Tom Clark,Consumer,West,Office Supplies,Storage,835.7,5,0.1,249.55
ORD-16262,10-02-2022,14-02-2022,Grace Patel,Consumer,East,Office Supplies,Art,164.08,3,0.1,29.63
ORD-10830,27-10-2023,30-10-2023,Anna Wilson,Corporate,East,Technology,Accessories,788.1,3,0,196.14
ORD-14120,19-09-2022,21-09-2022,James Brown,Corporate,East,Office Supplies,Envelopes,107.35,3,0.1,30.36
ORD-14942,12-04-2024,14-04-2024,Maria Patel,Consumer,East,Office Supplies,Labels,57.41,1,0,10.09
ORD-13439,14-01-2023,17-01-2023,Linda Rodriguez,Consumer,South,Office Supplies,Paper,120.56,1,0.15,21.09
ORD-19543,12-12-2023,13-12-2023,Carlos Davis,Home Office,West,Office Supplies,Binders,69.6,2,0,15.78
ORD-18931,22-01-2024,24-01-2024,Priya Brown,Home Office,Central,Office Supplies,Storage,636.04,3,0.1,79.98
ORD-17365,25-06-2023,29-06-2023,David Khan,Home Office,East,Office Supplies,Art,95.35,1,0.15,-0.89
ORD-17213,15-01-2022,17-01-2022,Nina Lewis,Corporate,West,Office Supplies,Storage,766.24,4,0,269.18
ORD-11897,27-08-2023,29-08-2023,Wei Lee,Consumer,South,Office Supplies,Labels,209.34,6,0,44.6
ORD-16729,16-04-2023,20-04-2023,Fatima Lewis,Corporate,West,Technology,Phones,7374.67,6,0.1,196.77
ORD-17449,03-05-2023,07-05-2023,John Patel,Consumer,South,Office Supplies,Art,26.55,1,0.15,4.87
ORD-10053,06-05-2023,11-05-2023,Fatima Khan,Consumer,West,Office Supplies,Envelopes,153.41,1,0,55.09
ORD-16434,22-01-2023,24-01-2023,Carlos Lewis,Corporate,West,Office Supplies,Art,77.15,3,0.4,-2.87
ORD-14332,12-01-2024,15-01-2024,Nina Chen,Consumer,East,Technology,Phones,1242.51,1,0.2,-75.55
ORD-15295,05-12-2024,06-12-2024,Sara Patel,Corporate,West,Technology,Copiers,9734.2,4,0,-827.62
ORD-15868,18-07-2022,25-07-2022,Linda Patel,Corporate,West,Furniture,Tables,374.85,2,0.1,-140.14
ORD-14251,15-11-2024,20-11-2024,Priya Brown,Consumer,South,Office Supplies,Art,607.64,4,0,231.45
ORD-12359,25-12-2024,28-12-2024,James Walker,Consumer,West,Office Supplies,Art,96.82,2,0.4,4.58
ORD-12846,12-03-2023,19-03-2023,Nina Khan,Consumer,West,Furniture,Tables,558.96,3,0.15,-169.35
ORD-13114,11-03-2022,12-03-2022,Mohammed Lee,Corporate,South,Technology,Phones,4775.65,4,0.3,11.18
ORD-13350,09-01-2024,13-01-2024,Nina Lee,Corporate,West,Furniture,Tables,761.54,2,0.3,-104.76
ORD-10563,15-11-2023,20-11-2023,Mohammed Young,Corporate,south,Furniture,Bookcases,951.58,3,0.5,-629.98
ORD-10911,25-11-2022,28-11-2022,Mohammed Lewis,Consumer,Central,Technology,Accessories,2818.89,3,0,314.94
ORD-11460,06-09-2022,08-09-2022,Sara Young,Consumer,West,Office Supplies,Labels,29.2,1,0.15,2.27
ORD-17222,20-06-2022,22-06-2022,David Walker,Corporate,West,Office Supplies,Storage,311.04,5,0.1,64.84
ORD-19736,26-02-2023,01-03-2023,Nina Johnson,Home Office,Central,Office Supplies,Art,567.41,3,0.2,16.64
ORD-14993,07-08-2022,14-08-2022,Sara Garcia,Corporate,East,Furniture,Furnishings,3021.19,6,0.15,-157.4
ORD-16980,11-06-2022,16-06-2022,Linda Smith,Consumer,Central,Furniture,Tables,1828.79,2,0.15,600.09
ORD-11056,27-09-2024,30-09-2024,Wei Walker,Home Office,South,Technology,Machines,1631.57,2,0.2,-154.45
ORD-10540,13-10-2023,16-10-2023,Priya Rodriguez,Corporate,West,Office Supplies,Binders,96.92,4,0,25.78
ORD-13223,20-10-2023,22-10-2023,Carlos Walker,Corporate,West,Furniture,Furnishings,1132.48,4,0,29.81
ORD-14482,03-07-2024,05-07-2024,Fatima Walker,Corporate,East,Technology,Phones,3002.17,4,0.15,813.42
ORD-17044,09-12-2022,14-12-2022,Mohammed Rodriguez,Consumer,Central,Furniture,Tables,1184.64,1,0,297.51
ORD-19154,20-02-2024,23-02-2024,Anna Davis,Consumer,CENTRAL,Office Supplies,Envelopes,842.04,4,0,129.63
ORD-13080,10-07-2024,13-07-2024,Carlos Smith,Consumer,South,Office Supplies,Binders,155.91,3,0,39.65
ORD-18228,10-06-2024,11-06-2024,Nina Khan,Consumer,West,Technology,Copiers,1712.56,4,0,481.47
ORD-19263,10-08-2023,11-08-2023,Kevin Garcia,Corporate,central,Office Supplies,Labels,347.71,2,0.2,8.45
ORD-13177,27-11-2023,28-11-2023,Carlos Chen,Consumer,Central,Furniture,Tables,3375.6,3,0,-1.1
ORD-19226,10-06-2022,11-06-2022,Nina Wilson,Consumer,South,Office Supplies,Labels,194.13,1,0,34.42
ORD-11177,13-03-2023,15-03-2023,Wei Khan,Consumer,East,Furniture,Chairs,1262.14,2,0.3,227.37
ORD-10245,12-08-2023,13-08-2023,John Davis,Corporate,South,Office Supplies,Art,258.6,4,0.15,-16.77
ORD-19771,03-11-2023,05-11-2023,Wei Khan,Home Office,West,Office Supplies,Labels,7.32,1,0.15,0.87
ORD-17779,06-11-2024,11-11-2024,Wei Davis,Corporate,East,Furniture,Chairs,4231.48,4,0.1,-319.14
ORD-11903,23-06-2024,27-06-2024,Mohammed Johnson,Home Office,Central,Furniture,Bookcases,703.09,2,0.3,-157.6
ORD-18697,26-09-2024,27-09-2024,Nina Smith,Consumer,West,Furniture,Furnishings,905.24,1,0,25.59
ORD-17770,19-02-2023,21-02-2023,Linda Chen,Corporate,Central,Office Supplies,Storage,61.56,4,0,13.29
ORD-19077,24-10-2024,26-10-2024,Fatima Rodriguez,Consumer,East,Office Supplies,Storage,482.16,4,0.3,67.55
ORD-16757,19-03-2022,24-03-2022,Wei Clark,Home Office,West,Office Supplies,Paper,392.98,2,0,100.86
ORD-15210,06-09-2022,09-09-2022,Kevin Walker,Consumer,East,Technology,Accessories,161,1,0.5,-35.62
ORD-11354,24-05-2024,25-05-2024,Nina Wilson,Home Office,East,Office Supplies,Storage,196.15,2,0.1,-7.34
ORD-10042,27-06-2024,01-07-2024,Wei Garcia,Consumer,Central,Office Supplies,Binders,7.1,1,0.15,2.09
ORD-14201,22-12-2024,24-12-2024,Fatima Brown,Corporate,West,Technology,Phones,1196.67,1,0.15,-40.21
ORD-13732,07-02-2022,10-02-2022,Fatima Patel,Consumer,East,Technology,Copiers,9978.02,6,0.3,169.25
ORD-13844,16-05-2022,20-05-2022,Wei Smith,Home Office,West,Technology,Machines,1741.61,1,0.15,119.01
ORD-15352,27-09-2023,28-09-2023,Kevin Rodriguez,Consumer,South,Technology,Copiers,1947.92,2,0.3,204.79
ORD-14840,05-12-2022,08-12-2022,Linda Patel,Consumer,West,Furniture,Furnishings,717.25,1,0.3,-185.04
ORD-18868,26-04-2022,01-05-2022,Nina Young,Corporate, South ,Technology,Accessories,1482.93,1,0.2,244.18
ORD-18473,07-10-2024,08-10-2024,Grace Khan,Consumer,East,Office Supplies,Envelopes,411.48,2,0.15,44.38
ORD-17652,24-02-2023,28-02-2023,Grace Smith,Corporate,Central,Office Supplies,Paper,203.36,2,0.1,25.59
ORD-19702,21-05-2022,23-05-2022,Tom Johnson,Corporate,East,Office Supplies,Paper,11.29,1,0,0.61
ORD-17904,25-08-2024,01-09-2024,Fatima Lee,Consumer,Central,Office Supplies,Art,583.96,4,0,16.03
ORD-14023,27-12-2023,28-12-2023,Grace Davis,Corporate,East,Furniture,Tables,634.42,2,0,-0.86
ORD-15070,08-05-2022,09-05-2022,Mohammed Smith,Home Office,East,Office Supplies,Art,140.11,1,0,39.43
ORD-12945,08-07-2022,10-07-2022,Mohammed Clark,Consumer,East,Office Supplies,Envelopes,324.38,2,0.1,34.4
ORD-14539,12-01-2024,15-01-2024,Mohammed Chen,Corporate,South,Technology,Accessories,2784.11,2,0.2,-24.14
ORD-14550,12-04-2023,13-04-2023,Mohammed Rodriguez,Consumer,Central,Office Supplies,Storage,802.64,4,0,113.24
ORD-19625,07-08-2023,14-08-2023,Nina Lewis,Home Office,West,Furniture,Tables,514.65,1,0.2,-2.99
ORD-10421,02-02-2022,03-02-2022,Anna Wilson,Home Office,West,Office Supplies,Envelopes,20.65,1,0,4.31
ORD-17002,26-05-2024,31-05-2024,Anna Young,Consumer,East,Technology,Copiers,1634.36,4,0,274.62
ORD-18353,16-01-2022,20-01-2022,Priya Johnson,Consumer,South,Technology,Copiers,4862.75,3,0.1,1454.85
ORD-14051,27-01-2022,29-01-2022,Tom Smith,Home Office,West,Office Supplies,Paper,217.26,1,0,31.15
ORD-18435,19-07-2024,23-07-2024,Carlos Lewis,Home Office,South,Technology,Machines,1429.61,1,0.4,-431.09
ORD-17446,06-07-2022,09-07-2022,Sara Chen,Consumer,South,Office Supplies,Art,111.36,2,0.2,-6.35
ORD-15863,17-01-2023,21-01-2023,Maria Lee,Home Office,Central,Furniture,Bookcases,5300.65,5,0,738.41
ORD-10130,18-09-2024,20-09-2024,Priya Davis,Corporate,West,Office Supplies,Art,616.74,3,0,146.11
ORD-16930,09-04-2024,13-04-2024,Anna Johnson,Consumer,West,Office Supplies,Art,478.35,4,0.15,42.8
ORD-13409,21-10-2022,22-10-2022,Kevin Wilson,Corporate,South,Technology,Accessories,1521.42,1,0.2,187.34
ORD-16869,08-11-2023,13-11-2023,Tom Walker,Corporate,East,Technology,Accessories,1348.69,3,0.15,289.81
ORD-18350,04-12-2022,09-12-2022,Wei Walker,Home Office,West,Office Supplies,Envelopes,129.12,1,0.4,-22.67
ORD-15572,05-01-2022,07-01-2022,Nina Garcia,Corporate,East,Technology,Accessories,5388.15,3,0.15,1543.98
ORD-12806,16-10-2023,20-10-2023,Fatima Khan,Consumer,West,Office Supplies,Labels,96.62,2,0,51.78
ORD-12701,08-06-2022,11-06-2022,Nina Lee,Consumer,West,Office Supplies,Paper,495.23,4,0.2,103.86
ORD-16946,16-08-2024,18-08-2024,Anna Smith,Consumer,West,Furniture,Bookcases,1451.86,2,0,96.22
ORD-14477,23-08-2023,25-08-2023,Anna Wilson,Corporate,West,Technology,Accessories,257.98,1,0,62.35
ORD-16873,17-01-2022,21-01-2022,Carlos Wilson,Consumer,West,Office Supplies,Envelopes,48.61,4,0.2,4.55
ORD-13659,05-06-2024,08-06-2024,David Lewis,Home Office,West,Office Supplies,Storage,118.7,2,0,23.12
ORD-17688,04-09-2024,08-09-2024,Tom Clark,Consumer,West,Office Supplies,Labels,847.98,5,0.1,259.76
ORD-15186,04-09-2024,09-09-2024,Priya Rodriguez,Corporate,West,Technology,Machines,1988.36,1,0,109.38
ORD-19428,27-06-2024,29-06-2024,Priya Patel,Home Office,South,Office Supplies,Paper,663.84,4,0.1,19.02
ORD-16356,08-04-2024,09-04-2024,Mohammed Davis,Corporate,Central,Office Supplies,Binders,156.46,2,0.3,-26.56
ORD-19608,26-04-2024,03-05-2024,James Smith,Consumer,South,Office Supplies,Binders,203.15,2,0.2,58.47
ORD-10247,25-06-2023,30-06-2023,Maria Lewis,Consumer,West,Office Supplies,Paper,333.09,3,0,58.8
ORD-17352,10-04-2022,14-04-2022,James Davis,Consumer,East,Office Supplies,Envelopes,46.46,2,0,11.61
ORD-16405,20-08-2024,23-08-2024,Tom Johnson,Home Office,CENTRAL,Office Supplies,Art,194.85,1,0.2,49.03
ORD-19308,27-02-2024,28-02-2024,Maria Young,Consumer,East,Furniture,Furnishings,1868.07,3,0,-153.28
ORD-18281,17-03-2024,18-03-2024,Sara Chen,Corporate,East,Office Supplies,Labels,48.99,1,0.1,10.68
ORD-11875,19-11-2022,20-11-2022,Grace Young,Home Office,Central,Office Supplies,Storage,92.57,1,0.2,-3.13
ORD-14935,23-01-2024,25-01-2024,James Davis,Consumer,East,Office Supplies,Storage,57.63,2,0.2,9.59
ORD-15680,13-09-2023,15-09-2023,Priya Lee,Consumer,East,Office Supplies,Envelopes,368.58,2,0.2,50.3
ORD-15026,10-03-2023,12-03-2023,Sara Brown,Consumer,East,Office Supplies,Paper,174.84,1,0,57.45
ORD-19261,10-12-2022,11-12-2022,Grace Patel,Consumer,Central,Office Supplies,Storage,261.3,2,0,7.8
ORD-13434,21-12-2022,23-12-2022,James Brown,Consumer,West,Technology,Copiers,724.68,2,0.15,182.97
ORD-16643,20-11-2024,23-11-2024,John Garcia,Consumer,West,Office Supplies,Art,86.21,2,0.2,6.78
ORD-10892,19-12-2023,21-12-2023,Nina Clark,Consumer,West,Furniture,Bookcases,848.72,1,0,-41.19
ORD-11335,26-12-2023,31-12-2023,Priya Walker,Home Office,South,Furniture,Chairs,504.74,2,0.1,62.16
ORD-14867,25-11-2022,29-11-2022,Fatima Clark,Consumer,South,Office Supplies,Envelopes,127.9,5,0,37.97
ORD-15512,20-11-2024,24-11-2024,Priya Khan,Consumer,Central,Technology,Phones,1773.12,2,0,242.2
ORD-16035,13-12-2022,18-12-2022,Nina Clark,Corporate,South,Technology,Machines,1390.91,1,0.15,231.4
ORD-10396,13-12-2024,15-12-2024,James Khan,Consumer,West,Office Supplies,Paper,84.16,2,,-0.09
ORD-13700,22-02-2022,24-02-2022,John Johnson,Consumer,East,Office Supplies,Labels,27.89,1,0.2,4.22
ORD-17568,12-11-2023,13-11-2023,Mohammed Clark,Home Office,Central,Furniture,Chairs,445.17,1,0.2,-140.02
ORD-11968,26-02-2024,27-02-2024,Tom Walker,Consumer,East,Office Supplies,Envelopes,145.61,3,0.2,13.69
ORD-17945,14-09-2023,18-09-2023,Sara Patel,Consumer,West,Furniture,Bookcases,1360.34,2,0.15,110.68
ORD-18023,03-10-2022,04-10-2022,Carlos Young,Corporate,East,Office Supplies,Art,126.93,5,0.4,-5.7
ORD-18086,07-12-2022,11-12-2022,Tom Young,Corporate,East,Furniture,Chairs,362.38,1,0.3,-44.99
ORD-17277,14-03-2023,15-03-2023,Wei Rodriguez,Consumer,West,Office Supplies,Labels,174.66,6,0,40.74
ORD-15676,20-12-2024,25-12-2024,David Lee,Consumer,Central,Technology,Machines,1358.61,1,0,165.13
ORD-11876,16-11-2024,19-11-2024,Mohammed Davis,Home Office,Central,Office Supplies,Labels,124.24,1,0.1,15.81
ORD-18137,20-12-2024,22-12-2024,John Khan,Consumer,East,Office Supplies,Labels,283.88,3,0.3,15.5
ORD-17997,19-12-2023,24-12-2023,Nina Garcia,Corporate,Central,Office Supplies,Binders,388.7,2,0.15,51.94
ORD-15543,18-04-2024,21-04-2024,Nina Davis,Corporate,East,Furniture,Bookcases,704.67,2,0.2,-64.9
ORD-12777,06-09-2022,10-09-2022,Mohammed Patel,Corporate,South,Furniture,Furnishings,831.58,1,0,-137.57
ORD-10905,09-06-2022,11-06-2022,Maria Young,Corporate,West,Furniture,Chairs,65.07,1,0.15,2.14
ORD-14364,19-12-2022,23-12-2022,Sara Patel,Consumer,West,Office Supplies,Art,315.38,2,0.1,99.16
ORD-13192,21-05-2024,22-05-2024,David Davis,Corporate,West,Office Supplies,Envelopes,141.36,1,0,37.58
ORD-15621,24-11-2023,27-11-2023,David Chen,Corporate,South,Furniture,Tables,196.92,2,0.3,-39.98
ORD-12393,03-08-2023,05-08-2023,Wei Patel,Corporate,West,Office Supplies,Art,502.82,3,0.1,57.4
ORD-18271,14-12-2023,16-12-2023,Maria Rodriguez,Consumer,Central,Office Supplies,Envelopes,802.33,6,0.15,60.98
ORD-18897,15-03-2024,18-03-2024,Anna Lewis,Consumer,West,Furniture,Bookcases,1390.74,2,0.4,-513.31
ORD-16359,25-08-2022,26-08-2022,Fatima Wilson,Consumer,Central,Office Supplies,Envelopes,120.93,1,0,13.56
ORD-14954,21-04-2023,26-04-2023,Priya Clark,Consumer,West,Office Supplies,Binders,608.12,3,0.15,121.63
ORD-17422,21-12-2022,24-12-2022,Sara Young,Consumer,East,Office Supplies,Art,64.72,1,0,1.43
ORD-16168,23-03-2023,24-03-2023,Linda Smith,Home Office,South,Office Supplies,Labels,11.15,1,0,-0.94
ORD-18233,20-04-2024,22-04-2024,James Young,Corporate,East,Furniture,Tables,3589.4,4,0,-520.35
ORD-12128,27-08-2023,30-08-2023,David Lewis,Consumer,South,Office Supplies,Paper,76.02,1,0.5,-13.94
ORD-19172,13-07-2022,17-07-2022,Linda Patel,Consumer,Central,Office Supplies,Labels,201.14,1,0.15,34.33
ORD-15450,22-12-2023,25-12-2023,,Corporate,East,Furniture,Bookcases,1148.28,3,0,-19.39
ORD-13834,18-08-2024,20-08-2024,Grace Garcia,Consumer,West,Furniture,Chairs,507.47,1,0.1,11.52
ORD-17027,19-05-2023,26-05-2023,Grace Lewis,Consumer,West,Office Supplies,Binders,129.13,3,0.15,15.57
ORD-11231,23-03-2023,25-03-2023,Anna Smith,Consumer,West,Office Supplies,Art,32.67,1,0.3,8.51
ORD-16793,08-12-2024,13-12-2024,David Lee,Corporate,Central,Technology,Machines,8098.04,4,0,2848.8
ORD-15519,05-10-2022,07-10-2022,Kevin Lewis,Consumer,East,Office Supplies,Labels,289.8,3,0,39.04
ORD-12039,23-08-2023,24-08-2023,Mohammed Brown,Consumer,Central,Technology,Copiers,843.6,1,0.2,-64.67
ORD-19270,02-10-2024,06-10-2024,David Brown,Consumer,West,Technology,Copiers,3691.54,2,0,1555.57
ORD-17675,11-11-2024,15-11-2024,Priya Rodriguez,Consumer,West,Office Supplies,Binders,130.66,2,0.1,25.75
ORD-18055,15-04-2024,18-04-2024,Maria Smith,Corporate,Central,Office Supplies,Labels,24.63,1,0,8.65
ORD-13546,23-08-2023,30-08-2023,Grace Lewis,Home Office,West,Technology,Machines,4742.94,2,0,713.15
ORD-14152,06-12-2022,07-12-2022,Linda Lee,Corporate,West,Office Supplies,Binders,31.57,1,0.15,2.57
ORD-15372,25-05-2024,27-05-2024,Mohammed Johnson,Consumer,East,Furniture,Tables,3480.35,5,0,1080.14
ORD-14295,06-11-2022,08-11-2022,Fatima Wilson,Consumer,East,Technology,Machines,760.05,1,0.3,43.02
ORD-12862,22-11-2023,25-11-2023,Fatima Davis,Consumer,West,Office Supplies,Storage,196.26,2,0.15,67.55
ORD-16011,20-09-2024,22-09-2024,Mohammed Lewis,Corporate,West,Office Supplies,Envelopes,33.06,1,0,7.41
ORD-10154,24-09-2022,27-09-2022,James Clark,Consumer,East,Furniture,Furnishings,2345.22,3,0,-35.38
ORD-16781,01-11-2024,08-11-2024,Linda Johnson,Consumer,West,Furniture,Tables,2000.55,3,0.15,-761.86
ORD-18444,16-08-2024,18-08-2024,,Corporate,Central,Technology,Phones,1082.38,1,0.4,-75.16
ORD-11334,14-06-2023,15-06-2023,Linda Walker,Consumer,South,Technology,Machines,7237.05,3,0,712.96
ORD-12811,09-06-2022,14-06-2022,Sara Wilson,Consumer,Central,Technology,Phones,951.95,1,0.1,5.41
ORD-17161,23-02-2023,26-02-2023,Carlos Khan,Consumer,East,Office Supplies,Binders,1186.77,6,0.15,366.61
ORD-12474,06-12-2024,09-12-2024,Carlos Chen,Corporate,East,Furniture,Bookcases,969.74,1,0,-59.68
ORD-19653,11-11-2022,14-11-2022,Mohammed Johnson,Home Office,Central,Furniture,Furnishings,756.1,2,0.2,-89.07
ORD-11696,22-06-2022,27-06-2022,Sara Lee,Consumer,Central,Furniture,Chairs,356.72,1,0.15,-77.38
ORD-18572,25-09-2023,30-09-2023,Fatima Chen,Corporate,West,Furniture,Tables,403.17,2,0.15,-71.13
ORD-15553,13-08-2024,15-08-2024,Fatima Clark,Corporate,West,Furniture,Tables,2057.1,2,0,27.67
ORD-12567,18-03-2024,19-03-2024,David Rodriguez,Consumer, West ,Office Supplies,Storage,471.99,3,0.1,59.37
ORD-12397,24-04-2022,25-04-2022,Carlos Martinez,Consumer,Central,Technology,Copiers,391.2,1,0.3,-37.99
ORD-11841,10-12-2023,15-12-2023,James Garcia,Home Office,West,Technology,Copiers,4108.3,3,0.2,376.48
ORD-13982,12-12-2023,15-12-2023,Carlos Smith,Consumer,West,Technology,Machines,1926.34,3,0.2,147.9
ORD-16187,13-12-2023,14-12-2023,Maria Garcia,Consumer,East,Technology,Machines,2067.21,2,0.3,-203.39
ORD-15323,23-03-2024,27-03-2024,Kevin Brown,Corporate,West,Office Supplies,Envelopes,438.31,3,0.2,26.81
ORD-15778,01-08-2023,03-08-2023,Mohammed Smith,Corporate,East,Technology,Phones,1790.15,2,0.15,-546.14
ORD-12721,16-10-2022,18-10-2022,Carlos Lee,Consumer,Central,Technology,Copiers,395.39,4,0.15,-56.88
ORD-16502,02-06-2022,04-06-2022,Kevin Rodriguez,Consumer,East,Technology,Accessories,41.09,1,0,10
ORD-13675,15-11-2022,17-11-2022,Fatima Davis,Home Office,West,Office Supplies,Storage,47.65,2,0.2,-0.8
ORD-17543,12-03-2024,14-03-2024,Anna Patel,Home Office,Central,Office Supplies,Binders,872.65,5,0.15,114.41
ORD-12991,04-09-2022,08-09-2022,James Brown,Home Office,Central,Furniture,Chairs,1086.56,3,0.15,-163.01
ORD-13057,02-09-2023,04-09-2023,Maria Clark,Home Office,East,Furniture,Tables,5420.15,5,0,66.62
ORD-15126,24-12-2024,28-12-2024,Priya Martinez,Corporate,West,Technology,Machines,3480.92,3,0.3,-377.73
ORD-10449,04-11-2022,08-11-2022,Priya Johnson,Corporate,East,Furniture,Chairs,360.12,3,0,-19.31
ORD-12908,23-08-2023,27-08-2023,James Patel,Home Office,West,Furniture,Tables,1382.9,2,0,11.35
ORD-19137,10-03-2023,11-03-2023,Mohammed Patel,Corporate,Central,Office Supplies,Envelopes,26.75,4,0.2,5.91
ORD-16797,12-05-2024,14-05-2024,Sara Martinez,Home Office,West,Office Supplies,Labels,394.5,2,0.2,13.6
ORD-12421,06-02-2022,10-02-2022,Maria Garcia,Consumer,East,Technology,Accessories,32.37,1,0.15,-5.62
ORD-18360,08-09-2023,12-09-2023,James Wilson,Consumer,Central,Office Supplies,Envelopes,430.26,2,0,65.43
ORD-13408,20-02-2023,27-02-2023,Carlos Rodriguez,Home Office,East,Furniture,Furnishings,1040.94,3,0.4,-338.51
ORD-13554,19-09-2024,24-09-2024,Sara Walker,Consumer,Central,Office Supplies,Labels,192.31,1,0,17.24
ORD-16730,07-10-2022,11-10-2022,Priya Brown,Consumer,South,Office Supplies,Binders,227.22,2,,20.62
ORD-13073,13-11-2024,18-11-2024,David Lee,Home Office,Central,Furniture,Bookcases,469.83,1,0.15,8.9
ORD-10075,17-11-2024,19-11-2024,Priya Lee,Corporate,West,Office Supplies,Binders,47.73,1,0.3,-2.75
ORD-15291,04-01-2022,06-01-2022,Linda Young,Consumer,WEST,Furniture,Furnishings,468.6,1,0.5,-126.16
ORD-10876,22-04-2022,27-04-2022,John Davis,Consumer,East,Office Supplies,Labels,160.54,1,0.2,19.5
ORD-14774,20-05-2024,25-05-2024,Sara Clark,Consumer,Central,Office Supplies,Binders,313.38,4,0.15,-22.25
ORD-11802,23-12-2023,24-12-2023,Priya Smith,Consumer,West,Technology,Accessories,5674.45,5,0,551.63
ORD-12441,16-11-2024,20-11-2024,Anna Wilson,Home Office,Central,Office Supplies,Binders,23.34,1,0.2,3.46
ORD-14458,03-04-2024,08-04-2024,Fatima Patel,Corporate,East,Furniture,Furnishings,454.91,1,0,-232.26
ORD-18088,27-10-2023,31-10-2023,Fatima Patel,Consumer,West,Technology,Accessories,1948.74,2,0.2,179.99
ORD-18202,27-03-2024,29-03-2024,Maria Johnson,Consumer,East,Office Supplies,Art,52.34,1,0.3,9.1
ORD-12208,11-09-2022,12-09-2022,Carlos Martinez,Consumer, Central ,Technology,Copiers,4486.08,4,0,1784.4
ORD-15373,19-12-2024,24-12-2024,Linda Chen,Consumer,South,Technology,Machines,2002.45,2,0.2,800.77
ORD-13027,09-12-2024,10-12-2024,Kevin Martinez,Corporate,East,Office Supplies,Art,183.07,1,0,47.56
ORD-15558,07-01-2022,14-01-2022,Wei Davis,Consumer,West,Technology,Machines,1810.42,1,0.15,-64.71
ORD-12403,13-03-2024,14-03-2024,Carlos Clark,Corporate,East,Office Supplies,Storage,252.64,4,0.3,5.96
ORD-18308,14-12-2022,17-12-2022,Grace Brown,Consumer,East,Technology,Phones,974.34,2,0,-90.04
ORD-14903,15-04-2022,18-04-2022,Carlos Walker,Consumer,West,Technology,Accessories,2289.62,2,0,719.67
ORD-16763,09-10-2023,11-10-2023,Fatima Rodriguez,Consumer,South,Technology,Phones,791.86,1,0.2,-0.16
ORD-17249,23-11-2024,24-11-2024,John Smith,Corporate,South,Office Supplies,Storage,9.01,1,0,1.59
ORD-11197,03-06-2023,08-06-2023,Nina Khan,Consumer,Central,Furniture,Furnishings,3199.08,3,0,917.86
ORD-11772,24-08-2023,25-08-2023,Tom Patel,Corporate,South,Furniture,Furnishings,2373.26,2,0,599.46
ORD-15227,19-11-2022,23-11-2022,Mohammed Martinez,Consumer,Central,Technology,Copiers,836.28,3,0.4,35.14
ORD-14769,24-04-2022,26-04-2022,Kevin Young,Consumer,South,Office Supplies,Paper,576.82,3,0.2,61.41
ORD-13210,20-12-2023,22-12-2023,Mohammed Clark,Consumer,South,Office Supplies,Storage,129.71,2,0.15,18.54
ORD-19500,03-05-2024,08-05-2024,Nina Martinez,Corporate,West,Office Supplies,Labels,673.47,3,0,-1.52
ORD-10348,14-12-2024,18-12-2024,Mohammed Clark,Home Office,South,Technology,Machines,2290.79,3,0.1,177.17
ORD-16906,22-11-2024,24-11-2024,Maria Rodriguez,Consumer,West,Office Supplies,Binders,130.12,1,0,44.55
ORD-14217,25-06-2024,27-06-2024,Linda Chen,Corporate,Central,Furniture,Bookcases,6858.9,6,0,1156.31
ORD-17752,15-09-2023,19-09-2023,Sara Martinez,Consumer,Central,Office Supplies,Paper,19.08,3,0,4.7
ORD-19447,12-07-2023,14-07-2023,Fatima Garcia,Consumer,West,Furniture,Furnishings,497.31,1,0.1,-59.74
ORD-14021,03-11-2024,06-11-2024,Carlos Johnson,Consumer,Central,Office Supplies,Envelopes,262.74,3,0,39.69
ORD-17183,17-06-2022,19-06-2022,Priya Chen,Consumer,East,Furniture,Bookcases,1903.61,2,0.1,-176.86
ORD-16942,21-07-2022,23-07-2022,Linda Garcia,Corporate,West,Office Supplies,Binders,273.65,5,0.5,-14.78
ORD-13866,21-12-2024,22-12-2024,Fatima Wilson,Home Office,South,Office Supplies,Paper,713.7,5,0,165.66
ORD-19529,13-12-2022,17-12-2022,James Chen,Consumer,Central,Furniture,Furnishings,399,1,0,-1.89
ORD-11900,02-08-2023,03-08-2023,Linda Smith,Home Office,Central,Office Supplies,Storage,244.7,3,0.2,41
ORD-13333,14-01-2022,16-01-2022,Sara Lewis,Corporate,West,Furniture,Tables,1581.14,3,0.4,155.06
ORD-18531,24-05-2023,27-05-2023,Mohammed Davis,Corporate,West,Technology,Machines,576.67,4,0.2,210.6
ORD-13854,02-05-2023,06-05-2023,Sara Martinez,Corporate,South,Office Supplies,Envelopes,179.44,3,0.5,-3.95
ORD-15897,19-09-2023,20-09-2023,Sara Brown,Consumer,Central,Technology,Machines,430.78,1,0.1,94.74
ORD-15745,14-11-2023,21-11-2023,Mohammed Lewis,Home Office,Central,Office Supplies,Storage,401.78,2,0.1,20.73
ORD-10779,16-01-2023,21-01-2023,,Consumer,Central,Furniture,Furnishings,1886.25,3,0,-278.94
ORD-19111,17-10-2022,20-10-2022,Carlos Johnson,Consumer,East,Office Supplies,Binders,454.8,4,0,1.01
ORD-18148,19-12-2023,22-12-2023,Priya Davis,Consumer,East,Office Supplies,Paper,248.73,2,0.15,67.27
ORD-14863,17-11-2022,19-11-2022,Linda Johnson,Corporate,East,Office Supplies,Binders,399.78,2,0.2,24.44
ORD-10855,04-06-2023,05-06-2023,Sara Wilson,Corporate,East,Office Supplies,Paper,450.06,3,0.1,113.19
ORD-16529,06-06-2022,07-06-2022,Mohammed Young,Consumer,East,Technology,Accessories,3535.92,5,0.1,176.57
ORD-17066,05-12-2023,06-12-2023,David Patel,Consumer,South,Technology,Copiers,753.48,3,0.2,-39.63
ORD-12281,03-12-2024,06-12-2024,Priya Khan,Corporate,East,Office Supplies,Paper,812.4,4,0.15,173.71
ORD-17671,09-05-2023,10-05-2023,Carlos Smith,Consumer,South,Furniture,Chairs,390.69,1,0,-32.71
ORD-14734,10-11-2022,13-11-2022,Grace Johnson,Corporate,Central,Office Supplies,Envelopes,955.44,6,0,176.08
ORD-10451,22-06-2022,25-06-2022,Priya Johnson,Consumer,East,Office Supplies,Storage,163.75,1,0.1,52.47
ORD-17333,19-05-2022,22-05-2022,Maria Clark,Corporate,South,Office Supplies,Storage,445.7,3,0.3,78.32
ORD-13492,16-05-2023,18-05-2023,James Garcia,Consumer,West,Furniture,Furnishings,731.41,2,0.1,194.06
ORD-18942,05-08-2022,06-08-2022,Nina Martinez,Corporate,East,Office Supplies,Binders,99.68,1,0.1,6.3
ORD-16637,03-07-2022,05-07-2022,Maria Smith,Corporate,South,Technology,Copiers,7393.71,3,0,2636.93
ORD-16134,24-07-2024,31-07-2024,David Lee,Home Office,East,Technology,Accessories,1136.23,1,0.5,-222.55
ORD-16442,18-10-2024,22-10-2024,Sara Lewis,Corporate,East,Office Supplies,Labels,90.73,1,0.2,7.43
ORD-16208,08-11-2022,09-11-2022,Nina Patel,Consumer,South,Office Supplies,Labels,31.15,1,0,4.35
ORD-10896,08-05-2024,12-05-2024,Carlos Johnson,Consumer,West,Technology,Copiers,4300.04,2,0,272.9
ORD-16719,18-09-2023,20-09-2023,Priya Wilson,Corporate,West,Office Supplies,Envelopes,70.54,1,0.3,3.58
ORD-14314,17-12-2024,22-12-2024,Nina Johnson,Consumer,West,Office Supplies,Envelopes,74.55,6,0.3,5.3
ORD-12768,03-08-2023,06-08-2023,Sara Garcia,Consumer,East,Office Supplies,Storage,378.7,4,0.5,-75.53
ORD-13203,17-12-2024,20-12-2024,Linda Lee,Consumer,South,Office Supplies,Art,11.99,1,0.4,2.83
ORD-16459,15-09-2022,18-09-2022,Anna Martinez,Consumer,East,Office Supplies,Labels,49.2,1,0,10.16
ORD-10102,14-09-2023,16-09-2023,John Johnson,Corporate,East,Office Supplies,Art,99.38,1,0.1,17.17
ORD-19171,26-04-2023,30-04-2023,John Lee,Corporate,West,Furniture,Tables,2645.73,4,0.2,-441.24
ORD-14828,07-12-2023,09-12-2023,Fatima Lee,Consumer,East,Furniture,Bookcases,1223.84,3,0.3,-4.42
ORD-17947,19-02-2024,24-02-2024,Fatima Lewis,Consumer,Central,Technology,Phones,4322.72,2,0,988
ORD-10762,14-04-2024,18-04-2024,Sara Martinez,Consumer,West,Office Supplies,Art,29.46,2,0.4,-1.93
ORD-11333,12-07-2024,13-07-2024,James Martinez,Consumer,West,Office Supplies,Binders,727.63,4,0.1,111.64
ORD-13077,16-08-2022,18-08-2022,Anna Davis,Consumer,East,Technology,Machines,2021.8,4,0,705.99
ORD-17481,18-03-2022,21-03-2022,Carlos Wilson,Consumer,Central,Technology,Copiers,996.7,3,0.1,-21.78
ORD-13243,07-07-2023,09-07-2023,Priya Martinez,Consumer,West,Technology,Copiers,764.24,1,0,128.07
ORD-12431,13-12-2023,15-12-2023,Wei Young,Consumer,South,Office Supplies,Binders,914.34,5,0.15,217.55
ORD-14036,01-08-2022,05-08-2022,Priya Young,Home Office,Central,Office Supplies,Art,1007.5,5,0.1,268.21
ORD-11777,04-09-2022,09-09-2022,Sara Martinez,Home Office,South,Technology,Copiers,3441.68,3,0.15,381.44
ORD-16742,26-12-2024,28-12-2024,Carlos Patel,Corporate,East,Office Supplies,Labels,34.14,2,0.4,4.71
ORD-16463,23-03-2023,27-03-2023,Grace Wilson,Home Office,South,Furniture,Chairs,989.39,4,0.1,78.81
ORD-10183,14-10-2023,16-10-2023,Nina Lewis,Corporate,South,Office Supplies,Envelopes,169.72,1,0.15,24.59
ORD-11883,23-10-2022,28-10-2022,Anna Walker,Consumer,Central,Technology,Phones,1621.69,1,0.15,316.7
ORD-14306,13-01-2022,16-01-2022,Carlos Wilson,Corporate,Central,Furniture,Chairs,201.99,1,0.1,-33.93
ORD-11228,16-12-2024,18-12-2024,John Walker,Home Office,East,Furniture,Tables,1392.16,2,0.1,-60.56
ORD-10842,03-11-2024,10-11-2024,Sara Garcia,Consumer,South,Office Supplies,Envelopes,99.13,2,0.5,15.1
ORD-11126,01-03-2023,02-03-2023,Priya Garcia,Consumer,East,Technology,Accessories,382.61,2,0.2,-16.6
ORD-14462,16-08-2024,17-08-2024,Kevin Lee,Corporate,East,Office Supplies,Paper,160.15,4,0.4,11.04
ORD-12284,23-02-2022,28-02-2022,David Wilson,Consumer,Central,Technology,Copiers,229.86,1,0.2,91
ORD-19017,03-12-2022,04-12-2022,Mohammed Smith,Consumer,south,Furniture,Tables,1816.61,2,0.2,104.61
ORD-12244,06-04-2022,10-04-2022,Tom Chen,Corporate,West,Office Supplies,Binders,179.62,2,0,50.25
ORD-14352,21-05-2024,24-05-2024,Fatima Walker,Corporate,Central,Furniture,Furnishings,508.89,1,0.3,-118.1
ORD-12963,05-01-2024,07-01-2024,Fatima Garcia,Consumer,South,Office Supplies,Art,225.41,1,0,19.65
ORD-14401,11-10-2023,15-10-2023,Anna Martinez,Corporate,West,Technology,Machines,1581.16,2,0,219.04
ORD-13667,17-09-2024,18-09-2024,Maria Rodriguez,Consumer,South,Furniture,Chairs,1269.18,2,0.3,-675.89
ORD-19031,04-07-2023,07-07-2023,Mohammed Rodriguez,Corporate,West,Office Supplies,Binders,229.97,1,0,98.61
ORD-14687,06-10-2023,09-10-2023,Maria Rodriguez,Consumer,East,Furniture,Furnishings,2852.14,3,0.2,-450.67
ORD-14045,17-10-2024,21-10-2024,David Smith,Home Office,East,Furniture,Tables,258.5,1,0.3,-119.62
ORD-17552,11-06-2024,13-06-2024,Carlos Walker,Consumer,Central,Office Supplies,Labels,229.95,3,0,58.11
ORD-12535,21-03-2022,22-03-2022,Carlos Brown,Corporate,Central,Office Supplies,Binders,136.85,5,0,29.16
ORD-11130,09-08-2022,10-08-2022,Sara Chen,Consumer,West,Technology,Copiers,4480.02,3,0,1679.13
ORD-11846,12-01-2023,13-01-2023,,Corporate,South,Technology,Copiers,1738.37,2,0.2,-300.03
ORD-12172,12-03-2023,14-03-2023,Mohammed Garcia,Home Office,Central,Technology,Phones,824.93,3,0.1,112.17
ORD-17209,19-11-2023,20-11-2023,Nina Lewis,Corporate,West,Office Supplies,Labels,148.19,2,0.2,10.13
ORD-14469,23-11-2023,24-11-2023,James Johnson,Corporate,East,Office Supplies,Art,203.04,3,0.1,54.06
ORD-19085,20-05-2022,22-05-2022,Fatima Walker,Consumer,West,Office Supplies,Art,485.35,3,0.1,14.73
ORD-12105,27-11-2022,04-12-2022,Tom Wilson,Home Office,East,Technology,Copiers,1804.21,2,0.2,-48.75
ORD-15861,21-03-2024,24-03-2024,Grace Lewis,Corporate,East,Furniture,Bookcases,2194.26,4,0.15,-442.73
ORD-14820,18-01-2022,25-01-2022,Anna Garcia,Corporate,East,Office Supplies,Storage,48.15,3,0,10.05
ORD-14127,25-11-2022,30-11-2022,Wei Khan,Consumer,East,Office Supplies,Paper,164.25,1,0,37.63
ORD-18337,22-07-2022,23-07-2022,Kevin Wilson,Corporate,Central,Technology,Phones,1106.55,2,0.15,-34.03
ORD-17940,04-11-2022,08-11-2022,Sara Young,Consumer,East,Office Supplies,Labels,55.39,1,0.3,3.03
ORD-17444,09-06-2022,11-06-2022,Kevin Johnson,Corporate,West,Office Supplies,Paper,151.09,1,0.1,44.04
ORD-10903,23-01-2023,27-01-2023,James Khan,Home Office,East,Office Supplies,Labels,47.95,4,0.1,13.13
ORD-18440,25-07-2024,30-07-2024,Nina Walker,Corporate,South,Furniture,Tables,557.74,1,0,122.86
ORD-15635,26-11-2024,27-11-2024,Sara Johnson,Consumer,Central,Office Supplies,Storage,673.25,5,0.1,47.74
ORD-17632,14-09-2022,16-09-2022,Anna Martinez,Corporate,Central,Technology,Accessories,4445.32,4,0,-20.74
ORD-14454,07-08-2022,10-08-2022,Priya Lee,Consumer,Central,Office Supplies,Storage,976.52,4,0,179.42
ORD-19274,17-04-2023,19-04-2023,Linda Patel,Corporate,East,Office Supplies,Envelopes,102.02,1,0.3,-13.61
ORD-17476,07-10-2022,10-10-2022,Sara Martinez,Corporate,South,Furniture,Tables,1938.98,3,0.1,29.71
ORD-10387,16-03-2022,18-03-2022,Nina Young,Consumer,Central,Office Supplies,Envelopes,325.36,4,0,55.81
ORD-12661,07-08-2023,12-08-2023,Priya Brown,Consumer,East,Office Supplies,Art,209.89,1,0,-18.28
ORD-13353,03-06-2022,05-06-2022,Mohammed Johnson,Consumer,South,Furniture,Bookcases,372.38,1,0.15,-7.11
ORD-14910,21-10-2022,23-10-2022,Anna Young,Corporate,Central,Technology,Phones,3003.8,5,0.2,-515.76
ORD-17595,16-12-2022,18-12-2022,Kevin Garcia,Corporate,Central,Furniture,Bookcases,1013.83,3,0.15,111.75
ORD-15780,07-09-2024,12-09-2024,Tom Patel,Corporate,East,Office Supplies,Paper,108.88,1,0.2,9.07
ORD-12198,04-11-2022,06-11-2022,Sara Clark,Consumer,East,Furniture,Furnishings,167.39,1,0,2.48
ORD-16917,27-09-2022,04-10-2022,Carlos Young,Consumer,West,Office Supplies,Envelopes,125.71,3,0.1,17.24
ORD-12914,03-09-2023,06-09-2023,James Patel,Consumer,West,Office Supplies,Storage,277.37,4,0.3,3.13
ORD-11473,11-07-2022,13-07-2022,James Brown,Consumer,South,Technology,Phones,1943.89,1,0,116
ORD-14445,21-03-2023,28-03-2023,Priya Brown,Consumer,East,Technology,Machines,1149.13,1,0.2,493.45
ORD-12247,11-03-2023,18-03-2023,Sara Rodriguez,Consumer,Central,Office Supplies,Art,144.44,4,0.5,-7.95
ORD-19135,17-06-2024,19-06-2024,Nina Walker,Corporate,Central,Office Supplies,Paper,159.49,1,0,9.94
ORD-14967,22-06-2023,23-06-2023,Linda Garcia,Corporate,Central,Office Supplies,Art,118.3,2,0.1,8.15
ORD-18258,21-06-2023,22-06-2023,Nina Wilson,Consumer,Central,Technology,Phones,10350.8,5,0,4106.32
ORD-12936,27-11-2023,02-12-2023,Grace Lee,Consumer,east,Technology,Accessories,4996.34,3,0.15,-467.74
ORD-11723,05-03-2023,07-03-2023,James Smith,Corporate,Central,Furniture,Tables,773.42,2,0.5,-155.99
ORD-15249,25-09-2023,28-09-2023,Wei Walker,Corporate,East,Technology,Accessories,605.86,2,0.2,66.61
ORD-10460,12-10-2023,13-10-2023,John Johnson,Corporate,West,Furniture,Furnishings,2064.52,4,0.3,-971.58
ORD-12020,16-07-2023,20-07-2023,Wei Clark,Corporate,East,Office Supplies,Paper,476.78,6,0.4,72.53
ORD-11193,21-12-2022,25-12-2022,Linda Khan,Home Office,South,Furniture,Chairs,919.38,2,0.15,-268.54
ORD-14983,27-12-2023,03-01-2024,Sara Khan,Corporate,Central,Office Supplies,Art,55.35,1,0.1,15.18
ORD-10885,05-01-2024,06-01-2024,Wei Clark,Home Office,West,Furniture,Tables,2203.44,3,0,-336.86
ORD-17417,07-10-2022,08-10-2022,Grace Walker,Corporate,West,Office Supplies,Paper,104.05,5,0,26.46
ORD-13880,04-11-2024,11-11-2024,Carlos Davis,Corporate,Central,Office Supplies,Paper,477.66,2,0,127.67
ORD-15206,07-11-2022,10-11-2022,Maria Rodriguez,Consumer,Central,Office Supplies,Binders,153.96,2,0.3,18.83
ORD-10343,03-12-2024,07-12-2024,James Chen,Consumer,West,Office Supplies,Labels,366.5,2,0.15,59.66
ORD-15242,14-06-2023,17-06-2023,Mohammed Davis,Consumer,West,Furniture,Tables,492.66,2,0.1,-29.52
ORD-13559,12-06-2023,13-06-2023,James Lee,Corporate,West,Furniture,Tables,3160.26,3,0,46.22
ORD-18789,03-12-2024,05-12-2024,James Walker,Consumer,West,Technology,Copiers,4779.48,2,0,-961.35
ORD-15531,01-06-2024,02-06-2024,Grace Martinez,Home Office,East,Office Supplies,Binders,572.82,4,0.3,-120.03
ORD-15138,10-09-2024,13-09-2024,Fatima Chen,Corporate,Central,Office Supplies,Labels,121.01,2,0.15,10.52
ORD-17188,06-10-2024,09-10-2024,Fatima Rodriguez,Consumer,West,Furniture,Tables,1129.7,2,0,361.94
ORD-18490,04-02-2023,07-02-2023,Maria Patel,Consumer,West,Furniture,Bookcases,4307.28,4,0,-382.13
ORD-13286,09-12-2024,11-12-2024,Fatima Brown,Consumer, East ,Office Supplies,Paper,94.37,2,0.3,5.14
ORD-19642,12-07-2023,13-07-2023,Priya Rodriguez,Consumer,East,Technology,Copiers,272.92,1,0,85.96
ORD-12926,24-04-2022,28-04-2022,Tom Lewis,Consumer,West,Technology,Accessories,2270.59,2,0.1,228.3
ORD-10314,13-08-2022,14-08-2022,Tom Garcia,Consumer,West,Technology,Machines,409.02,1,0.15,82.86
ORD-12967,20-04-2022,22-04-2022,David Patel,Home Office,East,Office Supplies,Paper,481.94,2,0,125.97
ORD-11901,19-04-2022,22-04-2022,Anna Clark,Corporate,Central,Furniture,Chairs,2029.77,3,0.15,202.75
ORD-19610,18-02-2022,19-02-2022,Tom Chen,Corporate,East,Office Supplies,Envelopes,240.12,3,0,61.44
ORD-18071,27-12-2024,31-12-2024,Tom Rodriguez,Consumer,Central,Technology,Phones,1100.89,1,0,-143.71
ORD-13648,08-07-2023,12-07-2023,James Lee,Corporate,South,Office Supplies,Envelopes,132.85,1,0.3,0.77
ORD-15589,20-12-2023,25-12-2023,Sara Khan,Consumer,Central,Office Supplies,Art,301.02,5,0.4,-7.48
ORD-12434,20-08-2024,23-08-2024,Grace Rodriguez,Corporate,South,Furniture,Chairs,448.34,2,0.5,-186.54
ORD-13178,10-12-2022,13-12-2022,David Martinez,Consumer,West,Technology,Machines,1230.36,1,0.5,-166.48
ORD-14496,19-01-2024,23-01-2024,Maria Martinez,Corporate,Central,Technology,Copiers,387.51,1,0.1,10.66
ORD-12374,16-11-2023,17-11-2023,Nina Lee,Corporate,West,Office Supplies,Paper,403.9,2,0.15,87.53
ORD-16905,22-10-2024,25-10-2024,Kevin Brown,Corporate,East,Technology,Copiers,2636.4,2,0.3,134.31
ORD-11390,21-12-2022,25-12-2022,Nina Wilson,Consumer,West,Technology,Copiers,470.84,1,0.1,-82.16
ORD-16067,19-12-2022,24-12-2022,Sara Brown,Corporate,East,Technology,Phones,7363.14,3,0,946.07
ORD-16183,26-12-2023,27-12-2023,,Consumer,West,Technology,Phones,2581.34,4,0.1,415.42
ORD-15266,13-04-2022,16-04-2022,David Davis,Consumer,West,Technology,Phones,7457.58,4,0.1,517.17
ORD-12655,14-11-2024,17-11-2024,Wei Martinez,Consumer,Central,Technology,Accessories,2287.12,3,0.15,446.42
ORD-15267,11-07-2023,12-07-2023,Maria Patel,Corporate,West,Office Supplies,Art,823,4,0,361.25
ORD-10039,23-06-2023,24-06-2023,Priya Lee,Home Office,East,Technology,Copiers,293.69,1,0,134.8
ORD-11324,23-02-2024,24-02-2024,Anna Patel,Consumer,Central,Office Supplies,Paper,14.74,1,0.1,1.33
ORD-18706,27-02-2022,04-03-2022,James Lee,Consumer,East,Furniture,Bookcases,464.36,2,0,-25.3
ORD-15555,13-03-2024,16-03-2024,Anna Khan,Home Office,West,Office Supplies,Paper,298.28,4,0.15,25.46
ORD-15898,09-11-2023,14-11-2023,Priya Clark,Corporate,East,Technology,Phones,4177.4,2,0,1638.11
ORD-18212,24-07-2023,26-07-2023,David Brown,Consumer,West,Office Supplies,Paper,167.83,1,0,68.2
ORD-17193,11-08-2024,12-08-2024,David Brown,Home Office,South,Office Supplies,Paper,215.51,1,0.1,46.01
ORD-12720,24-06-2024,27-06-2024,David Davis,Home Office,Central,Technology,Copiers,1429.12,1,0,563.05
ORD-11871,10-01-2024,17-01-2024,David Clark,Corporate,South,Office Supplies,Paper,169.36,2,0.3,-7.3
ORD-17466,19-08-2024,20-08-2024,Grace Patel,Consumer,central,Technology,Accessories,684.47,1,0.1,106.35
ORD-13460,19-02-2024,23-02-2024,Anna Garcia,Corporate,West,Office Supplies,Storage,458.73,3,0.1,133.03
ORD-13547,27-04-2024,29-04-2024,John Garcia,Corporate,East,Technology,Accessories,1823.34,1,0.2,-72.02
ORD-19480,18-10-2022,22-10-2022,Carlos Young,Consumer,West,Office Supplies,Paper,423.23,2,0.1,100.69
ORD-10101,14-12-2024,15-12-2024,John Davis,Consumer,East,Office Supplies,Paper,574.35,3,0,225.19
ORD-11314,05-09-2022,06-09-2022,Tom Garcia,Corporate,South,Office Supplies,Envelopes,196.08,1,0.2,65.46
ORD-19005,24-05-2023,27-05-2023,John Wilson,Consumer,Central,Office Supplies,Envelopes,60.04,2,0,14.11
ORD-11440,24-03-2023,27-03-2023,Sara Johnson,Consumer,East,Office Supplies,Paper,223.37,2,,55.74
ORD-19429,12-05-2023,13-05-2023,Nina Davis,Home Office,South,Technology,Phones,2440.1,2,0,971.83
ORD-18327,12-12-2024,13-12-2024,Maria Brown,Consumer,Central,Furniture,Furnishings,970.26,2,0.2,25.15
ORD-16286,21-05-2024,23-05-2024,Kevin Patel,Consumer,East,Technology,Phones,5820.42,5,0.15,1827.83
ORD-17377,20-08-2024,22-08-2024,Tom Davis,Consumer,East,Office Supplies,Envelopes,660.18,4,0.15,-39.39
ORD-17072,21-08-2022,23-08-2022,Anna Lewis,Home Office,West,Office Supplies,Paper,357.88,2,0,11.85
ORD-17875,17-09-2024,18-09-2024,Kevin Garcia,Consumer,East,Office Supplies,Paper,213.92,4,0.2,24.54
ORD-19471,04-11-2022,08-11-2022,John Garcia,Corporate,Central,Office Supplies,Binders,107.86,1,0.15,38.73
ORD-17739,23-06-2022,25-06-2022,Sara Chen,Corporate,Central,Technology,Phones,2282.2,6,0.3,-3.76
ORD-18034,22-04-2023,23-04-2023,Nina Rodriguez,Home Office, East ,Technology,Machines,1961.19,1,0.15,-266.23
ORD-18695,04-06-2022,05-06-2022,Priya Khan,Corporate,West,Office Supplies,Storage,251.24,2,0.4,7.93
ORD-11985,19-08-2023,23-08-2023,Mohammed Lee,Consumer,East,Technology,Accessories,1278.75,1,0.15,-52.47
ORD-19475,04-06-2022,06-06-2022,Priya Patel,Corporate,Central,Office Supplies,Binders,69.18,1,0,11.77
ORD-11572,02-05-2023,04-05-2023,John Lee,Consumer,East,Technology,Accessories,1760,2,0.1,64.65
ORD-11163,19-10-2024,23-10-2024,Sara Garcia,Consumer,Central,Office Supplies,Paper,253.22,2,0,68.63
ORD-16609,10-10-2023,11-10-2023,Grace Davis,Corporate,South,Technology,Machines,4913.88,5,0.2,518.5
ORD-17836,17-03-2024,19-03-2024,Mohammed Brown,Home Office,South,Technology,Machines,2164.17,2,0.15,343.42
ORD-15690,09-05-2024,12-05-2024,Fatima Clark,Consumer,West,Office Supplies,Art,401.17,2,0.15,69.96
ORD-13861,22-08-2022,27-08-2022,James Garcia,Corporate,East,Furniture,Furnishings,1498.23,3,0.4,-246.91
ORD-15441,08-10-2022,10-10-2022,Mohammed Young,Consumer,East,Technology,Copiers,3149.13,2,0.15,-92.61
ORD-15189,23-01-2022,27-01-2022,Sara Johnson,Consumer,West,Office Supplies,Binders,335.56,2,0,101.09
ORD-13028,11-04-2023,12-04-2023,Maria Garcia,Consumer,West,Technology,Copiers,2219.6,1,0,588.68
ORD-17782,19-11-2022,26-11-2022,Priya Rodriguez,Home Office,East,Furniture,Chairs,837.25,1,0,108.23
ORD-17303,11-11-2023,13-11-2023,Fatima Wilson,Consumer,East,Office Supplies,Paper,328.32,3,0.1,34.63
ORD-18989,16-04-2022,21-04-2022,Kevin Martinez,Home Office,West,Office Supplies,Paper,455.02,4,0.15,28.04
ORD-13155,02-06-2023,05-06-2023,John Lee,Home Office,South,Office Supplies,Envelopes,424.34,2,0,110.44
ORD-12531,27-06-2024,04-07-2024,James Young,Corporate,East,Furniture,Bookcases,430.75,2,0.2,13.39
ORD-13047,18-08-2022,21-08-2022,Sara Davis,Home Office,South,Office Supplies,Art,254.68,2,0.1,-7.3
ORD-16954,11-02-2023,12-02-2023,Maria Smith,Consumer,East,Furniture,Bookcases,1649.43,3,0.1,211.37
ORD-10539,17-05-2023,18-05-2023,Priya Patel,Home Office,Central,Office Supplies,Envelopes,261.68,2,0.15,34.44
ORD-15509,25-12-2023,27-12-2023,Carlos Young,Home Office,West,Technology,Copiers,2433.47,2,0.1,631.38
ORD-11628,03-09-2023,07-09-2023,Priya Johnson,Corporate,East,Furniture,Chairs,1024.63,1,0.1,-300.65
ORD-11284,04-07-2022,09-07-2022,David Khan,Home Office,West,Office Supplies,Labels,431.59,4,0.3,9.84
ORD-13838,06-12-2024,11-12-2024,Sara Clark,Corporate,Central,Technology,Copiers,1444.41,1,0,312.34
ORD-15444,12-04-2022,15-04-2022,Tom Chen,Corporate,West,Office Supplies,Paper,201.96,1,0.1,46.99
ORD-18220,24-02-2023,25-02-2023,Nina Walker,Corporate,Central,Furniture,Furnishings,7146,6,0,89.38
ORD-15852,13-01-2023,15-01-2023,Wei Khan,Corporate,East,Technology,Phones,78.91,1,0.1,11.57
ORD-18756,16-10-2024,17-10-2024,Anna Clark,Consumer,Central,Office Supplies,Paper,741.96,5,0.15,184.56
ORD-16585,06-08-2023,09-08-2023,Wei Young,Consumer,Central,Office Supplies,Storage,117.27,1,0,35.06
ORD-12174,27-08-2024,30-08-2024,,Consumer,South,Office Supplies,Labels,155.99,2,0.3,27.95
ORD-12680,12-12-2024,17-12-2024,Priya Johnson,Consumer,West,Office Supplies,Labels,988.52,5,0.2,3.97
ORD-15825,25-12-2022,27-12-2022,James Patel,Consumer,Central,Technology,Accessories,6184.56,3,0,1952.06
ORD-15550,07-06-2023,11-06-2023,Wei Wilson,Corporate,West,Office Supplies,Art,570.52,4,0,161.46
ORD-10161,06-02-2024,13-02-2024,Kevin Wilson,Corporate,Central,Technology,Phones,971.32,2,0,444.98
ORD-12408,09-01-2023,11-01-2023,David Rodriguez,Corporate,Central,Technology,Phones,7049.76,4,0,599.59
ORD-19557,07-04-2024,08-04-2024,Anna Martinez,Home Office,Central,Office Supplies,Envelopes,265.61,3,0.4,-6.31
ORD-11860,15-02-2022,22-02-2022,Linda Chen,Home Office,Central,Office Supplies,Art,109.06,2,0.2,18
ORD-16486,15-07-2024,18-07-2024,David Lewis,Corporate,West,Office Supplies,Storage,846.7,4,0.15,187.97
ORD-17569,26-10-2024,02-11-2024,David Patel,Consumer,East,Furniture,Furnishings,3256.25,6,0.1,-1349.83
ORD-11279,25-03-2022,27-03-2022,Anna Garcia,Consumer,East,Office Supplies,Storage,557.55,3,0,172.64
ORD-12902,21-11-2022,23-11-2022,Priya Chen,Corporate,South,Office Supplies,Art,80.29,1,0.15,13.33
ORD-13706,26-05-2024,31-05-2024,Kevin Clark,Consumer,West,Furniture,Furnishings,1032.82,1,0.1,154.14
ORD-12246,14-05-2023,19-05-2023,David Chen,Consumer,Central,Technology,Phones,4067.64,2,0,1320.77
ORD-17501,18-12-2023,21-12-2023,Fatima Martinez,Consumer,West,Technology,Accessories,100.32,3,0.2,49.35
ORD-10924,26-03-2024,30-03-2024,Wei Lewis,Consumer,Central,Technology,Phones,1741.63,3,0.2,-102.71
ORD-16053,12-12-2022,16-12-2022,Fatima Khan,Consumer,West,Furniture,Chairs,533.72,1,0.5,-257.02
ORD-17121,04-06-2022,05-06-2022,Fatima Wilson,Consumer,Central,Office Supplies,Storage,329.22,3,0,113.82
ORD-10770,15-04-2024,16-04-2024,Sara Brown,Consumer,Central,Office Supplies,Storage,421.24,4,0,13.69
ORD-17862,24-04-2023,27-04-2023,Mohammed Lee,Home Office,East,Office Supplies,Storage,256.51,3,0.2,52.59
ORD-13920,03-11-2023,07-11-2023,John Garcia,Consumer,West,Technology,Phones,2105.75,5,0,149.27
ORD-17473,13-02-2022,17-02-2022,Maria Martinez,Home Office,East,Office Supplies,Envelopes,511.52,4,0,116.09
ORD-16257,21-07-2022,24-07-2022,Fatima Martinez,Consumer,West,Office Supplies,Labels,194.94,2,0,30.38
ORD-10695,18-04-2023,21-04-2023,Anna Smith,Corporate,East,Office Supplies,Binders,685.23,3,0,189.62
ORD-17268,21-06-2022,25-06-2022,Grace Clark,Corporate,West,Office Supplies,Envelopes,388.2,3,0,84.65
ORD-14668,19-11-2023,24-11-2023,Grace Walker,Consumer,South,Technology,Copiers,2121.2,4,0.5,-559.22
ORD-13021,19-10-2023,22-10-2023,Grace Chen,Home Office,SOUTH,Office Supplies,Binders,110.17,1,0.4,3.28
ORD-14342,21-06-2023,25-06-2023,Tom Garcia,Consumer,East,Technology,Machines,1697.36,3,0.15,-361.47
ORD-11219,26-08-2023,30-08-2023,Kevin Rodriguez,Home Office,West,Office Supplies,Art,111.11,2,0.15,28.97
ORD-14915,19-07-2023,21-07-2023,Nina Rodriguez,Consumer,West,Furniture,Tables,1412.17,6,0.3,-420.28
ORD-14303,01-12-2022,03-12-2022,Fatima Khan,Corporate,East,Office Supplies,Labels,82.08,4,0.4,-18.82
ORD-12717,27-07-2023,29-07-2023,Tom Brown,Corporate,East,Office Supplies,Storage,209.93,1,0.1,20.16
ORD-15907,25-08-2023,29-08-2023,Linda Young,Consumer,South,Office Supplies,Envelopes,106.08,3,0.15,17.7
ORD-13508,12-04-2022,15-04-2022,Tom Walker,Consumer,West,Furniture,Furnishings,1494.02,3,0.5,70.56
ORD-19421,19-12-2024,21-12-2024,Priya Patel,Consumer,Central,Office Supplies,Labels,213.84,4,0,35.58
ORD-12296,08-11-2022,10-11-2022,John Brown,Corporate,East,Technology,Machines,765.42,1,0.2,66
ORD-11992,08-11-2023,10-11-2023,,Consumer,West,Office Supplies,Storage,141.46,1,0.1,18.4
ORD-19169,24-08-2022,27-08-2022,Kevin Lee,Consumer,West,Office Supplies,Art,212.51,2,0.1,15.74
ORD-17408,12-09-2023,13-09-2023,Mohammed Wilson,Home Office,East,Furniture,Bookcases,854.74,1,,-57.76
ORD-18103,25-02-2023,26-02-2023,Linda Martinez,Consumer,West,Office Supplies,Paper,450.9,4,0.5,-52.98
ORD-13687,13-11-2024,14-11-2024,Maria Chen,Consumer,West,Office Supplies,Binders,272.58,3,0,41.31
ORD-10062,23-04-2022,24-04-2022,John Rodriguez,Corporate,East,Office Supplies,Paper,355.24,4,0,123.87
ORD-11373,01-08-2022,05-08-2022,Mohammed Clark,Home Office,East,Technology,Machines,1016.55,1,0.2,96.71
ORD-17104,26-09-2023,28-09-2023,Anna Garcia,Home Office,Central,Technology,Machines,1629.76,4,0,447.89
ORD-12465,11-05-2024,15-05-2024,Kevin Young,Consumer,Central,Technology,Accessories,871.47,2,0.1,99.09
ORD-15671,15-10-2023,20-10-2023,John Patel,Corporate,West,Office Supplies,Envelopes,391.32,4,0.5,9.12
ORD-19734,07-01-2024,12-01-2024,Sara Lewis,Consumer,East,Technology,Phones,1331.76,1,0,593.42
ORD-18436,01-01-2023,06-01-2023,Anna Smith,Consumer,East,Technology,Copiers,1725.6,2,0.15,222.17
ORD-14817,25-10-2024,26-10-2024,Linda Clark,Consumer,West,Technology,Copiers,2848.85,4,0.4,120.86
ORD-11375,02-07-2023,05-07-2023,Kevin Rodriguez,Corporate,West,Technology,Phones,4498.87,4,0.3,593.41
ORD-17394,03-11-2023,04-11-2023,James Johnson,Consumer,Central,Office Supplies,Envelopes,102.71,3,0.1,16.25
ORD-12532,16-08-2024,19-08-2024,Priya Martinez,Corporate,Central,Technology,Machines,1096.15,1,0.2,8.2
ORD-11169,27-10-2022,29-10-2022,Carlos Patel,Corporate,West,Office Supplies,Art,143.22,2,0,46.35
ORD-17641,03-09-2024,05-09-2024,Kevin Wilson,Home Office,East,Technology,Machines,1249.07,1,0.15,250.9
ORD-14000,09-12-2024,14-12-2024,Nina Martinez,Home Office,West,Furniture,Furnishings,450.98,3,0.3,-26.51
ORD-16601,14-06-2023,18-06-2023,Linda Young,Consumer,South,Office Supplies,Labels,301.8,3,0,59.51
ORD-14378,25-11-2023,27-11-2023,John Clark,Corporate,West,Office Supplies,Envelopes,600.12,6,0,106.66
ORD-11996,10-12-2024,12-12-2024,Carlos Walker,Consumer,East,Office Supplies,Labels,128.7,5,0,4.02
ORD-10670,17-06-2023,21-06-2023,Sara Johnson,Consumer,East,Technology,Accessories,1044.9,2,0.2,-23.6
ORD-12953,27-12-2022,28-12-2022,Priya Walker,Consumer,Central,Office Supplies,Labels,712.02,3,0,60.19
ORD-11757,26-04-2023,29-04-2023,Sara Martinez,Consumer,West,Office Supplies,Paper,333.69,3,0.5,-49.26
ORD-11781,17-12-2023,19-12-2023,Fatima Johnson,Home Office,East,Technology,Accessories,2792.02,2,0.1,532.33
ORD-12844,09-06-2023,13-06-2023,Wei Martinez,Home Office,West,Technology,Accessories,434.73,1,0.1,67.77
ORD-12736,10-04-2023,13-04-2023,Grace Clark,Consumer,Central,Technology,Copiers,4725.14,4,0.3,-149.66
ORD-11224,12-03-2024,15-03-2024,Maria Young,Consumer,East,Office Supplies,Art,21.94,1,0,4.39
ORD-19602,04-11-2023,07-11-2023,John Smith,Consumer,East,Office Supplies,Envelopes,106.82,1,0.4,-16.52
ORD-13600,22-05-2023,24-05-2023,,Consumer,East,Technology,Copiers,6831.69,3,0,3396.85
ORD-19369,23-12-2024,26-12-2024,Kevin Martinez,Home Office,CENTRAL,Furniture,Bookcases,3923.23,6,0.2,-822.4
ORD-16037,14-09-2024,17-09-2024,Kevin Chen,Corporate,South,Office Supplies,Storage,55.85,2,0.1,-3.58
ORD-14905,09-09-2022,11-09-2022,Anna Davis,Consumer,East,Furniture,Chairs,168.66,2,0.1,-63.94
ORD-14143,24-05-2024,27-05-2024,David Lee,Consumer,South,Technology,Machines,9434.05,5,0,1913.2
ORD-17285,19-03-2024,21-03-2024,Maria Walker,Consumer,Central,Office Supplies,Binders,6.11,1,0.1,1.06
ORD-10684,25-06-2024,29-06-2024,Anna Clark,Consumer,South,Furniture,Tables,707.62,2,0.2,18.43
ORD-12352,03-07-2024,07-07-2024,John Khan,Consumer,WEST,Furniture,Bookcases,475.7,3,0.5,18.4
ORD-17452,16-11-2024,20-11-2024,Maria Khan,Consumer,West,Technology,Accessories,323.41,2,0.5,-36.72
ORD-16478,03-02-2022,04-02-2022,Fatima Patel,Consumer,South,Office Supplies,Labels,322.31,3,0.3,-34.92
ORD-10081,12-01-2023,14-01-2023,,Home Office,East,Furniture,Tables,1688.28,2,0,212.5
ORD-19797,11-03-2022,14-03-2022,Grace Garcia,Corporate,Central,Office Supplies,Labels,142.06,1,0.3,5.77
ORD-14529,15-02-2022,18-02-2022,Anna Lewis,Home Office,West,Furniture,Bookcases,1361.86,2,0.3,-162.63
ORD-12066,15-09-2024,18-09-2024,Nina Brown,Consumer,South,Furniture,Tables,1427.82,2,0.2,-229.71
ORD-15377,25-12-2022,27-12-2022,Carlos Young,Home Office,West,Furniture,Furnishings,648.3,1,0.2,3.63
ORD-18876,09-03-2022,12-03-2022,James Martinez,Corporate,West,Technology,Copiers,3530.27,3,0.15,-386.46
ORD-11269,09-07-2022,11-07-2022,Fatima Smith,Home Office,South,Furniture,Bookcases,350.57,1,0.5,-89.59
ORD-16691,12-12-2022,14-12-2022,Mohammed Martinez,Consumer,Central,Office Supplies,Labels,448.78,3,0.2,-28.48
ORD-19747,19-05-2023,20-05-2023,Carlos Khan,Corporate,West,Office Supplies,Labels,22.71,1,0.2,1.14
ORD-17291,08-07-2024,10-07-2024,Tom Brown,Consumer,West,Office Supplies,Envelopes,140.45,2,0.5,-19.69
ORD-15216,17-05-2024,22-05-2024,Mohammed Rodriguez,Consumer,South,Technology,Copiers,1112.87,1,0,195.51
ORD-15490,02-05-2022,05-05-2022,Carlos Davis,Consumer,South,Office Supplies,Art,265.81,4,0.15,21.87
ORD-12924,15-08-2023,17-08-2023,Mohammed Garcia,Home Office,West,Office Supplies,Paper,97.68,3,0,14.93
ORD-13921,11-08-2022,13-08-2022,Mohammed Johnson,Corporate,Central,Furniture,Tables,222.98,1,0.5,-12.07
ORD-10900,06-08-2023,10-08-2023,David Martinez,Consumer,West,Office Supplies,Art,74.06,2,0,9.46
ORD-11433,02-12-2022,06-12-2022,Wei Young,Consumer,West,Technology,Accessories,416.75,2,0.1,-75.45
ORD-12644,06-02-2024,07-02-2024,Linda Lee,Consumer,West,Office Supplies,Envelopes,106.16,1,0.15,18.52
ORD-18121,20-06-2024,27-06-2024,James Martinez,Consumer,East,Office Supplies,Labels,169.92,1,0,7.15
ORD-14400,02-07-2022,03-07-2022,Grace Smith,Consumer,West,Technology,Copiers,2843.12,4,0,946.84
ORD-12143,01-02-2023,03-02-2023,Kevin Lewis,Consumer,West,Technology,Machines,4682.81,3,0.3,-736.04
ORD-13060,08-08-2022,11-08-2022,John Patel,Consumer,East,Technology,Accessories,3847.61,2,0.15,-1093.83
ORD-16812,11-05-2023,14-05-2023,Grace Rodriguez,Consumer,Central,Furniture,Bookcases,568.68,1,0,-134.44
ORD-12181,19-09-2022,21-09-2022,Grace Wilson,Consumer,East,Office Supplies,Envelopes,266.88,2,0,29.56
ORD-12933,06-03-2022,09-03-2022,Maria Johnson,Consumer,South,Office Supplies,Art,416.36,4,0,169.89
ORD-13877,25-03-2022,27-03-2022,James Johnson,Consumer,East,Office Supplies,Labels,192.67,1,0,37.32
ORD-13594,04-02-2024,06-02-2024,Tom Clark,Home Office,East,Furniture,Chairs,135.16,1,0.2,-17.8
ORD-11857,11-11-2024,18-11-2024,Wei Young,Corporate,West,Office Supplies,Labels,949.08,5,0.2,208.64
ORD-18084,07-02-2024,08-02-2024,Kevin Smith,Consumer,East,Office Supplies,Art,150.16,2,0,9.04
ORD-13302,01-01-2023,03-01-2023,,Consumer,EAST,Office Supplies,Labels,873.32,4,0.1,165.45
ORD-18807,24-09-2023,28-09-2023,Nina Garcia,Consumer,East,Technology,Machines,3070.32,4,0,1032.63
ORD-12268,05-08-2024,12-08-2024,James Brown,Consumer,West,Office Supplies,Binders,20.59,2,0.2,6.71
ORD-17055,19-07-2023,21-07-2023,Maria Davis,Corporate,West,Technology,Accessories,4406.67,3,0,379.79
ORD-14731,21-01-2022,22-01-2022,Tom Garcia,Consumer,Central,Office Supplies,Art,863.04,5,0.2,87.97
ORD-17840,08-08-2022,09-08-2022,James Smith,Corporate,West,Technology,Copiers,955.78,6,0.2,-131.19
ORD-17989,20-12-2022,24-12-2022,David Garcia,Corporate,Central,Office Supplies,Paper,87.79,2,0.1,6.68
ORD-15854,05-08-2022,06-08-2022,John Clark,Consumer,East,Office Supplies,Paper,216.19,3,0.2,33.22
ORD-18159,10-06-2022,13-06-2022,Tom Khan,Corporate,South,Technology,Copiers,7275.44,4,0,1771.9
ORD-11260,06-08-2023,10-08-2023,Carlos Brown,Consumer,East,Office Supplies,Paper,101.45,1,0,30.34
ORD-14202,02-11-2022,04-11-2022,Grace Patel,Consumer,West,Office Supplies,Art,132.98,2,0.1,18.44
ORD-12609,02-08-2022,03-08-2022,,Consumer,East,Office Supplies,Binders,171.2,1,0.1,21.67
ORD-11436,09-06-2022,10-06-2022,Nina Rodriguez,Corporate,West,Office Supplies,Envelopes,508.68,6,0,96.27
ORD-14825,10-07-2023,12-07-2023,Mohammed Young,Consumer,East,Office Supplies,Art,317.05,4,0.1,99.88
ORD-11969,26-07-2023,30-07-2023,Carlos Johnson,Home Office,Central,Office Supplies,Envelopes,61.29,1,0.2,4.45
ORD-14583,10-03-2022,14-03-2022,Tom Martinez,Corporate,East,Furniture,Bookcases,414.97,1,0,-32.51
ORD-13493,25-12-2022,26-12-2022,John Khan,Corporate,West,Furniture,Tables,532.96,1,0.5,-275.5
ORD-15202,25-12-2023,26-12-2023,Mohammed Rodriguez,Consumer,East,Office Supplies,Paper,108.11,2,0.2,12.23
ORD-16061,01-01-2023,06-01-2023,Carlos Rodriguez,Home Office,West,Technology,Machines,7766.72,4,0,2780.95
ORD-15144,19-12-2024,22-12-2024,Kevin Lee,Consumer,South,Technology,Machines,2509.9,2,0,3.14
ORD-15480,16-09-2023,20-09-2023,Fatima Lee,Home Office,Central,Office Supplies,Envelopes,293.76,4,0,17.78
ORD-10835,26-11-2024,28-11-2024,Priya Chen,Consumer,West,Office Supplies,Paper,170.07,2,0.15,7.95
ORD-10324,23-10-2022,,Linda Martinez,Consumer,East,Office Supplies,Paper,43.6,1,0.3,3.89
ORD-13116,12-08-2024,14-08-2024,David Chen,Consumer,West,Technology,Machines,972.35,1,0.1,455.51
ORD-16377,26-03-2024,30-03-2024,Kevin Clark,Consumer,South,Technology,Accessories,6872,4,0.2,127.42
ORD-18823,06-04-2023,08-04-2023,Fatima Brown,Corporate,Central,Technology,Phones,571.45,1,0.2,84.34
ORD-14154,19-05-2024,20-05-2024,Nina Rodriguez,Home Office,West,Furniture,Tables,1266.54,2,0.2,-56.99
ORD-16489,17-06-2023,21-06-2023,Priya Chen,Consumer,South,Technology,Copiers,1106.04,1,0.1,164.39
ORD-12170,24-03-2022,27-03-2022,Maria Davis,Corporate,Central,Technology,Phones,2420.2,2,0.15,-297.63
ORD-17895,09-05-2022,10-05-2022,Fatima Martinez,Corporate,South,Furniture,Tables,2293.08,5,0.4,-990.31
ORD-11812,25-12-2022,27-12-2022,Priya Lee,Corporate,West,Office Supplies,Envelopes,132.14,2,0.1,28.59
ORD-16664,22-11-2024,23-11-2024,Maria Garcia,Corporate,South,Technology,Copiers,1844.13,1,0.1,496.57
ORD-19214,01-12-2024,02-12-2024,Grace Chen,Consumer,Central,Technology,Machines,1161.88,3,0.15,85.77
ORD-18464,16-09-2022,17-09-2022,James Martinez,Corporate,Central,Furniture,Bookcases,659.05,5,0,6.02
ORD-19466,08-03-2023,10-03-2023,Nina Young,Consumer,South,Office Supplies,Art,199.02,1,0.15,-1.23
ORD-15954,16-06-2023,19-06-2023,Fatima Johnson,Home Office,West,Furniture,Furnishings,1353.78,6,0,-449.06
ORD-10415,21-10-2022,25-10-2022,Linda Johnson,Consumer,East,Office Supplies,Envelopes,515.33,3,0.2,-6.36
ORD-17636,02-09-2024,04-09-2024,Priya Clark,Consumer,Central,Technology,Copiers,1626.58,2,0,605.84
ORD-15613,10-02-2023,14-02-2023,Linda Khan,Consumer,South,Office Supplies,Paper,269.48,2,0,57.64
ORD-11086,23-02-2023,28-02-2023,Mohammed Brown,Consumer,West,Technology,Accessories,8490.25,5,0,2871.69
ORD-16256,14-11-2022,15-11-2022,Sara Young,Consumer,Central,Furniture,Bookcases,5760.36,6,0,118.01
ORD-18094,06-06-2022,10-06-2022,Tom Clark,Consumer,West,Technology,Accessories,104.09,1,0.1,4.33
ORD-18589,24-01-2023,29-01-2023,Mohammed Khan,Consumer,Central,Technology,Copiers,872.61,3,0.1,235.38
ORD-16538,10-11-2023,12-11-2023,Kevin Wilson,Consumer,South,Furniture,Chairs,104.55,1,0,17.83
ORD-10109,22-06-2023,23-06-2023,Linda Clark,Consumer,East,Technology,Accessories,3594.79,4,0.15,-753.51
ORD-19553,02-07-2024,03-07-2024,Fatima Patel,Corporate,East,Office Supplies,Envelopes,18.8,2,0,2.86
ORD-12091,27-04-2023,29-04-2023,Sara Patel,Home Office,West,Office Supplies,Storage,198.12,2,0.4,38.97
ORD-15087,12-11-2023,14-11-2023,Wei Lee,Corporate,West,Technology,Machines,1232.37,3,0.5,5.72
ORD-13698,18-08-2024,19-08-2024,Tom Martinez,Consumer,South,Technology,Machines,3403.06,3,0.2,563.64
ORD-15742,18-11-2023,21-11-2023,Nina Chen,Home Office,Central,Technology,Phones,1263.37,1,0,208.06
ORD-12667,07-11-2024,10-11-2024,Tom Walker,Corporate,Central,Office Supplies,Paper,367.26,3,0,151.02
ORD-17351,11-12-2024,,Anna Smith,Consumer,East,Office Supplies,Binders,34.2,1,0.15,5.1
ORD-14179,25-06-2022,28-06-2022,Tom Lewis,Corporate,Central,Technology,Accessories,3411.12,5,0.2,-612.87
ORD-17432,06-11-2024,11-11-2024,Fatima Rodriguez,Consumer,South,Office Supplies,Envelopes,10.26,2,0.1,2.31
ORD-13517,16-08-2022,20-08-2022,Mohammed Wilson,Consumer,Central,Office Supplies,Paper,372.16,2,0,56.93
ORD-13029,16-03-2023,23-03-2023,Wei Johnson,Home Office,East,Technology,Copiers,1906.81,1,0.2,-131.81
ORD-13311,01-11-2023,05-11-2023,Fatima Chen,Consumer,Central,Technology,Machines,1332.16,1,0.1,-19.58
ORD-13227,20-12-2022,22-12-2022,Grace Martinez,Consumer,South,Furniture,Tables,328.65,1,0,-7.6
ORD-13475,13-02-2022,16-02-2022,Kevin Brown,Home Office,West,Technology,Accessories,5030.56,3,0.1,507.24
ORD-19770,17-05-2023,19-05-2023,Priya Wilson,Corporate,Central,Office Supplies,Paper,210.46,2,0.15,57.21
ORD-18932,20-10-2024,23-10-2024,James Walker,Consumer,East,Office Supplies,Binders,171.24,3,0,49.94
ORD-10667,14-11-2023,15-11-2023,Nina Khan,Consumer,Central,Office Supplies,Art,221.13,3,0,59.91
ORD-16602,21-12-2023,22-12-2023,Fatima Brown,Consumer,Central,Office Supplies,Art,106.55,1,0,23.22
ORD-17725,19-10-2022,24-10-2022,Kevin Wilson,Consumer,Central,Office Supplies,Labels,138.67,2,0.1,28.99
ORD-16090,11-03-2024,13-03-2024,Grace Lee,Consumer, East ,Technology,Copiers,6640.44,3,0,1290.78
ORD-14424,16-01-2023,18-01-2023,Sara Rodriguez,Corporate,South,Office Supplies,Labels,101.89,1,0.15,20.61
ORD-16445,03-06-2023,06-06-2023,Sara Davis,Corporate,Central,Furniture,Chairs,2156.96,4,0,279.75
ORD-12940,10-03-2023,14-03-2023,Grace Wilson,Consumer,West,Furniture,Chairs,773.55,3,0,42.65
ORD-11706,13-07-2023,15-07-2023,James Rodriguez,Consumer,West,Technology,Phones,8144.28,5,0.15,266.24
ORD-11242,21-12-2022,23-12-2022,Carlos Smith,Consumer,East,Furniture,Tables,750.95,1,0,-43.94
ORD-15535,01-02-2023,03-02-2023,Sara Smith,Corporate,East,Office Supplies,Binders,178.2,3,0.2,43.59
ORD-15057,03-08-2022,08-08-2022,Nina Clark,Consumer,West,Technology,Phones,2251.91,1,0,391.96
ORD-14524,09-08-2022,13-08-2022,David Patel,Consumer,South,Office Supplies,Envelopes,747.5,4,0.1,184.19
ORD-11920,26-08-2023,29-08-2023,Fatima Brown,Corporate,East,Technology,Copiers,5831.7,3,0,446.58
ORD-12429,05-07-2024,10-07-2024,Kevin Wilson,Corporate,West,Office Supplies,Binders,20.57,1,0.15,3.84
ORD-16231,12-06-2023,16-06-2023,Nina Smith,Home Office,West,Office Supplies,Art,49.52,1,0.5,-10.53
ORD-13739,09-04-2022,11-04-2022,David Lee,Home Office,South,Furniture,Tables,397.09,2,0.2,7.17
ORD-18600,18-12-2022,20-12-2022,Tom Garcia,Consumer,Central,Office Supplies,Paper,164.72,1,0,47.09
ORD-15602,17-01-2022,18-01-2022,Linda Smith,Home Office,West,Technology,Machines,1239.35,1,0,170.19
ORD-18783,25-02-2024,29-02-2024,Maria Davis,Consumer,West,Office Supplies,Envelopes,36.48,1,0,-1.65
ORD-15540,11-04-2022,15-04-2022,Wei Martinez,Consumer,West,Technology,Machines,1504.96,4,0,434.49
ORD-16831,04-12-2024,09-12-2024,Linda Johnson,Consumer,West,Furniture,Tables,280.19,2,0.2,-0.21
ORD-14520,22-12-2023,23-12-2023,Wei Wilson,Home Office,West,Office Supplies,Art,477.94,4,0.1,149.79
ORD-18142,13-08-2022,17-08-2022,Tom Wilson,Consumer,South,Office Supplies,Binders,156.84,1,0.1,0.82
ORD-15117,07-10-2022,11-10-2022,John Smith,Home Office,South,Furniture,Tables,5254.55,5,0,158.15
ORD-15009,26-07-2023,02-08-2023,Anna Garcia,Consumer,West,Office Supplies,Art,586.4,4,0,67.85
ORD-12467,27-11-2022,30-11-2022,Anna Wilson,Consumer,East,Technology,Machines,2916.41,2,0.1,-338.35
ORD-18495,08-01-2023,11-01-2023,Anna Garcia,Consumer,Central,Technology,Accessories,987.99,1,0,109.63
ORD-16198,06-07-2024,08-07-2024,Nina Young,Consumer,East,Office Supplies,Envelopes,237.2,2,0.15,38.32
ORD-13775,04-07-2022,06-07-2022,Linda Chen,Corporate,West,Office Supplies,Paper,556.73,3,0.2,-43.32
ORD-11501,23-07-2024,26-07-2024,David Walker,Consumer,South,Office Supplies,Storage,159.82,2,0,34.08
ORD-13997,01-05-2024,03-05-2024,Wei Lee,Corporate,West,Technology,Machines,2363.58,2,0,903.33
ORD-17007,12-12-2022,14-12-2022,Priya Khan,Home Office,West,Technology,Copiers,2898.38,2,0.15,319.78
ORD-10875,17-10-2024,18-10-2024,David Wilson,Corporate,East,Technology,Copiers,6084.68,5,0.15,817
ORD-18426,24-09-2024,26-09-2024,Kevin Clark,Corporate,South,Office Supplies,Binders,1100.79,6,0.1,201.98
ORD-14711,21-04-2024,23-04-2024,Mohammed Walker,Consumer,West,Office Supplies,Art,247.36,1,0,34.35
ORD-18692,22-04-2024,23-04-2024,Maria Brown,Consumer,West,Office Supplies,Art,155.47,1,0.1,13.6
ORD-16268,23-11-2023,28-11-2023,Anna Wilson,Home Office,West,Office Supplies,Paper,118.88,1,0,14.08
ORD-18012,22-09-2022,24-09-2022,James Khan,Home Office,South,Furniture,Tables,117.58,1,0.1,18.21
ORD-18401,03-09-2024,04-09-2024,Carlos Lewis,Home Office,West,Office Supplies,Binders,664.16,4,0.3,135.76
ORD-13647,04-06-2024,06-06-2024,Anna Martinez,Consumer,Central,Office Supplies,Labels,62.8,1,0.1,16.8
ORD-12406,17-11-2023,19-11-2023,David Chen,Consumer,Central,Office Supplies,Envelopes,79,2,0.1,1.51
ORD-18617,13-07-2022,15-07-2022,Tom Khan,Home Office,Central,Office Supplies,Storage,162.06,2,0.15,31.03
ORD-15379,18-04-2023,20-04-2023,Priya Brown,Consumer,South,Office Supplies,Paper,80.62,1,0.2,8.49
ORD-15325,11-04-2023,13-04-2023,Sara Walker,Home Office,East,Technology,Phones,574.53,1,0,69.82
ORD-16780,16-09-2024,17-09-2024,David Khan,Home Office,West,Office Supplies,Envelopes,298.46,2,0.4,-5.77
ORD-13685,22-12-2024,27-12-2024,John Lewis,Consumer,East,Technology,Phones,4783.26,3,0.15,227.98
ORD-15270,18-02-2022,21-02-2022,Mohammed Davis,Corporate,West,Furniture,Tables,591.42,1,0.15,-102.37
ORD-19793,21-12-2022,22-12-2022,Priya Rodriguez,Consumer,East,Technology,Phones,1124.24,2,0.1,5.31
ORD-16879,11-10-2024,14-10-2024,David Clark,Consumer,South,Technology,Copiers,724.32,6,0,237.44
ORD-14885,22-12-2022,23-12-2022,Sara Chen,Corporate,East,Office Supplies,Art,297.33,2,0.2,19.24
ORD-11121,24-09-2022,01-10-2022,Priya Lewis,Consumer,West,Furniture,Bookcases,1030.76,1,0,-26.12
ORD-12955,03-01-2024,10-01-2024,Nina Lee,Home Office,West,Office Supplies,Envelopes,51.57,3,0.1,11.79
ORD-17267,14-04-2023,16-04-2023,Carlos Garcia,Corporate,Central,Office Supplies,Paper,135.66,1,0,27.87
ORD-11263,16-09-2024,18-09-2024,David Smith,Corporate,Central,Office Supplies,Storage,725.92,4,0,111.38
ORD-13641,16-02-2024,17-02-2024,John Davis,Home Office,South,Office Supplies,Binders,28.92,1,0.1,-1.53
ORD-15306,23-07-2024,28-07-2024,Linda Young,Home Office,South,Office Supplies,Envelopes,162.56,1,0,46.51
ORD-12125,20-11-2022,21-11-2022,Maria Rodriguez,Home Office,West,Office Supplies,Binders,187.74,1,0,54.04
ORD-19228,20-04-2023,22-04-2023,John Clark,Consumer,Central,Furniture,Furnishings,613.06,1,0.1,-30.32
ORD-16736,04-11-2023,11-11-2023,,Consumer,West,Furniture,Chairs,1556.67,2,0.2,-253.63
ORD-14884,13-10-2024,17-10-2024,Grace Martinez,Home Office,East,Furniture,Chairs,2551.45,3,0.1,-335.43
ORD-10541,01-12-2024,06-12-2024,Mohammed Martinez,Consumer,South,Office Supplies,Binders,120.32,1,0,29.2
ORD-14571,02-10-2023,07-10-2023,Maria Clark,Corporate,West,Office Supplies,Binders,609.63,3,0.1,81.11
ORD-15272,23-12-2022,26-12-2022,Carlos Brown,Home Office,West,Furniture,Chairs,1643.4,4,0,383.46
ORD-15784,11-04-2024,12-04-2024,John Davis,Corporate,West,Technology,Accessories,776.02,1,0.2,-17.53
ORD-11931,27-04-2024,29-04-2024,Linda Chen,Home Office,West,Office Supplies,Labels,217.42,1,0,55.74
ORD-17469,21-08-2022,22-08-2022,Anna Patel,Corporate,West,Office Supplies,Labels,237.9,2,0,58.85
ORD-11683,15-12-2023,17-12-2023,David Davis,Home Office,South,Technology,Accessories,2471.47,2,0.1,-140.93
ORD-16886,12-10-2022,14-10-2022,Kevin Johnson,Consumer,East,Office Supplies,Paper,563.11,3,0.1,157.92
ORD-18994,18-07-2022,20-07-2022,Nina Davis,Corporate,Central,Furniture,Tables,568.29,1,0.15,162.76
ORD-10587,20-07-2022,21-07-2022,James Clark,Corporate,Central,Technology,Machines,2698.34,3,0.2,310.37
ORD-13624,21-10-2023,24-10-2023,Priya Brown,Home Office,West,Technology,Machines,5743.39,3,0.1,1417.19
ORD-19683,12-12-2024,16-12-2024,Tom Khan,Corporate,West,Office Supplies,Labels,241.88,1,0,75.18
ORD-14104,10-01-2022,15-01-2022,John Johnson,Consumer,South,Office Supplies,Envelopes,167.84,2,0.2,-10.17
ORD-10511,01-12-2024,05-12-2024,Carlos Lewis,Consumer,East,Office Supplies,Binders,353.23,2,0.1,56.17
ORD-18555,25-12-2022,28-12-2022,Anna Davis,Corporate,West,Furniture,Chairs,3903.5,5,0,-984.75
ORD-11095,02-08-2024,03-08-2024,Tom Martinez,Consumer,West,Technology,Phones,9348.52,4,0,39.36
ORD-18301,15-03-2022,16-03-2022,Kevin Brown,Consumer,Central,Office Supplies,Art,55.58,2,0.2,4.79
ORD-17594,15-03-2023,16-03-2023,Nina Johnson,Corporate,South,Office Supplies,Paper,199.8,1,0.15,58.58
ORD-10799,16-09-2022,17-09-2022,Mohammed Garcia,Corporate, East ,Office Supplies,Envelopes,336.77,2,0.2,47.76
ORD-18416,05-12-2023,07-12-2023,Mohammed Patel,Corporate,East,Office Supplies,Paper,114.1,2,0.3,8.52
ORD-10678,18-10-2024,21-10-2024,Sara Young,Consumer,Central,Office Supplies,Storage,81.13,2,0.3,-7.05
ORD-16241,07-07-2022,10-07-2022,David Lee,Corporate,West,Office Supplies,Binders,152.21,1,0.15,36.13
ORD-16094,01-03-2023,02-03-2023,Fatima Khan,Consumer,Central,Technology,Phones,1401.12,4,0,677.74
ORD-15019,19-09-2022,21-09-2022,Tom Johnson,Corporate,East,Technology,Accessories,3936.48,5,0.15,-305.41
ORD-13783,19-10-2022,20-10-2022,Grace Davis,Home Office,South,Office Supplies,Binders,36.43,2,0.3,5.91
ORD-13984,20-11-2022,27-11-2022,Kevin Martinez,Corporate,West,Office Supplies,Storage,207.74,2,0,68.36
ORD-14581,23-12-2024,25-12-2024,Grace Davis,Consumer,South,Technology,Phones,3919.66,2,0.2,416.48
ORD-10901,15-06-2024,19-06-2024,Tom Wilson,Home Office,West,Office Supplies,Binders,77.58,2,0,21.23
ORD-16650,14-02-2024,19-02-2024,Carlos Wilson,Corporate,East,Furniture,Furnishings,464.03,1,0.3,-67.75
ORD-16354,18-01-2022,21-01-2022,Fatima Lee,Consumer,West,Furniture,Furnishings,208.7,1,0,8.74
ORD-15884,13-11-2024,17-11-2024,Wei Johnson,Consumer,West,Office Supplies,Binders,270.56,2,0,70.74
ORD-10459,10-07-2023,12-07-2023,John Rodriguez,Home Office,West,Office Supplies,Binders,588.86,3,0.2,79.1
ORD-10754,11-11-2023,14-11-2023,Maria Martinez,Corporate,West,Office Supplies,Labels,11.54,2,0.1,2.23
ORD-18836,18-06-2022,22-06-2022,Tom Brown,Home Office,Central,Office Supplies,Art,26.22,2,0.2,0.7
ORD-12121,22-12-2023,29-12-2023,Fatima Davis,Consumer,South,Office Supplies,Storage,149.28,2,0.2,1.7
ORD-16446,19-11-2023,24-11-2023,Sara Johnson,Corporate,Central,Furniture,Bookcases,1928.62,3,0.15,-179.27
ORD-11494,13-12-2022,16-12-2022,David Young,Consumer,East,Office Supplies,Binders,283.13,3,0.15,72.99
ORD-16046,04-11-2023,08-11-2023,Fatima Clark,Consumer,East,Office Supplies,Paper,115.56,1,0.1,8.56
ORD-18761,27-09-2023,28-09-2023,Anna Patel,Corporate,West,Furniture,Bookcases,2121.97,2,0.1,-458.38
ORD-13174,22-10-2024,26-10-2024,Tom Patel,Home Office,East,Office Supplies,Labels,34.12,1,0.3,-1.37
ORD-16070,24-03-2024,26-03-2024,Priya Clark,Corporate,West,Office Supplies,Labels,912.16,5,0.2,178.92
ORD-16045,05-04-2022,08-04-2022,Carlos Clark,Consumer,Central,Furniture,Chairs,4389.92,4,0,448.09
ORD-15454,09-09-2024,12-09-2024,Mohammed Chen,Corporate,Central,Technology,Machines,1078.36,4,0,22.23
ORD-11511,01-04-2023,04-04-2023,Grace Young,Consumer,Central,Furniture,Tables,1615.84,2,0,-276.08
ORD-16281,09-11-2022,12-11-2022,Grace Lee,Corporate,East,Technology,Copiers,1585.47,5,0.4,-26.08
ORD-10951,11-11-2024,12-11-2024,Fatima Clark,Home Office,Central,Office Supplies,Storage,41.35,1,0.1,4.89
ORD-18859,16-06-2024,18-06-2024,Priya Khan,Consumer,West,Office Supplies,Storage,599.04,4,0,122.81
ORD-14078,11-11-2024,18-11-2024,David Clark,Corporate,East,Office Supplies,Labels,137.33,2,0.2,0.46
ORD-19398,18-08-2024,22-08-2024,Linda Johnson,Corporate,Central,Office Supplies,Paper,163.35,1,0.2,20.21
ORD-14379,11-02-2022,12-02-2022,James Chen,Consumer,Central,Furniture,Tables,287.31,3,0.1,-44.95
ORD-18132,21-07-2022,24-07-2022,Tom Wilson,Home Office,South,Office Supplies,Labels,427.53,3,0,66.96
ORD-18871,10-04-2022,13-04-2022,Linda Davis,Home Office,South,Office Supplies,Labels,16.15,1,0.1,4.58
ORD-12805,09-11-2024,14-11-2024,Priya Wilson,Home Office,East,Technology,Copiers,5712.34,5,0.1,1734.02
ORD-11463,14-05-2022,16-05-2022,Mohammed Young,Corporate,West,Technology,Phones,620.3,2,0.3,42.22
ORD-19327,07-03-2024,10-03-2024,Linda Smith,Home Office,East,Office Supplies,Labels,1188.49,6,0.1,164.89
ORD-17791,26-01-2023,30-01-2023,John Khan,Corporate,West,Office Supplies,Labels,25.84,4,0.3,-2.52
ORD-11241,23-02-2022,26-02-2022,Fatima Rodriguez,Corporate,East,Technology,Accessories,712.97,1,0.4,-88.54
ORD-15006,09-12-2024,10-12-2024,Anna Clark,Consumer,Central,Furniture,Bookcases,692.8,4,0.5,-137.73
ORD-13338,25-05-2024,27-05-2024,David Clark,Home Office,Central,Office Supplies,Labels,80.35,1,0.2,8.92
ORD-14833,08-04-2023,10-04-2023,Grace Khan,Corporate,West,Technology,Accessories,2417.5,1,0,-254.04
ORD-13917,05-03-2022,10-03-2022,Nina Wilson,Consumer,Central,Furniture,Tables,190.54,1,0.15,-88.49
ORD-16598,16-02-2024,20-02-2024,Mohammed Lewis,Corporate,Central,Furniture,Tables,752.22,1,0.1,233.86
ORD-19774,04-04-2023,07-04-2023,Fatima Walker,Corporate,West,Office Supplies,Binders,638.82,3,0,140.59
ORD-19357,08-11-2022,09-11-2022,Maria Walker,Consumer,Central,Office Supplies,Binders,395.22,2,0.15,79.8
ORD-13277,08-06-2024,09-06-2024,Tom Young,Home Office,West,Office Supplies,Envelopes,238.56,2,0,99.58
ORD-16613,21-02-2023,25-02-2023,Nina Davis,Corporate,West,Office Supplies,Binders,88.27,1,0.4,-3.92
ORD-16216,02-06-2022,04-06-2022,Grace Rodriguez,Consumer,South,Furniture,Chairs,3696.16,4,0.2,623.57
ORD-14317,04-01-2023,05-01-2023,David Lewis,Corporate,West,Technology,Accessories,3573.89,6,0.2,-588.6
ORD-12017,11-10-2024,18-10-2024,Fatima Clark,Consumer,East,Technology,Copiers,3669.55,3,0.4,162.77
ORD-15296,17-05-2023,18-05-2023,Mohammed Brown,Consumer,East,Technology,Copiers,5725.98,5,0.5,-1784.36
ORD-19780,04-01-2023,06-01-2023,Wei Young,Corporate,South,Office Supplies,Paper,235.37,3,0.4,23.37
ORD-16433,03-12-2023,06-12-2023,Sara Young,Corporate,East,Office Supplies,Labels,121.34,3,0.1,30.91
ORD-18792,04-12-2022,07-12-2022,Mohammed Garcia,Corporate,West,Furniture,Chairs,70.11,1,0.2,6.8
ORD-17841,23-05-2024,24-05-2024,Carlos Brown,Consumer,West,Office Supplies,Binders,56.35,1,0,14.72
ORD-18608,18-04-2023,20-04-2023,Mohammed Young,Consumer,East,Furniture,Furnishings,2984.97,3,0,920.79
ORD-14091,02-06-2024,03-06-2024,Carlos Smith,Corporate,Central,Office Supplies,Storage,172.31,3,0.1,38.57
ORD-15677,14-09-2022,19-09-2022,Grace Clark,Corporate,South,Office Supplies,Art,754.68,4,0,46.29
ORD-12904,25-12-2023,26-12-2023,David Johnson,Consumer,East,Furniture,Bookcases,56.74,1,0.1,17.14
ORD-11739,19-01-2024,20-01-2024,Mohammed Wilson,Consumer,East,Furniture,Tables,1343.87,2,0.2,148.9
ORD-18151,08-04-2023,09-04-2023,Tom Johnson,Consumer,West,Office Supplies,Labels,16.78,1,0.1,1.83
ORD-10266,01-07-2022,04-07-2022,Kevin Rodriguez,Corporate,Central,Furniture,Tables,725.36,2,0.15,-49.03
ORD-12424,12-07-2023,15-07-2023,Sara Lee,Consumer,Central,Office Supplies,Envelopes,598.59,3,0.1,53.33
ORD-13870,27-10-2024,29-10-2024,Wei Brown,Corporate,West,Office Supplies,Paper,23.38,1,0.1,3.27
ORD-19438,21-01-2024,28-01-2024,Anna Garcia,Home Office,South,Office Supplies,Labels,207.3,6,0,38.57
ORD-10097,26-06-2023,27-06-2023,Carlos Rodriguez,Home Office,South,Office Supplies,Art,150.93,1,0.2,5.98
ORD-14316,08-11-2024,11-11-2024,Carlos Khan,Corporate,West,Technology,Copiers,6298.14,6,0.15,1356.95
ORD-15356,09-01-2023,11-01-2023,,Consumer,Central,Office Supplies,Art,313.44,3,0,95.68
ORD-16376,09-12-2022,11-12-2022,Maria Garcia,Consumer,East,Office Supplies,Labels,110.04,1,0.5,-5.22
ORD-15147,12-09-2024,14-09-2024,Wei Garcia,Home Office,West,Office Supplies,Storage,197.7,1,0.2,34.77
ORD-15932,26-02-2022,28-02-2022,Priya Walker,Corporate,south,Office Supplies,Labels,170.96,1,0,27.08
ORD-11538,14-06-2022,17-06-2022,Sara Johnson,Corporate,South,Office Supplies,Storage,213.82,4,0.4,23.37
ORD-16311,17-04-2023,19-04-2023,Sara Walker,Consumer,Central,Furniture,Chairs,1034.36,2,0,29.14
ORD-19521,16-11-2023,18-11-2023,Grace Patel,Corporate,East,Technology,Copiers,454.34,1,0.3,-64.59
ORD-15639,16-02-2024,23-02-2024,David Young,Consumer,Central,Office Supplies,Labels,22.66,2,0.15,1.53
ORD-12231,11-02-2024,12-02-2024,John Patel,Consumer,West,Office Supplies,Binders,19.77,1,0,6.2
ORD-14016,23-07-2022,25-07-2022,James Patel,Consumer,East,Office Supplies,Binders,404.8,4,0.2,-16.91
ORD-12092,06-10-2024,07-10-2024,Maria Lee,Corporate,Central,Office Supplies,Binders,132.56,1,0,26.67
ORD-11508,16-10-2022,20-10-2022,Wei Rodriguez,Consumer,Central,Technology,Machines,2626.13,4,0.15,-394.62
ORD-18447,23-02-2024,,Sara Lee,Home Office,West,Technology,Phones,2784.53,2,0.2,105.25
ORD-11170,06-12-2024,08-12-2024,Kevin Davis,Consumer,Central,Furniture,Bookcases,453.06,2,0.1,-27.51
ORD-15707,24-04-2024,27-04-2024,Grace Khan,Consumer,West,Office Supplies,Envelopes,382.12,2,0.1,83.24
ORD-13534,20-10-2022,21-10-2022,,Consumer,East,Technology,Accessories,1704.04,2,0.5,-304.11
ORD-12551,21-07-2022,25-07-2022,Priya Brown,Consumer,West,Technology,Copiers,5782.8,4,0,-202.36
ORD-18673,20-02-2024,24-02-2024,David Young,Consumer, South ,Furniture,Chairs,948.27,3,0,124.71
ORD-13249,22-06-2024,23-06-2024,James Khan,Consumer,West,Office Supplies,Binders,41.47,1,0.2,2.18
ORD-12161,24-02-2023,28-02-2023,David Walker,Consumer, South ,Office Supplies,Paper,51.79,2,0.2,5.4
ORD-16350,08-01-2023,10-01-2023,Anna Brown,Corporate,West,Technology,Phones,2237.39,2,0.2,-126.09
ORD-18007,21-07-2023,25-07-2023,Grace Chen,Consumer,East,Office Supplies,Storage,191.25,5,0.15,81.22
ORD-16941,27-11-2022,30-11-2022,Kevin Garcia,Corporate,East,Furniture,Bookcases,2511.45,5,0.1,444.24
ORD-15759,20-08-2023,22-08-2023,Linda Smith,Consumer,West,Office Supplies,Binders,130.42,6,0.2,6.58
ORD-13393,20-12-2022,23-12-2022,Carlos Garcia,Consumer,East,Furniture,Bookcases,899.01,2,0.1,259.09
ORD-17915,18-02-2023,20-02-2023,John Davis,Consumer,West,Technology,Machines,5619.66,3,0,760.45
ORD-13362,22-07-2022,24-07-2022,Wei Chen,Consumer,West,Office Supplies,Art,70.82,2,0.15,12.27
ORD-18969,04-07-2023,06-07-2023,Priya Garcia,Consumer,Central,Office Supplies,Labels,120.04,2,0.15,16.91
ORD-11601,11-12-2022,12-12-2022,Tom Martinez,Corporate,West,Technology,Machines,98.56,1,0.3,-19.28
ORD-13841,12-03-2024,14-03-2024,Sara Chen,Corporate,Central,Office Supplies,Envelopes,242.38,2,0,18.02
ORD-13802,05-01-2024,08-01-2024,Priya Clark,Corporate,South,Office Supplies,Labels,63.32,3,0.5,-10.12
ORD-13885,06-02-2022,07-02-2022,Tom Chen,Consumer,Central,Office Supplies,Storage,142.94,1,0.1,34.12
ORD-11675,05-11-2023,06-11-2023,Priya Wilson,Consumer,West,Furniture,Furnishings,199.74,1,0.5,-80.25
ORD-14204,07-05-2022,10-05-2022,Priya Young,Consumer,East,Office Supplies,Storage,179.91,1,0.15,4.5
ORD-15669,01-02-2024,03-02-2024,Carlos Wilson,Corporate,West,Technology,Copiers,954.45,1,0.2,-304.29
ORD-11710,11-01-2022,15-01-2022,,Home Office,East,Furniture,Furnishings,492.38,2,0,4.92
ORD-11830,20-12-2022,22-12-2022,Mohammed Rodriguez,Corporate,Central,Technology,Machines,7125.76,4,0,2609.06
ORD-13182,11-07-2022,15-07-2022,David Davis,Consumer,West,Technology,Machines,193.2,5,0,46.71
ORD-11034,01-11-2024,03-11-2024,Grace Davis,Consumer,West,Office Supplies,Paper,169.12,2,0.15,16.94
ORD-18801,20-01-2023,25-01-2023,Carlos Chen,Consumer,Central,Furniture,Tables,403.03,1,0,41.68
ORD-17129,06-07-2022,07-07-2022,John Johnson,Corporate,Central,Furniture,Chairs,2528.09,3,0.2,889.49
ORD-18100,16-09-2024,19-09-2024,Anna Brown,Consumer,Central,Technology,Copiers,7112.58,4,0.2,170.67
ORD-14425,09-11-2024,10-11-2024,John Patel,Consumer,South,Furniture,Chairs,793.35,2,0.3,31.09
ORD-13582,18-03-2023,19-03-2023,Wei Young,Consumer,West,Technology,Copiers,627.35,1,0.1,73.05
ORD-18467,13-08-2023,17-08-2023,Sara Wilson,Consumer,West,Technology,Copiers,1579.66,1,0,610.59
ORD-18814,24-08-2024,25-08-2024,Linda Wilson,Corporate,South,Office Supplies,Binders,565.3,3,0.1,128.42
ORD-15916,23-08-2024,28-08-2024,Linda Lewis,Corporate,South,Furniture,Tables,1651.27,4,0.4,-19.03
ORD-13572,07-10-2022,09-10-2022,Sara Garcia,Corporate,West,Office Supplies,Storage,90.26,1,0.4,-0.79
ORD-18891,24-03-2024,25-03-2024,Carlos Smith,Home Office,South,Office Supplies,Envelopes,133.13,1,0,26.24
ORD-10673,24-12-2022,31-12-2022,John Johnson,Consumer,West,Office Supplies,Art,339.77,4,0.1,78.87
ORD-16821,20-08-2022,27-08-2022,Mohammed Young,Consumer,West,Furniture,Bookcases,1116.08,2,0,66.19
ORD-10377,10-07-2022,14-07-2022,Wei Lewis,Consumer,West,Furniture,Furnishings,816.3,1,0.1,-66.24
ORD-17642,18-09-2022,19-09-2022,Anna Garcia,Consumer,West,Furniture,Bookcases,611.23,3,0.3,-126.04
ORD-10750,17-07-2022,22-07-2022,Grace Patel,Home Office,South,Office Supplies,Storage,869.35,5,0,358.13
ORD-12516,27-02-2024,28-02-2024,Linda Clark,Consumer,WEST,Technology,Machines,6924.6,6,0.4,1282.64
ORD-15046,26-08-2023,29-08-2023,Grace Brown,Consumer,Central,Technology,Copiers,3385.47,2,0.2,-503.88
ORD-13616,05-09-2022,08-09-2022,Anna Lewis,Corporate,South,Technology,Phones,4062.15,6,0.15,122.17
ORD-15028,19-06-2024,21-06-2024,Carlos Smith,Consumer,Central,Office Supplies,Storage,105.2,1,0,0.6
ORD-17982,11-01-2023,14-01-2023,Mohammed Wilson,Home Office,East,Office Supplies,Labels,127.5,2,0,51.24
ORD-12209,03-12-2023,04-12-2023,Kevin Martinez,Consumer,East,Technology,Machines,1739.8,1,0.3,-542.09
ORD-14540,13-12-2022,16-12-2022,David Lewis,Corporate,Central,Office Supplies,Binders,368.32,4,0.15,70.8
ORD-12417,08-07-2022,09-07-2022,David Lewis,Consumer,East,Office Supplies,Labels,937.2,5,0,297.98
ORD-17976,01-10-2024,04-10-2024,Kevin Smith,Corporate,East,Furniture,Bookcases,1286.64,4,0,-112.61
ORD-13883,14-09-2024,17-09-2024,Grace Smith,Consumer,East,Office Supplies,Storage,351.02,2,0.15,98.71
ORD-17736,07-02-2023,08-02-2023,Nina Khan,Consumer,East,Office Supplies,Art,83.7,1,0,17.98
ORD-16050,11-12-2022,12-12-2022,Mohammed Clark,Corporate,Central,Office Supplies,Binders,565.35,3,0.1,181.42
ORD-17327,03-08-2023,05-08-2023,Kevin Chen,Corporate,Central,Office Supplies,Paper,40.81,1,0,11.63
ORD-14795,25-07-2022,26-07-2022,Linda Walker,Corporate,South,Office Supplies,Binders,47.07,3,0,20.06
ORD-16191,08-05-2023,11-05-2023,Maria Chen,Corporate,South,Office Supplies,Envelopes,146.38,1,0.1,20.05
ORD-14319,08-07-2024,15-07-2024,David Martinez,Consumer,West,Office Supplies,Binders,163.18,1,0.2,7.33
ORD-17603,08-08-2022,09-08-2022,Kevin Johnson,Corporate,Central,Furniture,Chairs,110.53,2,0.15,4.33
ORD-13123,22-06-2023,25-06-2023,Nina Rodriguez,Consumer,West,Furniture,Tables,4374.17,6,0.3,1119.76
ORD-12260,08-12-2022,12-12-2022,Priya Lee,Consumer,Central,Technology,Machines,12633.66,6,0,2214.63
ORD-10240,17-09-2023,19-09-2023,David Wilson,Corporate,West,Furniture,Tables,1137.28,2,0.4,-564
ORD-13468,01-09-2024,02-09-2024,Maria Walker,Home Office,Central,Office Supplies,Binders,26.5,1,0.15,6.39
ORD-19551,19-11-2024,22-11-2024,David Young,Home Office,East,Office Supplies,Storage,765.78,6,0,148.26
ORD-13911,08-02-2024,13-02-2024,Anna Davis,Consumer,East,Office Supplies,Labels,442.4,2,0,44.46
ORD-12039,23-08-2023,24-08-2023,Mohammed Brown,Consumer,Central,Technology,Copiers,843.6,1,0.2,-64.67
ORD-14528,20-09-2022,21-09-2022,James Clark,Consumer,West,Technology,Phones,1453,2,0,564.86
ORD-18403,27-09-2024,01-10-2024,Maria Young,Consumer,South,Technology,Machines,188.24,1,0.15,86.51
ORD-17583,24-05-2023,27-05-2023,Grace Smith,Home Office,South,Office Supplies,Envelopes,135.93,1,0,17.8
ORD-11344,18-08-2023,22-08-2023,Priya Lee,Consumer,East,Office Supplies,Binders,114.06,1,0.4,1.93
ORD-15608,22-03-2023,24-03-2023,Maria Chen,Consumer,Central,Furniture,Chairs,1530.63,2,0.15,-855.57
ORD-12140,22-12-2022,23-12-2022,David Walker,Consumer,South,Technology,Machines,466.98,1,0.2,34.34
ORD-18990,16-10-2022,17-10-2022,Sara Smith,Home Office,West,Technology,Machines,110.8,1,0,15.64
ORD-13774,08-05-2024,09-05-2024,Kevin Rodriguez,Home Office,West,Office Supplies,Paper,42.27,3,0,3.67
ORD-14507,18-11-2023,23-11-2023,Mohammed Rodriguez,Home Office,East,Office Supplies,Art,53.69,2,0.4,-4.95
ORD-15275,15-04-2022,16-04-2022,Sara Garcia,Consumer,South,Technology,Accessories,3018.2,5,0.1,310.58
ORD-13581,01-09-2022,05-09-2022,Linda Young,Consumer,East,Office Supplies,Storage,79.24,2,0.1,1.64
ORD-10671,16-06-2023,19-06-2023,Wei Lewis,Consumer,West,Technology,Phones,1918.98,2,0,492.13
ORD-18998,06-01-2023,08-01-2023,Sara Martinez,Consumer,South,Technology,Machines,750.7,1,0,262.73
ORD-15546,07-08-2022,08-08-2022,Carlos Martinez,Consumer,South,Office Supplies,Envelopes,128.2,1,0,19.63
ORD-19082,15-02-2024,17-02-2024,Wei Rodriguez,Consumer,West,Office Supplies,Art,160.65,3,0.1,40.27
ORD-11891,17-01-2024,21-01-2024,Fatima Garcia,Corporate,East,Furniture,Tables,1017.58,1,0,7.54
ORD-11144,06-02-2022,08-02-2022,Kevin Lewis,Consumer,South,Office Supplies,Art,440.76,4,0,75.43
ORD-10852,09-12-2024,13-12-2024,Linda Martinez,Home Office,West,Technology,Accessories,3451.06,3,0.1,-257.14
ORD-10445,10-01-2022,12-01-2022,James Patel,Consumer,East,Technology,Machines,3323.55,2,0.15,38.02
ORD-12989,04-06-2024,07-06-2024,Wei Chen,Consumer,East,Technology,Copiers,390.96,2,0.1,44.73
ORD-16030,08-02-2024,11-02-2024,Tom Clark,Corporate,South,Technology,Phones,1499.08,5,0.2,344.89
ORD-18043,15-12-2022,18-12-2022,James Khan,Consumer,Central,Office Supplies,Binders,57.22,1,0.1,6.86
ORD-13448,17-10-2024,19-10-2024,Wei Young,Consumer,Central,Furniture,Chairs,1605.38,2,0.2,-677.6
ORD-10446,19-10-2024,22-10-2024,John Johnson,Corporate,East,Furniture,Tables,1066.01,1,0.1,152.06
ORD-13918,23-10-2023,26-10-2023,Grace Martinez,Consumer,East,Technology,Machines,5061.36,6,0,-644.04
ORD-13727,15-05-2024,19-05-2024,David Martinez,Consumer,South,Technology,Copiers,4227.32,2,0.1,117.27
ORD-16429,06-12-2024,08-12-2024,John Lee,Consumer,East,Office Supplies,Storage,649.11,3,0,151.38
ORD-17798,10-10-2024,11-10-2024,Mohammed Chen,Corporate,South,Technology,Machines,714.76,1,0.15,118.13
ORD-18420,20-04-2022,21-04-2022,Carlos Davis,Consumer,East,Office Supplies,Binders,212.64,3,0,59.3
ORD-10477,09-06-2023,11-06-2023,Maria Rodriguez,Corporate,South,Office Supplies,Labels,226.99,1,0,52.49
ORD-17926,15-01-2024,17-01-2024,Linda Rodriguez,Consumer,East,Office Supplies,Art,93.24,1,0.15,16.69
ORD-14939,11-11-2023,12-11-2023,Kevin Smith,Consumer,West,Technology,Accessories,1974.53,2,0.1,338.82
ORD-13953,15-09-2024,19-09-2024,Sara Martinez,Home Office,Central,Furniture,Chairs,226.66,1,0.15,61.85
ORD-15525,13-04-2023,15-04-2023,Tom Johnson,Consumer,West,Technology,Machines,1802.28,4,0.4,-68.25
ORD-18573,20-04-2024,21-04-2024,Sara Brown,Corporate,West,Furniture,Bookcases,2291.96,4,0,445.65
ORD-18380,23-11-2024,26-11-2024,Nina Patel,Consumer,East,Office Supplies,Binders,21.16,1,0.15,0.43
ORD-16625,03-06-2022,06-06-2022,Carlos Garcia,Consumer,Central,Furniture,Furnishings,2021.76,2,0,-237.88
ORD-10797,14-12-2024,15-12-2024,Nina Davis,Consumer,East,Office Supplies,Labels,33.59,1,0.15,2.88
ORD-16800,09-08-2023,10-08-2023,John Walker,Consumer,East,Furniture,Chairs,412.62,6,0,79.93
ORD-17108,08-07-2023,10-07-2023,Grace Khan,Corporate,East,Technology,Phones,1179.95,1,0.15,433.39
ORD-15530,17-11-2023,18-11-2023,,Home Office,West,Technology,Accessories,1537.55,1,0.2,-30.93
ORD-14579,12-07-2022,14-07-2022,Kevin Brown,Home Office,West,Office Supplies,Labels,482.02,2,0,70.94
ORD-11100,25-05-2022,28-05-2022,Mohammed Garcia,Home Office,Central,Office Supplies,Art,34.78,1,0,4.85
ORD-16022,24-09-2024,26-09-2024,Linda Wilson,Consumer,West,Technology,Phones,709.32,1,0.3,-32.86
ORD-15209,25-06-2022,27-06-2022,Tom Rodriguez,Corporate,South,Technology,Accessories,1862.72,1,0,671.99
ORD-11218,04-05-2022,05-05-2022,Kevin Patel,Consumer,West,Technology,Phones,3627.49,2,0.1,269.64
ORD-16379,17-11-2022,19-11-2022,Grace Walker,Consumer,East,Technology,Phones,2173.44,1,0,-254.74
ORD-13222,20-11-2022,24-11-2022,Anna Rodriguez,Consumer,east,Technology,Machines,1073.3,1,0,284.65
ORD-17755,09-10-2022,12-10-2022,Mohammed Khan,Consumer,South,Furniture,Bookcases,1013.31,2,0.5,-297.11
ORD-10013,11-09-2023,15-09-2023,Sara Chen,Consumer,Central,Office Supplies,Labels,215.3,1,0,27.79
ORD-12901,23-03-2024,26-03-2024,Sara Rodriguez,Home Office,Central,Furniture,Furnishings,2814.77,4,0.1,-480.29
ORD-18899,07-04-2024,08-04-2024,David Walker,Consumer,Central,Technology,Accessories,4909.87,3,0.1,47.02
ORD-12292,11-03-2024,13-03-2024,Anna Clark,Consumer,Central,Technology,Accessories,2743.24,2,0.15,325.54
ORD-15174,25-01-2023,29-01-2023,Anna Davis,Consumer,East,Office Supplies,Binders,627.8,3,0.1,196.89
ORD-19740,08-01-2024,11-01-2024,David Martinez,Corporate,South,Technology,Copiers,436.65,1,0,71.78
ORD-10806,27-01-2023,29-01-2023,Nina Walker,Corporate,South,Furniture,Tables,797.42,2,0.15,67.79
ORD-16656,18-01-2023,19-01-2023,Anna Lee,Corporate,East,Furniture,Tables,392.76,2,0.1,-108.38
ORD-11708,24-07-2023,26-07-2023,Priya Lee,Home Office,east,Technology,Copiers,1606.54,1,0,348.27
ORD-13552,12-11-2023,15-11-2023,John Lewis,Home Office,East,Office Supplies,Binders,546.7,5,0,144.06
ORD-11906,09-10-2023,13-10-2023,Linda Clark,Corporate,East,Technology,Phones,4488.84,3,0.4,898.1
ORD-10698,04-12-2023,08-12-2023,Tom Khan,Consumer,East,Technology,Accessories,666.22,1,0.1,95.64
ORD-14466,17-12-2024,18-12-2024,Fatima Young,Consumer,East,Office Supplies,Paper,437.22,3,0.15,55.79
ORD-18432,26-05-2023,31-05-2023,Wei Brown,Consumer,East,Office Supplies,Paper,143.65,5,0.15,17.14
ORD-10713,23-08-2023,24-08-2023,Kevin Rodriguez,Consumer,East,Furniture,Furnishings,308.92,2,0.3,-79.56
ORD-19394,15-11-2022,17-11-2022,Carlos Patel,Consumer,Central,Office Supplies,Art,102.62,2,0.1,-0.97
ORD-19676,15-12-2024,16-12-2024,Fatima Khan,Corporate,East,Technology,Copiers,602.69,1,0,386.53
ORD-19289,10-07-2022,11-07-2022,Mohammed Lewis,Consumer,West,Office Supplies,Binders,282.8,2,0.3,15.48
ORD-15404,05-09-2023,08-09-2023,Linda Rodriguez,Consumer,Central,Furniture,Bookcases,572.81,1,0.15,-132.87
ORD-15580,27-05-2022,03-06-2022,Tom Chen,Corporate,West,Technology,Accessories,2786.43,2,0.2,207.38
ORD-19122,19-01-2022,23-01-2022,Grace Wilson,Corporate,West,Furniture,Furnishings,2419.58,6,0.2,-576.03
ORD-18699,20-12-2023,23-12-2023,Tom Patel,Home Office,East,Furniture,Furnishings,4419.84,4,0,-727.31
ORD-19090,14-11-2024,16-11-2024,Tom Patel,Consumer,Central,Office Supplies,Art,127.41,1,0.2,32.35
ORD-17409,01-10-2022,03-10-2022,Wei Chen,Corporate,South,Furniture,Bookcases,2068.85,2,0.1,236.93
ORD-16017,16-04-2022,21-04-2022,Anna Smith,Home Office,East,Technology,Machines,2153.04,4,0,72.1
ORD-10610,03-02-2024,04-02-2024,Kevin Martinez,Corporate,South,Furniture,Furnishings,272.46,1,0,0.39
ORD-12896,17-09-2023,21-09-2023,Priya Martinez,Consumer,East,Technology,Accessories,4594.75,4,0.2,292.08
ORD-14339,05-12-2024,08-12-2024,Kevin Smith,Consumer,West,Office Supplies,Envelopes,59.6,1,0,12.15
ORD-14321,05-11-2024,08-11-2024,Priya Wilson,Corporate,East,Office Supplies,Paper,52.66,1,0.4,-0.14
ORD-10433,17-06-2022,19-06-2022,Linda Brown,Consumer,south,Furniture,Tables,960.25,3,0.5,-41.05
ORD-18670,09-10-2023,11-10-2023,Sara Walker,Corporate,East,Technology,Accessories,274.66,1,0,70.8
ORD-12836,18-05-2024,23-05-2024,John Lee,Consumer,West,Technology,Copiers,1662.8,4,0,240.11
ORD-10551,26-06-2022,28-06-2022,,Consumer,East,Furniture,Bookcases,637.09,2,0.2,-266.27
ORD-10970,08-03-2022,13-03-2022,John Smith,Consumer,East,Office Supplies,Paper,496.19,6,0.3,49.25
ORD-17343,20-04-2022,23-04-2022,Carlos Khan,Corporate,East,Office Supplies,Labels,159.95,5,0,35
ORD-11858,13-09-2024,17-09-2024,Fatima Johnson,Consumer,West,Office Supplies,Paper,171.43,1,0,55.87
ORD-10340,07-08-2024,08-08-2024,Tom Wilson,Home Office,Central,Office Supplies,Art,147.78,1,0.1,36.67
ORD-18450,19-03-2023,21-03-2023,Tom Chen,Consumer,Central,Technology,Accessories,3229.1,3,,419.65
ORD-10312,08-11-2023,10-11-2023,Fatima Davis,Corporate,South,Technology,Phones,433.96,4,0,79.63
ORD-16750,05-08-2024,06-08-2024,Priya Rodriguez,Consumer,South,Office Supplies,Binders,90.71,1,0.4,-14.64
ORD-18538,18-09-2023,19-09-2023,Nina Wilson,Consumer,East,Technology,Machines,938.99,1,0.5,-439.01
ORD-10051,13-11-2023,18-11-2023,Carlos Khan,Consumer,West,Furniture,Bookcases,483.88,1,0,-71.53
ORD-16624,20-08-2023,23-08-2023,David Lee,Consumer,West,Office Supplies,Labels,41.11,1,0.1,-0.83
ORD-13742,02-04-2022,07-04-2022,Anna Smith,Consumer,East,Technology,Machines,4985.53,4,0.1,1187.07
ORD-19799,13-08-2023,17-08-2023,Kevin Patel,Consumer,West,Technology,Accessories,8244.6,6,0,130.27
ORD-16714,24-12-2022,29-12-2022,David Walker,Consumer,West,Furniture,Tables,657.12,1,0.1,-93.48
ORD-10038,21-01-2022,22-01-2022,John Khan,Home Office,South,Office Supplies,Storage,412.22,2,0.15,35.78
ORD-13435,21-12-2023,23-12-2023,Kevin Rodriguez,Corporate,Central,Technology,Copiers,1787.1,1,0.1,-114.86
ORD-16836,04-02-2024,07-02-2024,Maria Chen,Consumer,South,Furniture,Furnishings,1944.42,2,0,-193.76
ORD-15796,04-09-2023,05-09-2023,Nina Garcia,Corporate,South,Furniture,Furnishings,879.5,1,0,-51.37
ORD-17020,03-12-2024,04-12-2024,,Consumer,South,Office Supplies,Binders,225.91,1,0,64
ORD-18497,08-12-2024,10-12-2024,Wei Chen,Consumer,West,Office Supplies,Envelopes,111.48,1,0.1,8.93
ORD-10996,26-07-2023,27-07-2023,Tom Brown,Corporate,West,Furniture,Chairs,2411.15,3,0.15,186.6
ORD-17224,04-06-2024,05-06-2024,Carlos Patel,Corporate,South,Office Supplies,Storage,272.99,4,0.1,71.62
ORD-12132,15-03-2022,,John Garcia,Consumer,Central,Office Supplies,Art,54.87,5,0.15,5.42
ORD-19384,27-11-2022,28-11-2022,Kevin Garcia,Consumer,East,Furniture,Furnishings,2028.15,2,0.15,-269.52
ORD-14814,15-11-2024,19-11-2024,Fatima Walker,Consumer,South,Furniture,Furnishings,208.22,1,0.15,27.07
ORD-17620,20-08-2023,23-08-2023,James Clark,Consumer,Central,Furniture,Tables,669.65,1,0.1,-90.18
ORD-11122,27-07-2023,30-07-2023,,Consumer,East,Technology,Phones,435.18,1,0,-55.55
ORD-19491,23-05-2024,28-05-2024,David Brown,Corporate,Central,Technology,Phones,1876.95,1,0.1,490.54
ORD-18207,08-06-2024,09-06-2024,Nina Wilson,Consumer,Central,Office Supplies,Envelopes,90.86,1,0,22.76
ORD-12503,15-10-2022,16-10-2022,Wei Smith,Corporate,East,Technology,Machines,6338.2,4,0.1,1267.82
ORD-15527,07-12-2023,08-12-2023,David Johnson,Corporate,West,Furniture,Tables,611.36,2,0,-127.74
ORD-16809,19-04-2023,24-04-2023,Linda Clark,Corporate,Central,Office Supplies,Labels,506.81,3,0.3,85.08
ORD-18536,08-04-2023,11-04-2023,Fatima Brown,Consumer,Central,Furniture,Chairs,1926.22,3,0.15,66.07
ORD-15727,04-02-2023,06-02-2023,Tom Wilson,Home Office,West,Furniture,Tables,548.12,1,0,196.16
ORD-16711,26-08-2022,27-08-2022,Anna Walker,Consumer,West,Technology,Copiers,847.3,1,0.1,40.11
ORD-14741,27-11-2024,29-11-2024,Mohammed Walker,Consumer,Central,Office Supplies,Labels,479.98,2,0,80.12
ORD-17496,23-01-2023,27-01-2023,James Garcia,Consumer,South,Furniture,Furnishings,368.48,1,0.3,-92.12
ORD-17693,01-10-2022,03-10-2022,Maria Chen,Consumer,East,Office Supplies,Art,174.36,1,0.1,29.65
ORD-13186,24-10-2022,27-10-2022,Tom Garcia,Consumer,East,Technology,Accessories,6305.49,5,0.1,-205.27
ORD-15001,03-05-2022,05-05-2022,Fatima Wilson,Consumer,West,Technology,Phones,3792.46,2,0.1,1129.69
ORD-13950,15-12-2022,16-12-2022,Anna Wilson,Corporate,South,Office Supplies,Paper,152.46,2,0.1,18.84
ORD-11817,10-09-2024,11-09-2024,Carlos Brown,Consumer,West,Office Supplies,Labels,410.54,2,0.1,106.21
ORD-10936,01-11-2024,06-11-2024,David Brown,Home Office,West,Office Supplies,Binders,403.38,3,0.1,-14.09
ORD-19390,19-08-2024,22-08-2024,Wei Johnson,Consumer,West,Technology,Accessories,6037.92,4,,920.72
ORD-11717,24-07-2024,25-07-2024,Fatima Walker,Home Office,West,Office Supplies,Labels,56.34,1,0.15,8.15
ORD-10807,19-12-2024,21-12-2024,Grace Rodriguez,Corporate,West,Office Supplies,Art,268.98,6,0,89.68
ORD-13894,22-09-2023,24-09-2023,Carlos Wilson,Corporate,West,Office Supplies,Art,35,2,0.5,-7.01
ORD-10916,10-08-2023,13-08-2023,Anna Chen,Home Office,West,Office Supplies,Envelopes,729.32,5,0.2,201.56
ORD-13782,26-08-2024,30-08-2024,Mohammed Garcia,Corporate,South,Office Supplies,Paper,80.35,1,0.1,-6.56
ORD-11404,05-04-2022,09-04-2022,David Patel,Consumer,West,Office Supplies,Envelopes,113.74,1,0.3,20.93
ORD-12605,26-03-2023,29-03-2023,Kevin Patel,Consumer,East,Office Supplies,Paper,19.81,1,0,7.83
ORD-16018,18-08-2024,19-08-2024,Tom Johnson,Consumer,Central,Furniture,Tables,191.1,1,0.2,31.03
ORD-11166,12-02-2024,13-02-2024,Mohammed Lewis,Corporate,Central,Office Supplies,Binders,872.52,6,0,78.84
ORD-13892,08-07-2024,09-07-2024,Wei Clark,Home Office,EAST,Technology,Phones,3386.74,2,0.1,1462.58
ORD-19148,22-03-2023,24-03-2023,Fatima Brown,Consumer,West,Furniture,Bookcases,3319.86,6,0,-423.85
ORD-15368,07-07-2024,09-07-2024,Linda Johnson,Consumer,East,Technology,Copiers,983.84,1,0.3,-111.08
ORD-10783,11-04-2022,13-04-2022,Carlos Brown,Corporate,West,Technology,Accessories,206.17,1,0,11.5
ORD-18734,17-07-2024,20-07-2024,Grace Khan,Consumer,West,Furniture,Furnishings,2956.44,5,0.2,-389.22
ORD-18162,25-05-2024,28-05-2024,John Brown,Corporate,West,Furniture,Bookcases,697.2,2,0.15,-5.79
ORD-15440,25-11-2024,30-11-2024,Kevin Johnson,Corporate,East,Office Supplies,Storage,87.94,6,0.2,17.26
ORD-16652,05-03-2023,07-03-2023,Nina Chen,Corporate,Central,Office Supplies,Binders,788.88,6,0,249.16
ORD-10212,14-07-2023,18-07-2023,David Clark,Corporate,Central,Office Supplies,Labels,619.95,3,0.1,133.67
ORD-19564,10-10-2022,12-10-2022,Carlos Davis,Consumer,West,Office Supplies,Paper,151.71,1,0.2,16.78
ORD-12333,16-10-2022,18-10-2022,Priya Wilson,Consumer,South,Office Supplies,Art,183.4,1,0.1,63.83
ORD-13710,19-12-2023,20-12-2023,David Davis,Consumer,South,Office Supplies,Paper,28.66,1,0,5.75
ORD-12008,19-01-2023,20-01-2023,David Lee,Consumer,East,Furniture,Furnishings,1129.43,1,0,-175.36
ORD-15192,11-12-2022,15-12-2022,Maria Chen,Corporate,West,Technology,Machines,682.12,1,0.5,-221.63
ORD-14649,07-03-2023,14-03-2023,Nina Johnson,Corporate,East,Office Supplies,Paper,243.09,2,0.2,41.29
ORD-11636,04-01-2024,08-01-2024,Maria Brown,Home Office,Central,Furniture,Furnishings,3864.65,5,0,-84.11
ORD-13272,13-03-2023,14-03-2023,Carlos Lee,Consumer,East,Technology,Accessories,664.49,1,0.1,65.93
ORD-18222,18-01-2024,21-01-2024,Mohammed Rodriguez,Home Office,East,Technology,Accessories,1071.88,2,0.1,239
ORD-12338,09-12-2023,10-12-2023,,Consumer,South,Technology,Machines,7305.6,3,0,-693.34
ORD-17521,04-06-2024,07-06-2024,James Khan,Home Office,Central,Office Supplies,Binders,234.72,3,0.4,5.63
ORD-15927,21-09-2022,24-09-2022,Anna Young,Consumer,Central,Office Supplies,Envelopes,877.44,6,0,146.16
ORD-17374,24-11-2023,26-11-2023,,Consumer,South,Furniture,Chairs,2193.76,4,0.5,-411.55
ORD-10757,09-12-2023,13-12-2023,Kevin Clark,Corporate,East,Office Supplies,Envelopes,477.85,5,0.3,19.68
ORD-18050,26-09-2023,29-09-2023,Tom Davis,Consumer,West,Furniture,Tables,926.58,1,0.2,-197.55
ORD-12495,09-05-2023,10-05-2023,Mohammed Johnson,Consumer,South,Office Supplies,Paper,4.72,1,0.3,-0.18
ORD-12450,07-07-2024,08-07-2024,Tom Davis,Consumer,East,Office Supplies,Storage,314.41,2,0.15,61.8
ORD-11338,06-12-2022,10-12-2022,Maria Davis,Corporate,East,Technology,Machines,1278.75,1,0.2,45.79
ORD-11547,22-04-2024,23-04-2024,Grace Khan,Consumer,East,Office Supplies,Art,398,2,0.1,54.8
ORD-15548,09-03-2022,10-03-2022,David Lewis,Consumer,West,Furniture,Chairs,821.74,1,0.15,84.32
ORD-13316,05-12-2024,06-12-2024,Carlos Chen,Corporate,East,Technology,Copiers,1374.59,1,0,-137.83
ORD-17951,10-05-2022,17-05-2022,James Brown,Consumer,South,Office Supplies,Storage,79.76,1,0.3,-11.04
ORD-11997,13-06-2022,15-06-2022,James Khan,Corporate,South,Furniture,Furnishings,925.92,1,0.1,89.31
ORD-12905,13-05-2023,15-05-2023,Kevin Clark,Home Office,East,Technology,Phones,3853.48,2,0,1389.62
ORD-19714,03-11-2023,08-11-2023,Carlos Smith,Home Office,East,Technology,Machines,2195.2,3,0.5,27.34
ORD-14708,03-02-2023,07-02-2023,Anna Rodriguez,Corporate,Central,Furniture,Bookcases,1632.01,2,0.1,194.95
ORD-15106,22-06-2022,24-06-2022,Kevin Chen,Consumer,South,Furniture,Tables,2000.64,3,0.2,-266.04
ORD-13299,19-09-2023,26-09-2023,Priya Patel,Corporate,East,Technology,Machines,419.63,2,0.15,128.5
ORD-16124,20-05-2024,23-05-2024,Linda Lee,Corporate,East,Office Supplies,Envelopes,249.97,4,0.15,56.16
ORD-17392,18-07-2023,25-07-2023,Grace Chen,Home Office,Central,Technology,Machines,1273.52,1,0,232.11
ORD-10380,25-10-2023,26-10-2023,Grace Wilson,Consumer,Central,Office Supplies,Envelopes,228.09,4,0.3,36.33
ORD-19161,02-12-2023,03-12-2023,Tom Walker,Corporate,West,Technology,Machines,2416.34,2,0.2,560.59
ORD-19490,08-01-2022,10-01-2022,Priya Wilson,Consumer,East,Office Supplies,Paper,30.1,2,0.1,6.09
ORD-13867,16-08-2022,18-08-2022,Mohammed Lewis,Corporate,West,Office Supplies,Envelopes,67.16,2,0.5,1.07
ORD-18661,07-04-2023,08-04-2023,Priya Lee,Consumer,Central,Office Supplies,Envelopes,439.8,2,0,17.39
ORD-19367,01-08-2024,03-08-2024,Grace Smith,Consumer,Central,Office Supplies,Art,122.35,1,0.1,23.46
ORD-11666,08-04-2022,11-04-2022,Kevin Khan,Consumer,East,Technology,Copiers,3890.28,4,0,1902.55
ORD-16896,27-03-2022,30-03-2022,Tom Rodriguez,Home Office,East,Office Supplies,Storage,110.48,1,0.3,5.84
ORD-19503,11-05-2024,15-05-2024,Grace Davis,Corporate,South,Technology,Phones,5106.87,4,0.15,253.32
ORD-13715,22-09-2024,23-09-2024,Linda Smith,Consumer,West,Technology,Phones,641.92,1,0.15,-60.05
ORD-12386,09-12-2023,11-12-2023,Anna Garcia,Consumer,East,Furniture,Bookcases,135.3,1,0.2,-41.06
ORD-16008,11-06-2024,16-06-2024,Anna Walker,Consumer,South,Technology,Machines,1949.83,1,0.1,-81.66
ORD-14325,20-09-2024,24-09-2024,Nina Johnson,Consumer,East,Office Supplies,Envelopes,68.55,1,0.5,-7.5
ORD-10701,21-08-2022,24-08-2022,Linda Rodriguez,Home Office,Central,Furniture,Chairs,1035.2,2,0,-414.77
ORD-11306,13-06-2022,16-06-2022,Maria Johnson,Consumer,West,Technology,Accessories,2552.94,2,0.1,645.93
ORD-12873,05-12-2022,12-12-2022,Linda Clark,Consumer,West,Office Supplies,Storage,711.06,3,0,228.25
ORD-13560,25-09-2023,26-09-2023,Grace Smith,Home Office,East,Office Supplies,Binders,187.79,1,0.15,-21.51
ORD-19592,21-12-2022,25-12-2022,Fatima Martinez,Home Office,South,Technology,Machines,1253.17,2,0.5,119.88
ORD-19144,20-11-2024,25-11-2024,James Clark,Consumer,West,Technology,Copiers,1683.68,2,0.3,-328.49
ORD-13111,08-04-2022,13-04-2022,Sara Brown,Home Office,West,Office Supplies,Binders,37.96,1,0.1,11.72
ORD-15201,22-01-2022,24-01-2022,John Khan,Corporate,East,Furniture,Furnishings,597.52,1,0.2,-22.83
ORD-17970,18-06-2024,21-06-2024,James Brown,Consumer,East,Furniture,Tables,74.34,1,0.2,0.86
ORD-16723,20-05-2024,25-05-2024,John Smith,Home Office,West,Technology,Phones,8384.36,4,0.1,2126.58
ORD-16472,25-08-2023,28-08-2023,David Rodriguez,Home Office,South,Office Supplies,Paper,135,5,0.2,-1.32
ORD-16841,10-02-2022,14-02-2022,Nina Wilson,Consumer,West,Office Supplies,Storage,131.89,2,0.15,9.03
ORD-19609,02-11-2023,05-11-2023,Mohammed Davis,Consumer,West,Office Supplies,Paper,241.22,2,0.4,-14.26
ORD-15263,11-01-2022,14-01-2022,Maria Clark,Corporate,South,Office Supplies,Labels,388.98,2,0,22.18
ORD-16959,10-07-2022,13-07-2022,Grace Clark,Consumer,Central,Office Supplies,Envelopes,860.6,4,0,308.51
ORD-19650,20-11-2022,23-11-2022,James Brown,Corporate,East,Office Supplies,Labels,14.86,1,0.2,1.39
ORD-11003,03-08-2022,05-08-2022,Priya Garcia,Consumer,West,Office Supplies,Binders,107.19,3,0.5,-13.88
ORD-16968,11-06-2023,13-06-2023,Anna Garcia,Home Office,West,Office Supplies,Labels,421.02,2,0.15,52.7
ORD-10561,03-12-2023,07-12-2023,Nina Lee,Corporate,West,Technology,Machines,1876.82,1,0,318.72
ORD-11448,18-03-2022,19-03-2022,Sara Smith,Consumer,West,Office Supplies,Art,397.09,3,0.1,62.03
ORD-19304,20-01-2024,22-01-2024,Anna Garcia,Consumer,West,Technology,Phones,785.07,1,0.3,-22.5
ORD-10730,25-12-2022,26-12-2022,Mohammed Walker,Corporate,East,Office Supplies,Envelopes,35.86,2,0.1,4.29
ORD-17866,26-01-2024,28-01-2024,Linda Young,Consumer,East,Furniture,Furnishings,1788.43,3,0.1,-443.26
ORD-19243,21-08-2024,28-08-2024,Sara Martinez,Corporate,East,Furniture,Chairs,2187.12,2,0,-744.64
ORD-18822,22-07-2022,23-07-2022,Nina Clark,Home Office,East,Office Supplies,Labels,253.4,4,0.3,6.29
ORD-12731,01-04-2022,02-04-2022,Nina Davis,Home Office,East,Office Supplies,Labels,299.4,2,0,73.99
ORD-16926,14-01-2024,19-01-2024,James Davis,Consumer,Central,Technology,Accessories,2902.68,2,0.1,26.23
ORD-11389,02-09-2024,04-09-2024,Fatima Rodriguez,Home Office,South,Office Supplies,Storage,195.55,2,0.15,25.64
ORD-19359,05-06-2022,06-06-2022,Priya Smith,Corporate,Central,Technology,Phones,1566.87,1,0.15,523.72
ORD-19188,24-11-2024,26-11-2024,David Wilson,Corporate,South,Furniture,Chairs,511.44,1,0.2,126.58
ORD-13261,11-11-2023,14-11-2023,Grace Johnson,Consumer,Central,Technology,Accessories,6270.3,5,0,153.16
ORD-18192,18-05-2024,19-05-2024,Nina Davis,Home Office,West,Furniture,Bookcases,2610.03,3,0,666.98
ORD-10037,01-09-2024,,Linda Rodriguez,Consumer,East,Office Supplies,Binders,130.69,1,0.4,3.55
ORD-11128,15-12-2023,17-12-2023,Nina Wilson,Corporate,East,Technology,Accessories,4957.05,3,0,1756.42
ORD-10083,07-07-2022,08-07-2022,Priya Brown,Consumer,Central,Technology,Machines,3429.6,4,0.2,312.62
ORD-18930,16-11-2024,18-11-2024,Wei Lee,Corporate,WEST,Technology,Phones,3569.71,3,0.2,-299.89
ORD-16139,15-03-2022,18-03-2022,Wei Chen,Home Office,Central,Office Supplies,Envelopes,68.69,1,0,11.39
ORD-11991,15-07-2023,19-07-2023,Tom Wilson,Consumer,west,Office Supplies,Paper,73.56,5,0.2,9.45
ORD-12109,14-05-2023,15-05-2023,Tom Garcia,Consumer,South,Office Supplies,Envelopes,57.5,2,0.2,8.2
ORD-18944,02-03-2023,04-03-2023,Maria Khan,Home Office,South,Office Supplies,Envelopes,473.04,5,0.1,35.52
ORD-11994,15-05-2023,18-05-2023,Tom Lewis,Consumer,East,Furniture,Furnishings,2400.48,6,0.2,-82.01
ORD-18567,13-08-2022,15-08-2022,Maria Davis,Consumer,West,Office Supplies,Labels,105.98,1,0.2,20.13
ORD-19296,17-01-2022,18-01-2022,Tom Young,Consumer,East,Office Supplies,Binders,328.24,2,0.15,51.42
ORD-12559,18-09-2024,20-09-2024,Sara Lewis,Consumer,WEST,Office Supplies,Binders,18.18,1,0.15,3.13
ORD-17375,16-02-2023,20-02-2023,Linda Wilson,Corporate,South,Furniture,Bookcases,991.25,1,0,-4.27
ORD-14298,03-11-2024,06-11-2024,James Garcia,Consumer,East,Office Supplies,Art,189.44,1,0,49.55
ORD-14494,26-07-2024,27-07-2024,Priya Patel,Home Office,East,Technology,Phones,8648.5,4,0.1,1387.65
ORD-11355,27-03-2023,03-04-2023,Linda Chen,Consumer,East,Furniture,Chairs,488.77,2,0.4,-203.28
ORD-19374,05-06-2024,08-06-2024,Tom Clark,Home Office,CENTRAL,Technology,Accessories,4435.74,5,0.1,-825.52
ORD-19069,04-09-2023,08-09-2023,Linda Lee,Consumer,West,Office Supplies,Paper,865.88,6,0.15,129.96
ORD-13845,05-01-2024,06-01-2024,John Lewis,Corporate,West,Technology,Phones,910.92,3,0,-70.26
ORD-17058,10-12-2022,11-12-2022,John Martinez,Consumer,west,Furniture,Furnishings,1053.96,4,0,-99.51
ORD-10089,21-09-2022,25-09-2022,John Khan,Consumer,East,Office Supplies,Binders,182.45,4,0.1,30.18
ORD-10845,26-12-2024,28-12-2024,Linda Garcia,Home Office,East,Furniture,Chairs,1558.19,2,0.1,-312.21
ORD-15364,14-08-2022,16-08-2022,Grace Johnson,Consumer,East,Technology,Phones,2802.64,4,0.1,255.39
ORD-16630,10-09-2024,13-09-2024,Sara Johnson,Consumer,west,Technology,Machines,611.38,2,0.4,-37.52
ORD-14610,27-12-2024,01-01-2025,Sara Wilson,Corporate,East,Office Supplies,Envelopes,151.38,1,0,50.7
ORD-16738,17-01-2024,19-01-2024,Sara Khan,Home Office,East,Technology,Machines,2242.74,1,,538.82
ORD-16320,18-02-2022,21-02-2022,Linda Wilson,Corporate,East,Technology,Copiers,1962.06,1,0.1,125.46
ORD-12223,03-09-2024,06-09-2024,Kevin Chen,Corporate,West,Technology,Accessories,1570.38,2,0,617.97
ORD-13916,02-11-2023,03-11-2023,Mohammed Lewis,Consumer,West,Office Supplies,Binders,787.5,5,0,166.32
ORD-11064,26-07-2022,27-07-2022,Kevin Brown,Corporate,Central,Office Supplies,Labels,47.08,4,0,17.99
ORD-14556,09-11-2022,12-11-2022,Linda Davis,Consumer,East,Furniture,Chairs,897.92,2,0.2,-338.54
ORD-10780,27-03-2022,30-03-2022,John Lewis,Consumer,West,Furniture,Tables,475.12,2,0.2,21.67
ORD-15797,07-11-2023,09-11-2023,Anna Martinez,Consumer,South,Office Supplies,Envelopes,142.27,1,0.1,22.1
ORD-15111,19-11-2023,20-11-2023,Grace Khan,Home Office,South,Furniture,Bookcases,3389.37,3,0,-772.82
ORD-12270,16-01-2022,19-01-2022,Priya Wilson,Home Office,East,Office Supplies,Binders,144.6,1,0,34.51
ORD-18139,21-12-2022,25-12-2022,Priya Patel,Corporate,West,Office Supplies,Paper,141.49,1,0,58.08
ORD-11434,24-12-2023,27-12-2023,Anna Rodriguez,Home Office,Central,Furniture,Furnishings,1415.93,4,0.15,-648.05
ORD-17527,19-02-2022,23-02-2022,Sara Patel,Consumer,East,Technology,Accessories,5871.82,3,0.1,789.1
ORD-14988,23-06-2024,27-06-2024,Fatima Young,Consumer,East,Office Supplies,Art,203.76,4,0,25.55
ORD-15777,02-10-2024,07-10-2024,Carlos Clark,Consumer,East,Technology,Copiers,11494.25,5,0,3752.99
ORD-12952,13-08-2022,14-08-2022,Maria Lewis,Consumer,West,Office Supplies,Paper,73.88,1,0,9.21
ORD-13023,07-06-2024,10-06-2024,Fatima Wilson,Consumer,East,Furniture,Furnishings,2325.51,3,0.1,-51.81
ORD-14568,24-07-2024,28-07-2024,Anna Patel,Consumer,East,Office Supplies,Envelopes,15.12,2,0,2.22
ORD-16584,19-05-2022,20-05-2022,Fatima Davis,Consumer,West,Technology,Machines,4111.34,4,0.1,1147.64
ORD-16407,14-06-2022,18-06-2022,Wei Garcia,Home Office,Central,Technology,Phones,3034.93,2,0.1,112.94
ORD-15755,10-12-2023,12-12-2023,Nina Khan,Home Office,West,Furniture,Bookcases,1093.34,2,0,73.86
ORD-10648,22-02-2024,26-02-2024,Linda Brown,Home Office,West,Office Supplies,Envelopes,66.99,2,0.2,3.6
ORD-14460,14-11-2023,18-11-2023,Maria Lewis,Home Office,East,Office Supplies,Art,761.57,4,0.2,-20.84
ORD-15891,22-08-2024,23-08-2024,Carlos Walker,Home Office,West,Furniture,Tables,175.14,1,0.3,-12.21
ORD-13085,12-03-2024,15-03-2024,Carlos Patel,Consumer, West ,Office Supplies,Binders,148.51,4,0.15,24.72
ORD-10456,27-12-2023,29-12-2023,Carlos Patel,Corporate,South,Technology,Machines,1538.75,2,0.4,-143.75
ORD-17421,19-03-2024,20-03-2024,Priya Khan,Corporate,East,Furniture,Tables,3091.18,3,,-290.64
ORD-14729,18-04-2023,19-04-2023,Tom Young,Corporate,West,Furniture,Chairs,4050.68,4,0,79.93
ORD-13131,02-11-2022,07-11-2022,Carlos Lewis,Consumer,Central,Office Supplies,Storage,21,2,0,2.59
ORD-13274,20-05-2023,21-05-2023,Kevin Lewis,Consumer,East,Office Supplies,Storage,615.31,5,0.15,9.5
ORD-13293,06-06-2024,07-06-2024,Grace Martinez,Consumer,West,Furniture,Bookcases,822.83,1,0.1,306.29
ORD-16100,25-06-2023,28-06-2023,Sara Walker,Corporate,east,Technology,Accessories,7850.72,4,0,2158.53
ORD-13474,12-02-2022,13-02-2022,Wei Martinez,Consumer,West,Technology,Copiers,3869.52,3,0.2,-3.58
ORD-15841,09-10-2023,11-10-2023,Carlos Garcia,Consumer,West,Office Supplies,Art,314.11,3,0.2,24.37
ORD-16564,06-02-2022,11-02-2022,Mohammed Khan,Home Office, Central ,Technology,Accessories,3047.03,3,0.1,644.07
ORD-14656,27-07-2023,28-07-2023,Linda Smith,Consumer,East,Technology,Accessories,2852.95,4,0.4,-992.47
ORD-15423,14-08-2023,19-08-2023,Carlos Martinez,Corporate,Central,Office Supplies,Storage,216.45,1,0,78.76
ORD-18805,11-03-2024,13-03-2024,James Chen,Consumer,East,Office Supplies,Envelopes,714.34,5,0.15,4.48
ORD-14922,25-03-2024,26-03-2024,Kevin Lee,Consumer,East,Technology,Phones,6191.06,4,0.15,2064.21
ORD-11808,27-01-2022,30-01-2022,,Home Office,South,Office Supplies,Envelopes,316.44,2,0,106.98
ORD-15185,10-04-2024,11-04-2024,Priya Chen,Consumer,East,Furniture,Bookcases,133.96,1,0.4,32.81
ORD-11441,07-06-2023,08-06-2023,Linda Smith,Corporate,West,Technology,Phones,7263.46,4,0.2,-598.84
ORD-10108,14-05-2023,16-05-2023,Mohammed Chen,Corporate,East,Office Supplies,Storage,37.92,1,0.15,6.85
ORD-18796,12-06-2022,16-06-2022,Linda Chen,Consumer,South,Furniture,Tables,321.89,1,0,33.53
ORD-10743,10-10-2023,17-10-2023,Linda Patel,Consumer,East,Office Supplies,Art,301.73,2,0.1,62.14
ORD-10391,08-12-2023,10-12-2023,Mohammed Walker,Home Office,Central,Office Supplies,Paper,86.55,3,0,32.06
ORD-19576,25-10-2023,27-10-2023,John Smith,Corporate,West,Office Supplies,Paper,118.56,1,0,3.07
ORD-14340,20-04-2023,22-04-2023,Tom Walker,Consumer,West,Office Supplies,Envelopes,236.61,4,0.2,38.04
ORD-10177,23-09-2023,26-09-2023,Maria Chen,Home Office,West,Office Supplies,Storage,136.31,1,,5.15
ORD-17542,05-09-2023,07-09-2023,Kevin Smith,Corporate,East,Office Supplies,Paper,262.29,2,0.3,18.49
ORD-12845,23-09-2023,24-09-2023,Anna Lee,Corporate,Central,Technology,Accessories,5209.95,3,0,296.34
ORD-12203,04-08-2024,08-08-2024,Maria Young,Consumer, Central ,Office Supplies,Labels,325.46,2,0.15,84.11
ORD-13340,05-07-2022,08-07-2022,Linda Brown,Consumer,West,Furniture,Tables,2446.65,5,0,210.86
ORD-14594,26-08-2024,29-08-2024,Nina Rodriguez,Consumer,Central,Furniture,Tables,740.52,1,0.15,-140.8
ORD-15672,23-09-2023,24-09-2023,Sara Chen,Consumer,South,Technology,Phones,2290.1,2,0,740.57
ORD-19738,16-10-2023,19-10-2023,Linda Clark,Consumer,South,Technology,Accessories,1513.74,2,0,409.3
ORD-16181,19-11-2022,24-11-2022,Anna Walker,Consumer,West,Furniture,Chairs,1368.6,5,0.2,157.47
ORD-10152,12-12-2024,17-12-2024,Mohammed Martinez,Corporate,East,Office Supplies,Envelopes,623.83,4,0.15,92.39
ORD-13541,18-06-2024,20-06-2024,Maria Martinez,Consumer,East,Office Supplies,Storage,158.7,2,0,24.56
ORD-18991,09-04-2023,10-04-2023,David Young,Home Office,Central,Technology,Phones,1737.94,1,0.1,578.4
ORD-10402,05-01-2024,07-01-2024,Grace Davis,Consumer,East,Office Supplies,Envelopes,54.6,1,0.3,2.15
ORD-19788,18-05-2023,19-05-2023,John Patel,Corporate,East,Office Supplies,Storage,257.39,2,0.2,3.09
ORD-18001,07-09-2024,08-09-2024,Tom Brown,Consumer,South,Office Supplies,Paper,89.53,1,0.2,16.69
ORD-14789,09-01-2022,12-01-2022,Fatima Lee,Consumer,Central,Office Supplies,Paper,519.66,3,0,36.04
ORD-17119,13-11-2024,16-11-2024,John Young,Corporate,West,Office Supplies,Envelopes,98.78,2,0.1,15.13
ORD-10917,26-08-2024,28-08-2024,Tom Patel,Corporate,Central,Furniture,Furnishings,366.93,3,0,68.01
ORD-13066,25-09-2024,26-09-2024,Priya Lee,Consumer,South,Office Supplies,Storage,24.23,2,0.3,1.94
ORD-17412,24-02-2024,25-02-2024,Anna Garcia,Corporate,East,Office Supplies,Binders,169.94,2,0.1,24.81
ORD-14031,11-10-2023,13-10-2023,Linda Garcia,Corporate,South,Furniture,Furnishings,542.89,1,0.4,-100.91
ORD-19445,11-01-2023,12-01-2023,Grace Garcia,Corporate,West,Office Supplies,Labels,216.89,1,,88.96
ORD-16174,05-08-2024,07-08-2024,John Khan,Consumer,East,Technology,Machines,1017.54,2,0,126.04
ORD-16460,19-05-2022,22-05-2022,Grace Davis,Corporate,East,Technology,Accessories,4386.24,6,0.2,-93.52
ORD-11107,09-08-2023,14-08-2023,Anna Garcia,Consumer,East,Office Supplies,Binders,21.26,2,0.2,2.65
ORD-10351,22-12-2022,23-12-2022,Linda Garcia,Consumer,East,Office Supplies,Labels,129,4,0,16.32
ORD-14231,25-10-2023,28-10-2023,John Lee,Consumer,South,Furniture,Chairs,1195.01,1,0,-64.75
ORD-13359,11-04-2023,13-04-2023,Sara Young,Consumer,East,Technology,Copiers,4123.66,4,0.5,-1939.51
ORD-18366,26-01-2023,28-01-2023,Anna Khan,Corporate,Central,Office Supplies,Labels,33.54,2,0,9.92
ORD-16225,26-08-2022,27-08-2022,James Davis,Consumer,South,Technology,Machines,339.1,1,0.2,-38.02
ORD-17381,15-04-2022,17-04-2022,Mohammed Lee,Consumer,East,Office Supplies,Art,624.44,3,0.15,38.87
ORD-12759,03-12-2023,06-12-2023,Anna Smith,Corporate,Central,Office Supplies,Envelopes,74.41,1,0.1,13.81
ORD-14032,05-09-2023,08-09-2023,Fatima Young,Consumer,East,Office Supplies,Storage,45.71,1,,8.67
ORD-19294,09-11-2023,11-11-2023,Tom Garcia,Home Office,West,Technology,Accessories,2232.28,3,0.1,460.23
ORD-10333,26-11-2022,29-11-2022,Sara Davis,Consumer,East,Office Supplies,Binders,527.23,4,0.2,24.69
ORD-18740,07-07-2024,08-07-2024,James Clark,Home Office,West,Office Supplies,Paper,58.55,1,0.2,6.86
ORD-11684,21-07-2023,22-07-2023,Grace Patel,Consumer,South,Office Supplies,Paper,110.93,1,0.1,15.56
ORD-19773,19-10-2024,23-10-2024,Sara Lee,Home Office,East,Office Supplies,Envelopes,315.5,4,0.4,-53.81
ORD-14595,19-01-2022,20-01-2022,Tom Davis,Corporate,Central,Technology,Accessories,1052.19,2,0.1,82.66
ORD-17613,05-11-2024,07-11-2024,Tom Clark,Consumer,Central,Office Supplies,Envelopes,222.36,4,0,69.65
ORD-17514,08-10-2023,10-10-2023,Tom Young,Corporate,Central,Office Supplies,Storage,40.93,3,0.4,3.23
ORD-19781,25-11-2022,26-11-2022,Anna Khan,Consumer,West,Furniture,Tables,1384.51,3,0.1,-502.2
ORD-18194,20-12-2022,27-12-2022,Wei Garcia,Home Office,East,Furniture,Chairs,678.44,1,0,152.16
ORD-18330,07-03-2022,09-03-2022,Maria Rodriguez,Home Office,West,Technology,Phones,736.62,1,0,165.35
ORD-14350,09-04-2022,12-04-2022,Carlos Wilson,Consumer,East,Office Supplies,Envelopes,52.95,1,0.1,7.55
ORD-14757,05-03-2023,10-03-2023,Mohammed Martinez,Consumer,Central,Office Supplies,Paper,19.66,1,0,5.52
ORD-15579,12-09-2023,15-09-2023,Nina Johnson,Consumer,South,Technology,Copiers,518.44,4,0.1,67.67
ORD-16872,18-05-2023,20-05-2023,Fatima Wilson,Consumer,East,Office Supplies,Envelopes,184.52,1,0.1,22.68
ORD-12520,25-03-2023,27-03-2023,Grace Rodriguez,Consumer,West,Technology,Accessories,2874.92,3,0.15,381.63
ORD-10407,07-09-2023,09-09-2023,David Rodriguez,Consumer,Central,Technology,Accessories,555.7,2,0.1,63.22
ORD-11040,06-02-2023,08-02-2023,Carlos Walker,Corporate,South,Technology,Copiers,5746.11,3,0,1828.93
ORD-10082,21-10-2024,25-10-2024,Carlos Lee,Corporate,Central,Technology,Machines,619.44,1,0.5,-34.41
ORD-16710,14-05-2023,18-05-2023,James Brown,Consumer,West,Office Supplies,Art,339.24,2,0,57.43
ORD-10095,12-11-2023,13-11-2023,Kevin Chen,Corporate,East,Technology,Phones,632.26,2,0,99.35
ORD-18483,26-12-2023,28-12-2023,Carlos Khan,Consumer,West,Technology,Machines,3406.02,2,0,-191.91
ORD-10134,13-12-2024,14-12-2024,Carlos Young,Consumer,South,Technology,Copiers,4909.28,4,0.1,37.42
ORD-13725,16-12-2023,21-12-2023,Grace Patel,Corporate,Central,Office Supplies,Binders,182.02,2,0.2,10.8
ORD-16516,01-10-2023,06-10-2023,Anna Walker,Home Office,West,Technology,Accessories,4021.76,4,0.2,-389.83
ORD-14281,16-12-2024,20-12-2024,Linda Lewis,Corporate,West,Technology,Phones,266.28,1,0.15,33.55
ORD-11863,19-01-2022,21-01-2022,Mohammed Khan,Corporate,Central,Office Supplies,Labels,100.36,1,0.1,5.48
ORD-14268,22-04-2022,25-04-2022,Tom Clark,Home Office,East,Office Supplies,Binders,485.8,2,0,47.02
ORD-12827,21-05-2022,24-05-2022,Linda Lee,Consumer,East,Office Supplies,Binders,409.56,5,0.2,67.45
ORD-14324,02-10-2022,06-10-2022,Kevin Lee,Home Office,South,Office Supplies,Binders,455.24,2,0,258.14
ORD-10687,12-08-2023,16-08-2023,Priya Young,Home Office,West,Office Supplies,Storage,175.36,4,0,37.32
ORD-19061,06-07-2024,11-07-2024,Maria Garcia,Consumer,East,Office Supplies,Storage,199.01,1,0.2,11.59
ORD-16179,13-05-2023,16-05-2023,Tom Smith,Consumer,West,Office Supplies,Binders,145.71,5,0.1,47.32
ORD-10596,07-01-2023,12-01-2023,Anna Walker,Corporate,East,Technology,Phones,8874.13,5,0.15,-1137.83
ORD-14578,15-12-2024,16-12-2024,John Brown,Consumer,Central,Office Supplies,Art,115.94,1,0.2,8.99
ORD-18355,11-11-2022,15-11-2022,Maria Martinez,Consumer,West,Technology,Accessories,594,1,0,178.99
ORD-15353,03-11-2024,05-11-2024,Wei Patel,Corporate,West,Office Supplies,Art,55.2,3,0.2,13.33
ORD-17371,15-03-2023,18-03-2023,James Garcia,Consumer,Central,Office Supplies,Storage,263.55,3,0,93.99
ORD-12004,27-11-2024,28-11-2024,David Chen,Corporate,Central,Furniture,Furnishings,540.18,1,0,37.63
ORD-14337,18-09-2024,21-09-2024,Linda Garcia,Consumer,West,Office Supplies,Envelopes,86.65,4,0.1,17.77
ORD-15076,04-11-2023,08-11-2023,Maria Walker,Corporate,West,Furniture,Tables,903.98,2,0,505.17
ORD-16764,17-08-2023,19-08-2023,Maria Johnson,Consumer, East ,Furniture,Chairs,691.85,5,0,109.06
ORD-14542,14-11-2024,15-11-2024,Priya Lee,Consumer, East ,Office Supplies,Binders,78.43,1,0,24.99
ORD-11602,20-10-2024,27-10-2024,James Davis,Consumer,East,Technology,Phones,874.06,3,0.2,282.16
ORD-10950,24-11-2022,27-11-2022,Carlos Garcia,Consumer,South,Office Supplies,Labels,787.82,4,0.1,100.67
ORD-15757,27-07-2022,03-08-2022,Tom Clark,Consumer,West,Office Supplies,Envelopes,134.62,2,0,21.5
ORD-16218,15-03-2024,18-03-2024,Priya Chen,Consumer,South,Office Supplies,Labels,349.08,3,0,87.14
ORD-13587,01-05-2022,06-05-2022,Carlos Walker,Corporate,East,Technology,Phones,1041.51,1,0.1,267.98
ORD-14439,20-03-2022,27-03-2022,,Home Office,West,Office Supplies,Art,70.83,3,0,20.99
ORD-11707,09-08-2022,14-08-2022,Anna Clark,Consumer,East,Office Supplies,Binders,15.26,1,0,1.47
ORD-10741,27-02-2023,02-03-2023,Sara Wilson,Consumer,West,Office Supplies,Storage,437.06,2,0,72.84
ORD-12789,16-11-2024,20-11-2024,Sara Clark,Consumer,West,Furniture,Bookcases,578.48,1,0.15,72.04
ORD-12201,13-10-2022,20-10-2022,Kevin Patel,Consumer,West,Office Supplies,Paper,42.14,1,0.2,1.69
ORD-17427,01-09-2022,08-09-2022,Sara Lee,Consumer,East,Office Supplies,Art,38.01,3,0.3,2.9
ORD-10895,18-09-2023,19-09-2023,Kevin Patel,Consumer,West,Furniture,Bookcases,746.66,2,0.3,-126.64
ORD-13300,15-03-2024,17-03-2024,Anna Brown,Consumer,West,Technology,Phones,2646.14,3,0.1,337.28
ORD-13671,16-08-2023,19-08-2023,Anna Davis,Consumer,East,Office Supplies,Art,166.16,1,0.3,2.81
ORD-16743,14-07-2023,15-07-2023,Carlos Wilson,Consumer,West,Furniture,Tables,1869.84,4,0.5,-633.99
ORD-10246,23-05-2024,26-05-2024,,Home Office,Central,Furniture,Furnishings,237.24,1,0,-45.27
ORD-12250,16-08-2023,21-08-2023,John Garcia,Consumer,East,Technology,Phones,14556.72,6,0,1272.37
ORD-17898,21-09-2022,22-09-2022,Kevin Chen,Home Office,South,Office Supplies,Envelopes,177.67,2,0.3,19.14
ORD-10949,22-09-2023,26-09-2023,Grace Walker,Consumer,East,Technology,Accessories,3714.94,2,0,900.99
ORD-18975,13-11-2023,20-11-2023,Nina Martinez,Consumer,east,Furniture,Tables,916.3,4,0.15,-3.99
ORD-12069,06-08-2024,11-08-2024,Nina Wilson,Consumer,West,Furniture,Furnishings,655.02,3,0,-188.65
ORD-14511,19-11-2023,21-11-2023,Priya Walker,Home Office,West,Furniture,Bookcases,2147.61,3,0,625.99
ORD-19484,10-05-2024,15-05-2024,James Walker,Consumer,South,Office Supplies,Paper,111.22,5,0.5,3.28
ORD-17420,12-05-2022,17-05-2022,,Corporate,east,Office Supplies,Binders,712.23,3,0,92.85
ORD-10788,26-03-2022,27-03-2022,Maria Patel,Consumer,East,Technology,Copiers,1938.07,1,0,694.57
ORD-18641,14-12-2023,16-12-2023,Kevin Rodriguez,Consumer,Central,Furniture,Furnishings,981.76,4,0.3,-267.13
ORD-14696,25-01-2022,26-01-2022,Anna Patel,Home Office,South,Office Supplies,Art,170.39,1,0.1,29.43
ORD-15191,12-08-2024,13-08-2024,Tom Patel,Consumer,East,Furniture,Furnishings,46.61,1,0.15,-10.33
ORD-18671,21-11-2022,25-11-2022,Nina Young,Consumer,Central,Office Supplies,Paper,279.68,2,0.15,48.36
ORD-13711,08-08-2022,,Kevin Clark,Consumer,West,Office Supplies,Labels,930.24,4,0,132.15
ORD-18655,22-12-2024,23-12-2024,Wei Patel,Consumer,Central,Technology,Accessories,3250.92,2,0,1031.46
ORD-16739,07-04-2022,12-04-2022,Mohammed Johnson,Consumer,East,Office Supplies,Labels,208.71,2,0.15,52.06
ORD-15259,17-04-2023,19-04-2023,Nina Brown,Consumer,Central,Furniture,Tables,2334.14,5,0.15,57.98
ORD-18577,11-06-2024,15-06-2024,Nina Walker,Consumer,West,Office Supplies,Paper,168.16,4,0.1,31.13
ORD-13176,17-02-2024,19-02-2024,Carlos Clark,Consumer,East,Office Supplies,Labels,1262.28,6,0,352.73
ORD-13269,06-08-2022,13-08-2022,John Lee,Home Office,EAST,Furniture,Furnishings,725.91,1,0,57.71
ORD-11617,26-06-2023,28-06-2023,Fatima Johnson,Corporate,West,Office Supplies,Art,144.23,1,0,47.47
ORD-15638,21-11-2022,23-11-2022,Carlos Brown,Home Office,West,Technology,Copiers,706.76,1,0.1,247.4
ORD-16765,16-07-2023,19-07-2023,Linda Davis,Corporate,West,Office Supplies,Labels,255.24,2,0.15,53.67
ORD-15010,06-12-2022,08-12-2022,John Clark,Consumer,East,Office Supplies,Storage,58.92,1,0.3,-5.34
ORD-18854,17-07-2024,18-07-2024,Maria Johnson,Consumer,South,Furniture,Furnishings,2981.55,5,0,913.78
ORD-13995,08-06-2024,09-06-2024,Nina Clark,Consumer,East,Office Supplies,Paper,181.01,1,0.1,35.25
ORD-13566,05-04-2022,08-04-2022,Maria Rodriguez,Corporate,East,Office Supplies,Labels,92.06,1,0.15,8.49
ORD-13414,03-11-2024,08-11-2024,Sara Khan,Home Office,West,Furniture,Bookcases,2181.76,2,0,-596.32
ORD-18125,11-06-2024,13-06-2024,Nina Young,Consumer,West,Office Supplies,Art,127.82,2,0,34.61
ORD-13790,09-08-2022,10-08-2022,David Young,Corporate,West,Furniture,Bookcases,692.57,1,0,210.34
ORD-17016,11-02-2022,15-02-2022,Priya Garcia,Consumer,West,Office Supplies,Labels,426.3,3,0,131.83
ORD-11127,05-07-2023,09-07-2023,Sara Rodriguez,Consumer,East,Office Supplies,Labels,141.83,1,0,21.49
ORD-17257,18-10-2023,20-10-2023,Anna Patel,Home Office,West,Office Supplies,Binders,118.29,1,0.15,23.18
ORD-12708,21-11-2024,23-11-2024,Wei Wilson,Home Office,East,Technology,Copiers,1099.55,1,0,507.92
ORD-15811,19-06-2022,26-06-2022,Kevin Martinez,Consumer,East,Office Supplies,Storage,86.36,1,0.15,14.84
ORD-17657,20-11-2022,24-11-2022,Carlos Rodriguez,Consumer,Central,Technology,Copiers,659.01,2,0.2,112.3
ORD-18520,27-04-2024,29-04-2024,Tom Brown,Home Office,East,Office Supplies,Art,610.97,6,0.3,53.27
ORD-16991,14-09-2024,17-09-2024,Priya Young,Corporate,West,Office Supplies,Envelopes,468.54,4,0.2,45.54
ORD-11755,06-10-2023,07-10-2023,John Smith,Consumer,West,Office Supplies,Storage,271.95,2,0.15,36.09
ORD-12481,20-11-2024,21-11-2024,Nina Khan,Consumer,West,Office Supplies,Storage,591,4,0,25.42
ORD-10199,13-12-2022,16-12-2022,Maria Rodriguez,Consumer,East,Technology,Machines,1162.19,1,,46.4
ORD-15362,10-03-2022,11-03-2022,Priya Wilson,Corporate,West,Office Supplies,Binders,377.39,2,0.1,53.44
ORD-12271,26-11-2022,29-11-2022,Priya Martinez,Corporate,Central,Technology,Accessories,4324,3,0.1,-1044.88
ORD-17759,12-03-2023,17-03-2023,James Clark,Consumer,west,Furniture,Chairs,629.8,1,0,-283.65
ORD-18376,17-09-2023,19-09-2023,Fatima Chen,Consumer,East,Furniture,Bookcases,816.39,1,0,67.6
ORD-16639,01-10-2024,05-10-2024,Linda Wilson,Corporate,South,Furniture,Bookcases,189.1,1,0.4,-24.93
ORD-15146,17-05-2023,19-05-2023,Carlos Rodriguez,Corporate,Central,Office Supplies,Labels,158.71,3,0.4,-32.91
ORD-15204,06-02-2023,08-02-2023,Maria Walker,Consumer,East,Technology,Accessories,772.97,1,0,-142.32
ORD-13617,09-10-2024,12-10-2024,Priya Walker,Home Office,Central,Technology,Copiers,4292.46,3,0.4,-423.16
ORD-12113,15-08-2022,16-08-2022,Priya Smith,Consumer,West,Technology,Accessories,4880.8,5,0.2,468.65
ORD-12923,23-05-2024,26-05-2024,Tom Wilson,Home Office,East,Furniture,Tables,1732.44,6,0,226.7
ORD-16887,16-02-2023,20-02-2023,John Young,Consumer,Central,Office Supplies,Envelopes,166.72,4,0.1,12.23
ORD-12689,15-09-2022,16-09-2022,Carlos Garcia,Consumer,South,Office Supplies,Art,278.48,2,0,45.3
ORD-12094,24-10-2023,25-10-2023,Fatima Rodriguez,Consumer,East,Office Supplies,Paper,645.54,3,0,247.59
ORD-14614,27-12-2024,29-12-2024,Maria Wilson,Consumer,East,Technology,Phones,3158.32,2,0,-9.77
ORD-19001,10-07-2023,13-07-2023,Fatima Lewis,Corporate,South,Office Supplies,Art,354.26,4,0.5,30.77
ORD-12801,01-10-2023,02-10-2023,John Young,Consumer,Central,Technology,Accessories,2151.88,1,0,464.18
ORD-18252,07-04-2024,08-04-2024,Kevin Davis,Home Office, Central ,Furniture,Furnishings,2165.64,2,0,604.34
ORD-14522,01-04-2024,04-04-2024,Fatima Lewis,Consumer,East,Technology,Copiers,1123.8,1,0.1,149.78
ORD-17939,08-11-2024,11-11-2024,Sara Wilson,Consumer,West,Office Supplies,Paper,105.8,2,0.1,18.29
ORD-10493,25-03-2023,29-03-2023,David Chen,Consumer,West,Office Supplies,Storage,183.34,1,0.15,33.63
ORD-19776,24-03-2022,29-03-2022,Nina Lee,Consumer,South,Technology,Accessories,2165.52,3,0,306.35
ORD-13567,03-09-2022,06-09-2022,Sara Wilson,Consumer,West,Office Supplies,Envelopes,207.02,2,0.4,-54.87
ORD-16418,06-03-2022,10-03-2022,Linda Wilson,Consumer,Central,Technology,Copiers,235.69,2,0.15,29.54
ORD-19147,23-04-2024,27-04-2024,James Chen,Corporate,East,Office Supplies,Envelopes,378.96,2,0.2,12.18
ORD-13657,05-02-2023,08-02-2023,Linda Young,Consumer,East,Office Supplies,Storage,182.52,3,0,51.05
ORD-15771,02-11-2022,05-11-2022,David Khan,Consumer,East,Technology,Copiers,100.58,1,0.15,-5.63
ORD-19002,06-04-2024,08-04-2024,Fatima Johnson,Consumer,Central,Technology,Accessories,927.24,1,0.15,-12.59
ORD-13865,23-11-2024,28-11-2024,Tom Chen,Consumer,Central,Office Supplies,Art,225.43,3,0.3,5.39
ORD-10123,25-11-2022,27-11-2022,Mohammed Wilson,Corporate,West,Office Supplies,Storage,615.68,4,0.2,130.9
ORD-18108,16-04-2023,19-04-2023,Anna Lee,Corporate,East,Office Supplies,Storage,256.68,2,0,101.17
ORD-10898,01-12-2024,03-12-2024,Nina Lee,Corporate,Central,Technology,Machines,2110.77,3,0.3,-60.22
ORD-16421,12-03-2022,14-03-2022,Maria Davis,Corporate,East,Technology,Machines,960.53,1,0,112.75
ORD-18371,21-04-2024,25-04-2024,Priya Chen,Corporate,West,Technology,Copiers,742.3,1,0.1,217.26
ORD-19434,22-09-2024,24-09-2024,Fatima Young,Consumer,West,Office Supplies,Labels,98.88,2,0.5,-4.2
ORD-11000,09-11-2022,11-11-2022,Kevin Lee,Consumer,West,Technology,Phones,6760.71,4,0.3,-71.91
ORD-10405,26-02-2024,28-02-2024,Linda Smith,Home Office,West,Office Supplies,Labels,219.43,5,,-8.12
ORD-10061,19-06-2023,21-06-2023,David Smith,Corporate,East,Office Supplies,Art,186.66,2,0.5,-0.54
ORD-18556,02-02-2022,04-02-2022,Nina Garcia,Corporate,South,Technology,Accessories,723.13,1,0,279.31
ORD-11074,10-11-2024,13-11-2024,Grace Patel,Consumer,East,Furniture,Tables,1819.77,3,0,-357.92
ORD-10912,01-11-2022,06-11-2022,Tom Lee,Consumer,West,Technology,Accessories,2117.06,3,0.15,33.35
ORD-11930,18-12-2023,19-12-2023,John Clark,Corporate,Central,Office Supplies,Storage,11.84,1,0,4.94
ORD-14267,05-01-2024,09-01-2024,Nina Davis,Home Office,Central,Furniture,Furnishings,435.55,5,0,180.13
ORD-18623,10-07-2022,11-07-2022,Carlos Walker,Corporate,Central,Furniture,Bookcases,643.17,2,0.2,-128.47
ORD-17803,23-04-2023,24-04-2023,Nina Rodriguez,Consumer,Central,Furniture,Bookcases,855.55,1,,-88.67
ORD-12235,17-10-2023,20-10-2023,Nina Martinez,Corporate,South,Technology,Accessories,929.12,1,0,188.09
ORD-12930,19-06-2024,21-06-2024,Carlos Chen,Home Office,East,Technology,Phones,89.24,1,0.1,9.19
ORD-16997,23-08-2022,24-08-2022,Linda Wilson,Consumer,South,Furniture,Tables,1059.48,1,0.1,30.6
ORD-11078,23-08-2024,28-08-2024,Tom Patel,Consumer,South,Office Supplies,Paper,158.9,3,0.5,-25.02
ORD-15199,21-11-2023,24-11-2023,Mohammed Davis,Consumer,East,Office Supplies,Envelopes,201.03,2,0.3,32.81
ORD-15402,14-03-2023,17-03-2023,James Garcia,Home Office,East,Furniture,Furnishings,4035.73,4,0.15,224.26
ORD-18659,19-09-2022,24-09-2022,Sara Brown,Consumer,West,Furniture,Bookcases,700.02,1,0.3,-343.96
ORD-11281,24-04-2022,25-04-2022,Nina Wilson,Corporate,East,Furniture,Tables,2593.83,3,0,-584.07
ORD-10889,16-02-2023,19-02-2023,John Young,Home Office,South,Furniture,Tables,2468.92,4,0,36.26
ORD-11905,17-06-2022,22-06-2022,Sara Chen,Corporate,West,Furniture,Tables,4078.13,5,0.15,-366.2
ORD-10700,16-05-2024,18-05-2024,Nina Davis,Consumer,West,Office Supplies,Labels,231.64,2,0,79.14
ORD-16597,10-07-2022,12-07-2022,Sara Rodriguez,Consumer,Central,Office Supplies,Storage,700.88,4,0.15,51.68
ORD-15617,24-09-2022,27-09-2022,Tom Smith,Consumer,East,Office Supplies,Labels,185.18,2,0,23.11
ORD-16440,06-06-2022,09-06-2022,Wei Rodriguez,Corporate,East,Furniture,Bookcases,309.27,3,0,20.25
ORD-18487,15-12-2023,22-12-2023,Fatima Wilson,Corporate,South,Furniture,Tables,2721.24,4,0.1,632.05
ORD-12289,18-01-2022,22-01-2022,John Young,Home Office,East,Furniture,Bookcases,889.99,1,0,134.35
ORD-11620,23-10-2024,26-10-2024,Grace Young,Consumer,Central,Office Supplies,Art,274.6,2,0,92.46
ORD-17442,09-04-2022,13-04-2022,Linda Garcia,Consumer,South,Office Supplies,Envelopes,60.96,1,0.4,-1.24
ORD-16944,05-05-2024,06-05-2024,James Lewis,Corporate,East,Office Supplies,Binders,30.66,1,,-0.31
ORD-16148,18-05-2023,20-05-2023,Priya Brown,Consumer,West,Technology,Phones,1421.24,3,0.3,-252.35
ORD-15077,12-10-2022,19-10-2022,Maria Khan,Corporate,East,Furniture,Chairs,676.96,1,0.2,-35.79
ORD-13207,14-05-2022,16-05-2022,Anna Martinez,Consumer,West,Office Supplies,Art,161.85,1,0.1,58.62
ORD-18499,27-08-2022,29-08-2022,David Davis,Corporate,Central,Furniture,Tables,591.22,2,0,4.96
ORD-19315,23-12-2024,24-12-2024,Carlos Garcia,Consumer,South,Office Supplies,Art,188.19,1,0.2,37.97
ORD-16114,06-09-2023,08-09-2023,David Lewis,Corporate,West,Office Supplies,Art,544.75,4,0.1,-44.65
ORD-16703,08-06-2023,12-06-2023,Maria Johnson,Consumer,South,Office Supplies,Art,160.97,1,0.1,15.62
ORD-16837,27-10-2024,29-10-2024,Maria Khan,Consumer,Central,Technology,Copiers,1856.26,1,0.2,-462.98
ORD-19619,20-10-2022,23-10-2022,James Davis,Home Office,Central,Office Supplies,Envelopes,601.24,4,0,214.65
ORD-14566,05-05-2022,08-05-2022,Anna Martinez,Consumer,South,Office Supplies,Paper,239.57,2,0.4,-1.31
ORD-17226,13-11-2022,14-11-2022,Priya Chen,Corporate,South,Technology,Accessories,1344.64,1,0,49.83
ORD-16547,05-10-2022,07-10-2022,David Young,Consumer,West,Technology,Copiers,7245.76,4,0,2508.54
ORD-13524,08-05-2024,09-05-2024,Priya Patel,Home Office,Central,Office Supplies,Binders,341.71,2,0.3,-31.19
ORD-15056,20-12-2023,22-12-2023,Mohammed Johnson,Home Office,South,Technology,Machines,4941.16,4,0,116.97
ORD-16475,11-01-2023,15-01-2023,Anna Patel,Corporate,South,Furniture,Tables,974.58,3,0.5,-334.81
ORD-18458,15-07-2022,17-07-2022,Maria Lewis,Consumer,East,Office Supplies,Labels,54.64,1,0.1,8.73
ORD-19533,01-04-2022,05-04-2022,Fatima Lewis,Corporate,South,Office Supplies,Storage,329.9,2,0.1,53.63
ORD-11882,12-09-2022,15-09-2022,Nina Wilson,Corporate,Central,Furniture,Chairs,697.46,2,0.15,-44.25
ORD-10510,02-06-2024,05-06-2024,Anna Patel,Corporate,East,Technology,Accessories,1725.82,2,0,35.15
ORD-13705,13-04-2022,14-04-2022,Wei Martinez,Consumer,central,Office Supplies,Art,197.24,4,0.1,23.24
ORD-10991,19-05-2024,20-05-2024,Maria Garcia,Consumer,West,Technology,Machines,443.75,1,0.3,46.7
ORD-12053,25-11-2024,29-11-2024,David Patel,Home Office,West,Technology,Machines,2181.86,1,0,481.42
ORD-11257,16-11-2024,18-11-2024,Maria Johnson,Consumer,East,Office Supplies,Labels,125.22,1,0.1,23.03
ORD-17718,19-03-2023,21-03-2023,David Davis,Consumer,Central,Office Supplies,Paper,229.5,6,0.1,56.94
ORD-12893,05-01-2023,07-01-2023,Wei Rodriguez,Corporate,South,Office Supplies,Paper,513.39,3,0.15,46.64
ORD-18850,03-05-2022,04-05-2022,Tom Smith,Corporate,West,Office Supplies,Art,172.46,1,0.1,33.43
ORD-15787,08-10-2024,09-10-2024,Wei Lewis,Home Office,West,Technology,Phones,3729.6,4,0,1491.69
ORD-13991,21-08-2024,23-08-2024,Grace Khan,Consumer,East,Technology,Phones,10537.92,6,0,584.6
ORD-13734,20-03-2024,22-03-2024,David Walker,Home Office,East,Technology,Copiers,3253.06,3,0.2,192.44
ORD-16096,03-07-2024,05-07-2024,,Corporate,East,Technology,Accessories,5014.11,5,0.15,-91.37
ORD-16937,07-12-2023,12-12-2023,Priya Khan,Consumer,East,Office Supplies,Binders,157.27,1,0.15,36.39
ORD-15161,23-10-2024,25-10-2024,Mohammed Khan,Consumer,East,Office Supplies,Paper,164.84,4,0.1,-1.24
ORD-11207,07-11-2024,11-11-2024,Maria Lewis,Corporate,East,Office Supplies,Labels,71.2,1,0.1,14.73
ORD-18443,04-12-2022,06-12-2022,Kevin Brown,Corporate,West,Furniture,Chairs,735.84,6,0,-192.83
ORD-14486,16-11-2022,19-11-2022,Sara Walker,Home Office,Central,Office Supplies,Envelopes,410.17,3,0.15,86.39
ORD-11202,27-11-2023,30-11-2023,Grace Wilson,Home Office,East,Technology,Accessories,1304.2,1,0.1,267.64
ORD-18748,09-04-2022,10-04-2022,Carlos Johnson,Corporate,South,Technology,Phones,903.93,1,0.15,131.24
ORD-17426,16-02-2022,17-02-2022,Kevin Khan,Corporate,East,Office Supplies,Storage,188.17,1,0.2,-0.99
ORD-10580,14-07-2022,19-07-2022,Maria Wilson,Home Office,South,Office Supplies,Art,302.29,3,0.1,15.23
ORD-17942,15-12-2022,18-12-2022,Maria Martinez,Consumer,East,Office Supplies,Paper,136.21,1,0.3,17.21
ORD-16640,23-05-2023,26-05-2023,Maria Brown,Consumer,West,Office Supplies,Paper,38.09,1,0,6.72
ORD-13649,04-09-2023,06-09-2023,Carlos Khan,Home Office,West,Technology,Machines,2398.49,1,0,420.98
ORD-10705,21-11-2023,23-11-2023,Nina Walker,Corporate,West,Office Supplies,Art,149.39,3,0.3,2.71
ORD-19062,07-09-2024,09-09-2024,Linda Lee,Corporate,West,Office Supplies,Storage,320.98,2,0,55.07
ORD-17280,02-11-2024,06-11-2024,John Brown,Consumer,east,Office Supplies,Envelopes,80.07,4,0.15,-0.17
ORD-11024,18-06-2023,19-06-2023,Grace Johnson,Corporate,East,Furniture,Bookcases,2151.52,4,0.15,-56.9
ORD-12648,26-02-2022,02-03-2022,Wei Davis,Consumer,Central,Office Supplies,Paper,204.97,1,0,21.8
ORD-12101,07-10-2023,10-10-2023,James Lewis,Consumer,South,Office Supplies,Paper,402.7,2,0,141.65
ORD-10727,04-02-2022,08-02-2022,James Martinez,Corporate,South,Office Supplies,Labels,36.04,2,0.1,6.6
ORD-18326,24-06-2023,29-06-2023,Tom Martinez,Consumer,East,Office Supplies,Labels,465.63,3,0.15,71.1
ORD-14444,22-08-2024,23-08-2024,Anna Wilson,Consumer,West,Office Supplies,Art,106.38,3,0,8.03
ORD-17730,18-08-2022,19-08-2022,Mohammed Young,Home Office,West,Office Supplies,Binders,19.63,2,,0.01
ORD-18339,09-09-2023,10-09-2023,Kevin Chen,Consumer,South,Office Supplies,Labels,274.48,2,0.4,-18.72
ORD-17486,09-07-2023,10-07-2023,Anna Smith,Consumer,East,Technology,Phones,975.01,1,0.2,424.66
ORD-11291,24-12-2023,26-12-2023,Priya Davis,Corporate,East,Office Supplies,Labels,49.61,1,0.2,0.19
ORD-13503,14-06-2022,15-06-2022,Grace Rodriguez,Consumer,East,Office Supplies,Storage,573.79,3,0.2,25.86
ORD-14600,02-08-2024,03-08-2024,Mohammed Davis,Consumer,West,Office Supplies,Binders,148.14,1,0,37.48
ORD-17081,03-11-2022,06-11-2022,Maria Patel,Consumer,Central,Technology,Phones,1553.96,2,0.1,290.59
ORD-19696,20-08-2023,24-08-2023,David Patel,Corporate,East,Technology,Phones,2234.25,1,0.1,-151.9
ORD-15316,25-10-2023,26-10-2023,Carlos Johnson,Home Office,Central,Office Supplies,Labels,382.65,3,0,108.53
ORD-17710,07-12-2023,10-12-2023,Fatima Chen,Consumer,West,Office Supplies,Labels,138.24,4,0.1,23.12
ORD-16431,09-06-2022,10-06-2022,David Smith,Corporate,South,Office Supplies,Storage,122.54,1,0.15,10.27
ORD-17938,04-11-2022,09-11-2022,David Garcia,Consumer,East,Technology,Phones,2428.1,1,0,238.43
ORD-17074,10-10-2024,11-10-2024,Kevin Garcia,Consumer,Central,Office Supplies,Art,65.26,2,0,17.83
ORD-15606,12-09-2024,13-09-2024,Linda Lee,Consumer,East,Office Supplies,Binders,111.12,1,0,47.18
ORD-16999,15-08-2023,19-08-2023,Tom Davis,Consumer,Central,Office Supplies,Storage,537.32,4,0,107.01
ORD-16858,25-09-2024,28-09-2024,John Davis,Corporate,East,Office Supplies,Paper,180.14,2,0,1.22
ORD-19189,04-05-2023,05-05-2023,Maria Lee,Home Office,Central,Office Supplies,Art,228.66,3,0.1,63.74
ORD-18867,02-08-2024,07-08-2024,Mohammed Smith,Home Office,South,Furniture,Tables,4013,5,0,1181.66
ORD-12993,02-12-2022,04-12-2022,Tom Chen,Consumer,East,Office Supplies,Envelopes,288.86,2,0.1,57.12
ORD-15518,21-12-2022,26-12-2022,Fatima Clark,Corporate,Central,Furniture,Furnishings,695.28,6,0.15,-1.83
ORD-16875,12-10-2024,15-10-2024,John Johnson,Consumer,West,Office Supplies,Envelopes,808.04,4,0,114.23
ORD-19081,02-12-2023,03-12-2023,Carlos Young,Consumer,South,Technology,Copiers,527.87,2,0.3,-22.07
ORD-19361,09-10-2022,16-10-2022,Carlos Rodriguez,Home Office,West,Furniture,Chairs,1067.24,2,0.15,-141.53
ORD-13185,23-02-2022,27-02-2022,Mohammed Patel,Consumer,West,Office Supplies,Art,726.9,5,0,-29.87
ORD-11656,25-12-2024,27-12-2024,John Patel,Home Office,East,Office Supplies,Binders,226.84,2,0.5,-17.13
ORD-11018,04-12-2024,06-12-2024,David Davis,Consumer,west,Furniture,Tables,2552.76,4,0.1,-100.25
ORD-18161,23-06-2023,25-06-2023,John Rodriguez,Consumer,East,Office Supplies,Envelopes,428.42,2,0,110.46
ORD-18817,21-04-2022,25-04-2022,Mohammed Khan,Consumer,Central,Office Supplies,Art,173.32,1,0.2,-0.84
ORD-13031,03-04-2024,04-04-2024,Linda Johnson,Corporate,South,Office Supplies,Envelopes,30.96,1,0,9
ORD-18066,09-06-2024,12-06-2024,Carlos Rodriguez,Corporate,South,Furniture,Tables,806.62,1,0.2,-50.34
ORD-12856,20-09-2022,24-09-2022,Maria Davis,Consumer,West,Office Supplies,Storage,189.21,3,0.3,23.21
ORD-16527,23-08-2024,28-08-2024,Grace Chen,Consumer,West,Technology,Machines,348.9,1,0.5,-105.45
ORD-19313,14-01-2024,19-01-2024,Sara Wilson,Home Office,Central,Furniture,Chairs,3673.12,4,0.1,-236.39
ORD-11925,14-07-2023,16-07-2023,Mohammed Johnson,Home Office,West,Furniture,Furnishings,3250.4,4,0,-917.77
ORD-14915,19-07-2023,21-07-2023,Nina Rodriguez,Consumer,West,Furniture,Tables,1412.17,6,0.3,-420.28
ORD-16740,09-11-2022,12-11-2022,Sara Lewis,Consumer,Central,Furniture,Tables,1876.16,2,0,-552.57
ORD-18287,26-04-2024,29-04-2024,Wei Martinez,Corporate,West,Office Supplies,Storage,12.62,3,0.3,-0.61
ORD-18869,04-04-2024,05-04-2024,Fatima Davis,Consumer,Central,Office Supplies,Art,821.07,5,0.1,207.35
ORD-10164,24-11-2022,26-11-2022,Fatima Walker,Consumer,East,Furniture,Tables,245.67,1,0.3,-74.01
ORD-11919,07-11-2022,10-11-2022,Wei Walker,Consumer,West,Office Supplies,Binders,94.02,4,0.2,-7.13
ORD-14026,02-07-2023,07-07-2023,Maria Johnson,Consumer,West,Office Supplies,Storage,346.21,3,0.15,21.78
ORD-12473,13-09-2022,15-09-2022,Sara Patel,Consumer,Central,Office Supplies,Binders,27.91,3,0.2,6.23
ORD-16195,08-10-2022,11-10-2022,Nina Wilson,Consumer,East,Office Supplies,Storage,148.56,1,0,7.13
ORD-16671,09-01-2024,10-01-2024,Anna Walker,Home Office,East,Office Supplies,Labels,40.69,1,0,3.32
ORD-13467,04-07-2024,06-07-2024,Grace Lewis,Corporate,SOUTH,Office Supplies,Labels,29.08,1,0.1,4.07
ORD-14782,22-01-2022,23-01-2022,Sara Lewis,Consumer,West,Office Supplies,Storage,166.74,2,0.2,29.75
ORD-16392,19-04-2024,21-04-2024,John Davis,Corporate,South,Office Supplies,Paper,200.86,2,0.3,17.86
ORD-15218,25-01-2023,27-01-2023,Nina Garcia,Consumer,West,Office Supplies,Envelopes,201.92,2,0.2,22.74
ORD-15253,26-01-2024,30-01-2024,David Rodriguez,Consumer,East,Office Supplies,Art,212.37,3,0.3,-13.02
ORD-13858,07-09-2024,09-09-2024,Nina Rodriguez,Consumer,East,Office Supplies,Art,272.92,2,0,59.54
ORD-14375,15-01-2024,20-01-2024,Wei Walker,Consumer,West,Technology,Copiers,796.39,1,0,189.93
ORD-16667,19-12-2024,22-12-2024,Sara Clark,Corporate,Central,Technology,Copiers,3101.56,5,0.2,-207.89
ORD-18009,07-04-2023,09-04-2023,Carlos Smith,Consumer,East,Office Supplies,Art,32.4,2,0.15,5.43
ORD-13470,08-06-2024,13-06-2024,Mohammed Smith,Home Office,West,Technology,Accessories,2491.63,1,0,135.8
ORD-18110,20-07-2023,24-07-2023,Carlos Chen,Consumer,South,Office Supplies,Paper,200.56,2,0,57.06
ORD-15588,08-09-2024,12-09-2024,Priya Garcia,Consumer,East,Office Supplies,Binders,149.39,1,0.4,9.01
ORD-12078,03-11-2022,08-11-2022,Kevin Khan,Corporate,West,Office Supplies,Art,46.85,4,0.2,1.51
ORD-14725,03-01-2024,04-01-2024,Grace Davis,Consumer,East,Technology,Copiers,737.63,4,0.15,124.18
ORD-12000,21-08-2024,28-08-2024,Linda Clark,Home Office,Central,Furniture,Tables,1002.58,1,0.15,58.19
ORD-13363,09-10-2024,10-10-2024,Fatima Young,Corporate,Central,Office Supplies,Paper,186.59,1,0,29.9
ORD-12785,13-07-2022,16-07-2022,Kevin Smith,Corporate,Central,Office Supplies,Binders,27,1,0.15,6.97
ORD-10026,21-10-2022,24-10-2022,Sara Lee,Corporate,west,Office Supplies,Labels,97.02,1,0.1,13.22
ORD-10300,13-11-2023,16-11-2023,Priya Lewis,Consumer,Central,Office Supplies,Storage,700.7,5,0.1,66.51
ORD-14197,19-10-2022,20-10-2022,Maria Walker,Consumer,Central,Technology,Machines,4944.44,4,0,-1228.52
ORD-15376,17-02-2024,18-02-2024,Maria Rodriguez,Consumer,West,Technology,Machines,7926.16,5,0.1,1863.29
ORD-19629,13-09-2024,15-09-2024,Nina Rodriguez,Corporate,South,Office Supplies,Art,212.09,1,0.15,-7.54
ORD-16722,18-11-2022,21-11-2022,Linda Patel,Consumer,West,Technology,Accessories,1760.36,1,0,24.34
ORD-15501,27-10-2023,31-10-2023,Nina Clark,Consumer,West,Office Supplies,Binders,284.45,3,0.2,43.57
ORD-18482,19-04-2023,20-04-2023,,Consumer,West,Technology,Phones,2179.3,2,0.4,265.54
ORD-15438,11-08-2023,16-08-2023,Sara Clark,Corporate,Central,Office Supplies,Envelopes,200.41,2,0.1,14.55
ORD-14895,08-12-2024,11-12-2024,Anna Lee,Consumer,West,Furniture,Furnishings,1237.64,2,0,219.71
ORD-11132,23-04-2024,27-04-2024,Grace Johnson,Corporate,South,Furniture,Bookcases,817.82,3,0.2,-61.41
ORD-14239,18-03-2022,22-03-2022,Maria Lewis,Corporate,CENTRAL,Technology,Copiers,1121.17,1,0.5,196.24
ORD-12555,21-06-2024,22-06-2024,Nina Davis,Corporate,West,Furniture,Chairs,493.82,1,0,29.62
ORD-13792,22-08-2024,25-08-2024,James Walker,Consumer,West,Furniture,Bookcases,6590.22,6,0,1342.34
ORD-12215,12-04-2024,13-04-2024,Priya Smith,Corporate,West,Office Supplies,Art,692.51,4,0.2,144.48
ORD-18791,20-05-2023,25-05-2023,Anna Lewis,Home Office,Central,Furniture,Chairs,1045.86,1,0,-16.75
ORD-19010,06-08-2024,09-08-2024,Tom Wilson,Consumer,West,Furniture,Bookcases,189.04,1,0.3,-49.96
ORD-12054,09-11-2022,16-11-2022,James Khan,Home Office,West,Furniture,Chairs,520.85,2,0.1,-56.19
ORD-13966,14-01-2023,16-01-2023,Grace Chen,Home Office,West,Technology,Copiers,2182,1,0,327.35
ORD-18813,22-02-2024,24-02-2024,Mohammed Lee,Corporate,West,Technology,Phones,3632.2,5,0.2,224.02
ORD-19354,25-06-2022,27-06-2022,Fatima Davis,Consumer,West,Furniture,Furnishings,1745.39,3,0.3,-48.6
ORD-19402,19-08-2024,23-08-2024,Tom Rodriguez,Home Office,Central,Technology,Copiers,9554.44,4,0,5121.29
ORD-17329,08-07-2023,12-07-2023,Kevin Johnson,Home Office,Central,Furniture,Furnishings,577.54,2,0,-121.41
ORD-17676,18-07-2024,19-07-2024,Anna Khan,Consumer,Central,Furniture,Bookcases,981.08,2,0.5,-294.1
ORD-19577,11-04-2024,15-04-2024,Kevin Clark,Corporate,West,Technology,Machines,2160.48,2,0,403.59
ORD-13303,21-02-2022,23-02-2022,James Wilson,Corporate,West,Office Supplies,Paper,320.07,3,0,91.08
ORD-12257,15-11-2023,17-11-2023,Nina Lee,Consumer,South,Office Supplies,Binders,268.46,2,0,27.87
ORD-13234,06-03-2022,09-03-2022,Grace Wilson,Consumer,West,Technology,Accessories,2651.53,2,0.3,-166.43
ORD-14087,22-10-2023,25-10-2023,Carlos Clark,Home Office,West,Furniture,Tables,606.9,1,0.4,4.51
ORD-11869,15-01-2023,16-01-2023,Kevin Brown,Consumer,South,Office Supplies,Envelopes,268.18,2,0.1,2.96
ORD-12662,27-01-2022,01-02-2022,Maria Brown,Home Office,South,Technology,Phones,292.38,1,0,30.93
ORD-12734,15-06-2023,16-06-2023,Anna Brown,Home Office,West,Furniture,Chairs,1651.89,2,0.3,-362.65
ORD-12831,08-05-2022,09-05-2022,James Wilson,Consumer,East,Office Supplies,Envelopes,68.5,1,0,12.73
ORD-17578,26-04-2024,28-04-2024,Kevin Rodriguez,Corporate,East,Office Supplies,Storage,73.24,2,0.4,4.55
ORD-13605,18-02-2023,19-02-2023,Anna Wilson,Corporate,West,Office Supplies,Art,668.6,4,0,149.91
ORD-12093,19-06-2022,22-06-2022,Linda Rodriguez,Consumer,Central,Technology,Copiers,6773.31,5,0.4,-582.72
ORD-18215,25-08-2023,28-08-2023,Kevin Rodriguez,Consumer,East,Furniture,Tables,2345.5,2,0,53.55
ORD-17290,21-12-2024,23-12-2024,Grace Lewis,Consumer,South,Technology,Accessories,4367.09,4,0.1,71.5
ORD-18085,06-09-2024,11-09-2024,James Wilson,Home Office,Central,Furniture,Bookcases,866.28,1,0.2,-174.88
ORD-14510,01-10-2023,05-10-2023,Kevin Lee,Corporate,West,Office Supplies,Binders,84.05,1,0.4,-9.04
ORD-11928,11-07-2023,14-07-2023,Carlos Johnson,Consumer,East,Furniture,Bookcases,288.12,5,0.2,-108.4
ORD-19508,05-11-2022,10-11-2022,James Khan,Corporate,East,Furniture,Bookcases,260.15,1,0.1,21.56
ORD-17447,24-04-2023,27-04-2023,David Chen,Consumer,East,Technology,Accessories,7539.84,4,0,406.99
ORD-10993,01-07-2024,08-07-2024,Mohammed Lee,Home Office,Central,Office Supplies,Envelopes,224.03,1,0.1,58.37
ORD-10024,06-07-2022,07-07-2022,Wei Clark,Corporate,West,Office Supplies,Art,180.1,6,0.2,16.08
ORD-14227,13-08-2023,14-08-2023,Mohammed Smith,Corporate,South,Office Supplies,Envelopes,45.96,1,0.3,4.86
ORD-12916,18-03-2023,20-03-2023,Nina Wilson,Consumer,South,Technology,Accessories,6376.26,4,0.2,153.32
ORD-13775,04-07-2022,06-07-2022,Linda Chen,Corporate,West,Office Supplies,Paper,556.73,3,0.2,-43.32
ORD-14243,15-12-2022,19-12-2022,Priya Brown,Corporate,Central,Office Supplies,Envelopes,634.76,5,0.3,90.44
ORD-12971,05-09-2024,09-09-2024,Tom Chen,Consumer,East,Office Supplies,Binders,98.77,1,0,26.49
ORD-16160,13-09-2024,14-09-2024,David Clark,Corporate,South,Furniture,Bookcases,667.64,1,0,0.35
ORD-14710,06-11-2024,08-11-2024,Kevin Brown,Consumer,South,Office Supplies,Labels,25.67,1,0.5,0.28
ORD-19215,06-04-2023,11-04-2023,Carlos Lee,Consumer,Central,Office Supplies,Envelopes,161.1,1,0,32.43
ORD-13037,09-08-2023,14-08-2023,Kevin Walker,Corporate,East,Furniture,Furnishings,592.12,4,0,65.77
ORD-10145,09-07-2023,12-07-2023,James Johnson,Consumer,South,Technology,Phones,9558.72,4,0,382.44
ORD-13628,18-07-2023,20-07-2023,Fatima Walker,Consumer,East,Furniture,Furnishings,1016,2,0.15,-66.73
ORD-12537,16-06-2023,21-06-2023,Maria Chen,Home Office,Central,Furniture,Furnishings,982.94,1,0,-124.55
ORD-18147,08-10-2023,12-10-2023,Carlos Martinez,Corporate,Central,Technology,Copiers,925.74,2,0,190.88
ORD-10578,12-09-2023,17-09-2023,Grace Walker,Home Office,South,Furniture,Bookcases,2927.41,4,0.1,-600.4
ORD-12156,03-11-2023,08-11-2023,Tom Wilson,Home Office,West,Technology,Accessories,1406.92,2,0,238.19
ORD-13061,27-12-2024,31-12-2024,Priya Rodriguez,Consumer,South,Office Supplies,Storage,266.65,2,0.1,75.24
ORD-11506,25-01-2022,29-01-2022,Linda Johnson,Corporate,West,Office Supplies,Envelopes,196.04,1,0,59.39
ORD-11681,16-01-2022,18-01-2022,Priya Clark,Consumer,South,Office Supplies,Envelopes,179.55,2,0.1,56.11
ORD-10127,22-09-2022,25-09-2022,James Lee,Corporate,West,Office Supplies,Paper,373.56,5,0.2,-47.7
ORD-15119,01-12-2023,04-12-2023,Tom Garcia,Consumer,West,Office Supplies,Envelopes,750.68,4,0,138.97
ORD-12821,26-11-2022,27-11-2022,Nina Wilson,Corporate,Central,Office Supplies,Art,74.15,1,0.1,11.77
ORD-14188,01-04-2022,05-04-2022,Maria Martinez,Home Office,West,Office Supplies,Paper,855.95,5,0,102.86
ORD-12286,21-10-2022,23-10-2022,John Rodriguez,Home Office,East,Office Supplies,Storage,360.8,3,0.15,-37.72
ORD-13529,21-06-2023,23-06-2023,Anna Rodriguez,Consumer,Central,Technology,Machines,200.79,1,0.15,-45.13
ORD-14312,03-02-2022,,Sara Martinez,Consumer,South,Office Supplies,Paper,315.38,3,0.5,-40.35
ORD-17646,01-05-2024,03-05-2024,Wei Garcia,Corporate,East,Office Supplies,Labels,209.3,2,0,43.62
ORD-12127,24-05-2022,25-05-2022,Sara Chen,Corporate,Central,Furniture,Furnishings,343.01,3,0.1,3.42
ORD-16367,15-04-2024,18-04-2024,Nina Rodriguez,Consumer,Central,Office Supplies,Labels,139.43,1,0.15,-3.89
ORD-15887,01-05-2024,02-05-2024,Mohammed Young,Corporate,West,Office Supplies,Storage,344.21,2,0.1,68
ORD-12306,26-08-2024,28-08-2024,Linda Young,Home Office,West,Technology,Copiers,4614.27,3,0.1,815.51
ORD-15679,13-10-2022,17-10-2022,John Wilson,Consumer,West,Furniture,Tables,1739.92,4,0.3,-48.35
ORD-13016,01-11-2022,04-11-2022,Kevin Clark,Home Office,West,Office Supplies,Envelopes,153.48,1,0.15,24.68
ORD-16698,18-12-2024,20-12-2024,Fatima Johnson,Home Office,Central,Office Supplies,Binders,53.02,1,0.1,0.17
ORD-12961,10-06-2023,13-06-2023,Grace Davis,Consumer,South,Office Supplies,Binders,782.84,4,0,233.28
ORD-12288,27-11-2022,01-12-2022,James Davis,Consumer,Central,Technology,Copiers,170.62,2,0.1,21.33
ORD-16747,08-06-2023,11-06-2023,Wei Garcia,Home Office,West,Technology,Phones,2986.68,2,0.15,203.8
ORD-10893,10-05-2022,11-05-2022,Priya Garcia,Consumer,East,Office Supplies,Binders,492.7,4,0.1,130.47
ORD-18847,13-01-2024,15-01-2024,Priya Garcia,Corporate,Central,Technology,Accessories,854.13,1,0,8.36
ORD-13723,11-12-2022,14-12-2022,Sara Patel,Consumer,East,Office Supplies,Binders,155.98,2,0,46.82
ORD-12572,09-03-2024,12-03-2024,Grace Lee,Corporate,Central,Office Supplies,Art,66.4,4,0,10.53
ORD-18300,11-11-2023,13-11-2023,Priya Walker,Corporate,West,Technology,Machines,772.31,1,0.15,-137.51
ORD-14532,10-05-2022,11-05-2022,Kevin Patel,Corporate,West,Office Supplies,Storage,8.78,2,0.5,-1.47
ORD-10281,11-11-2024,12-11-2024,Mohammed Johnson,Consumer,South,Office Supplies,Storage,707.18,6,0.2,164.7
ORD-19396,02-03-2022,,Sara Young,Corporate,East,Office Supplies,Binders,165.7,1,0.1,18.33
ORD-16495,07-11-2022,10-11-2022,Grace Garcia,Home Office,South,Office Supplies,Paper,98.37,1,0.1,22.31
ORD-10899,23-09-2023,27-09-2023,Grace Wilson,Consumer,East,Office Supplies,Binders,455.62,3,0.1,103.38
ORD-14024,25-04-2023,02-05-2023,Carlos Martinez,Consumer,West,Office Supplies,Binders,262.01,3,0.15,11.44
ORD-18962,02-07-2022,07-07-2022,John Patel,Consumer,East,Furniture,Tables,3748.76,5,,940.93
ORD-11715,12-12-2022,13-12-2022,Kevin Lee,Corporate,East,Technology,Copiers,923.43,1,0.4,36.85
ORD-18714,20-12-2024,23-12-2024,Grace Rodriguez,Corporate,East,Office Supplies,Envelopes,127.5,1,0,31.12
ORD-14596,07-12-2024,08-12-2024,Kevin Garcia,Consumer,Central,Office Supplies,Paper,176.67,1,0.15,8.06
ORD-19213,16-07-2024,21-07-2024,Wei Walker,Corporate,South,Furniture,Furnishings,117.6,2,0,-8.56
ORD-14762,24-10-2022,28-10-2022,Nina Young,Consumer,West,Technology,Phones,826.28,1,0.15,207.19
ORD-19235,24-11-2023,29-11-2023,Kevin Patel,Corporate,West,Office Supplies,Storage,107.57,4,0.1,6.14
ORD-19748,10-07-2024,14-07-2024,Wei Garcia,Corporate,South,Office Supplies,Envelopes,50.85,2,0.3,3.38
ORD-13925,24-06-2023,26-06-2023,David Johnson,Consumer,WEST,Furniture,Furnishings,1765.21,3,0.1,210.48
ORD-10133,04-08-2023,11-08-2023,James Young,Corporate,Central,Furniture,Tables,257.89,2,0.2,-17.95
ORD-19779,04-04-2024,06-04-2024,Mohammed Khan,Corporate,West,Office Supplies,Envelopes,34.08,1,0.2,5.43
ORD-12883,08-01-2023,13-01-2023,Wei Chen,Corporate,Central,Office Supplies,Paper,424.66,2,0.1,26.4
ORD-12317,19-08-2024,24-08-2024,Sara Patel,Home Office,Central,Office Supplies,Binders,509.44,4,0,68.23
ORD-10259,11-08-2023,14-08-2023,Carlos Chen,Corporate,East,Office Supplies,Storage,626.6,5,0,149.4
ORD-10584,07-05-2023,08-05-2023,Linda Patel,Home Office,East,Office Supplies,Envelopes,48.41,1,0.15,8.39
ORD-10475,18-12-2023,21-12-2023,Kevin Patel,Consumer,East,Technology,Accessories,374.45,1,0.2,5.34
ORD-19038,26-09-2022,27-09-2022,Nina Davis,Consumer,Central,Office Supplies,Storage,166.36,1,0.1,12.61
ORD-15747,10-03-2022,13-03-2022,Anna Lewis,Corporate,West,Technology,Phones,3192.32,2,0.1,159.07
ORD-14928,02-08-2024,07-08-2024,Wei Patel,Consumer,East,Office Supplies,Labels,92.12,1,0.1,28.66
ORD-15235,13-10-2024,14-10-2024,Anna Wilson,Corporate,West,Technology,Accessories,2862.66,2,0.15,435.74
ORD-13663,06-09-2022,07-09-2022,Priya Brown,Corporate, Central ,Office Supplies,Art,119.17,1,0.1,12.06
ORD-18398,10-06-2022,14-06-2022,Maria Lee,Consumer,West,Office Supplies,Art,164.12,2,0.1,28.39
ORD-19360,17-11-2023,18-11-2023,Sara Davis,Home Office,West,Office Supplies,Storage,58.28,2,0,10.11
ORD-14282,20-02-2022,21-02-2022,Maria Wilson,Consumer,West,Office Supplies,Art,136.88,4,0,15.55
ORD-19441,21-07-2022,22-07-2022,Anna Garcia,Consumer,Central,Office Supplies,Storage,398.36,2,0,148.1
ORD-19680,17-06-2024,21-06-2024,Linda Clark,Consumer,West,Office Supplies,Labels,159.17,2,0.5,-18.6
ORD-12457,18-12-2022,20-12-2022,Kevin Khan,Consumer,East,Furniture,Tables,562.85,1,0,-121.13
ORD-17627,08-08-2024,10-08-2024,Anna Davis,Corporate,East,Office Supplies,Paper,171.89,2,0.3,-11.15
ORD-14214,09-10-2022,11-10-2022,Mohammed Khan,Home Office,West,Office Supplies,Envelopes,14.22,1,0.3,-2.98
ORD-11640,10-06-2023,13-06-2023,Maria Young,Home Office,East,Office Supplies,Storage,54.37,2,0.15,11.09
ORD-16026,23-09-2023,30-09-2023,David Davis,Consumer,East,Technology,Copiers,254.36,2,0.4,-33.12
ORD-11995,14-08-2022,16-08-2022,Tom Davis,Consumer,East,Office Supplies,Art,87.53,1,0,18.17
ORD-15577,13-03-2023,15-03-2023,Anna Davis,Home Office,West,Technology,Copiers,3752.51,2,0.2,-566.67
ORD-13306,26-03-2024,31-03-2024,Maria Rodriguez,Consumer,South,Technology,Phones,558.23,1,0,83.93
ORD-10704,25-12-2024,30-12-2024,Tom Johnson,Corporate,West,Technology,Phones,484.21,1,0.4,-121.31
ORD-14883,24-08-2023,25-08-2023,Priya Smith,Consumer,East,Office Supplies,Binders,980.26,5,0.15,296.64
ORD-17815,23-08-2022,25-08-2022,Grace Khan,Consumer,East,Furniture,Chairs,1302.58,6,0.2,-656.64
ORD-19387,14-07-2024,19-07-2024,Kevin Lewis,Corporate,East,Office Supplies,Paper,9.6,1,0.3,1
ORD-10432,22-10-2024,27-10-2024,Tom Brown,Consumer,South,Furniture,Chairs,2118.96,4,0,148.66
ORD-14904,14-10-2023,15-10-2023,Kevin Young,Consumer,East,Technology,Accessories,1838.85,1,0,431.07
ORD-13017,06-05-2023,08-05-2023,Mohammed Davis,Home Office,West,Office Supplies,Labels,30.25,1,0,6.74
ORD-17828,13-08-2023,17-08-2023,Grace Walker,Corporate,West,Office Supplies,Binders,96.45,2,0.3,7.6
ORD-16137,03-08-2023,06-08-2023,Kevin Clark,Home Office,Central,Technology,Machines,5671.22,3,0.2,-248.64
ORD-15416,26-07-2023,27-07-2023,Linda Rodriguez,Consumer,East,Office Supplies,Binders,577.15,6,0.1,104.63
ORD-11881,11-03-2023,13-03-2023,James Lewis,Corporate,East,Technology,Accessories,5805.6,4,0,1152.34
ORD-10904,01-01-2024,02-01-2024,Kevin Davis,Corporate,West,Technology,Copiers,1863.81,3,0.1,133.96
ORD-13976,17-12-2022,18-12-2022,Nina Davis,Consumer,South,Technology,Copiers,989.8,5,0.2,104.51
ORD-16562,18-01-2024,22-01-2024,Maria Davis,Home Office,East,Office Supplies,Paper,13.39,1,0,5.6
ORD-16176,17-12-2023,18-12-2023,Kevin Lee,Home Office,West,Technology,Machines,355.24,1,0.1,6.71
ORD-14654,26-06-2022,30-06-2022,James Wilson,Consumer,South,Technology,Copiers,47.06,1,0.3,7
ORD-13328,16-08-2024,20-08-2024,Tom Garcia,Consumer,West,Technology,Machines,1543.66,1,,238.85
ORD-18015,17-08-2024,19-08-2024,Priya Martinez,Consumer,South,Office Supplies,Paper,1017.84,6,0,322.9
ORD-18506,07-11-2023,12-11-2023,Sara Brown,Consumer,East,Furniture,Tables,160.83,1,0,27.76
ORD-13750,19-12-2022,20-12-2022,Mohammed Lee,Consumer,East,Furniture,Chairs,719.35,1,0.15,135.36
ORD-16303,27-08-2024,31-08-2024,Tom Davis,Corporate,West,Furniture,Furnishings,1208.9,3,0.2,-136.93
ORD-17157,27-05-2022,31-05-2022,Sara Chen,Corporate,West,Office Supplies,Binders,46.3,1,0,10
ORD-12625,03-06-2022,04-06-2022,Linda Lewis,Consumer,West,Technology,Phones,2409.82,2,0.3,-790.72
ORD-11178,01-09-2023,02-09-2023,Priya Young,Home Office,West,Furniture,Bookcases,536.6,5,0.5,-269.01
ORD-16855,16-12-2024,17-12-2024,Kevin Walker,Consumer,East,Office Supplies,Envelopes,214.8,3,0.2,17.46
ORD-10453,22-05-2023,25-05-2023,,Consumer,West,Office Supplies,Binders,294.07,2,0.1,68.1
ORD-12410,20-12-2022,25-12-2022,Tom Patel,Consumer,East,Office Supplies,Labels,211.09,1,0.1,20.73
ORD-17480,05-12-2023,10-12-2023,Anna Smith,Corporate,East,Furniture,Chairs,1504.9,3,0.3,-358.49
ORD-11276,15-11-2022,18-11-2022,Carlos Khan,Consumer,West,Office Supplies,Binders,116.81,1,0,27.54
ORD-13910,17-12-2022,20-12-2022,Nina Brown,Corporate,East,Furniture,Furnishings,1214.84,2,0.15,102.46
ORD-17385,26-12-2022,28-12-2022,Sara Walker,Corporate,Central,Office Supplies,Storage,743.31,3,0,151.96
ORD-17783,16-05-2024,17-05-2024,Kevin Lewis,Corporate,West,Technology,Accessories,4966.45,4,0.1,1486.08
ORD-17565,15-03-2023,19-03-2023,Anna Chen,Home Office,Central,Office Supplies,Binders,90.69,1,0,10.48
ORD-12722,15-03-2024,18-03-2024,John Walker,Consumer,East,Office Supplies,Labels,548.75,5,0,195.93
ORD-14913,23-09-2022,25-09-2022,Linda Clark,Consumer,East,Office Supplies,Binders,422.54,4,0.5,-77.34
ORD-16779,21-08-2023,22-08-2023,Fatima Lewis,Home Office,Central,Office Supplies,Art,240.56,4,0.5,20.59
ORD-12224,26-05-2024,29-05-2024,Anna Chen,Consumer,East,Office Supplies,Art,432.11,3,0.1,0.87
ORD-10255,18-10-2022,22-10-2022,Grace Garcia,Consumer,East,Technology,Copiers,2053.31,1,0.1,219.68
ORD-11524,15-03-2023,17-03-2023,Anna Clark,Consumer,Central,Furniture,Furnishings,1184.28,1,0,-8.51
ORD-11185,23-09-2023,27-09-2023,Carlos Chen,Consumer,Central,Office Supplies,Labels,113.02,1,0.1,25.18
ORD-16532,24-03-2024,25-03-2024,Mohammed Walker,Home Office,East,Furniture,Tables,2033.98,4,0.15,-429.65
ORD-12305,06-06-2024,08-06-2024,Kevin Walker,Corporate,Central,Technology,Accessories,1546.19,1,0,129.65
ORD-13225,24-11-2022,25-11-2022,Fatima Garcia,Corporate,West,Office Supplies,Binders,186.62,1,0.2,-2.19
ORD-11428,02-12-2022,06-12-2022,Fatima Johnson,Consumer,East,Technology,Copiers,1371.04,1,0.2,17.28
ORD-12025,13-08-2024,15-08-2024,Grace Martinez,Consumer,West,Office Supplies,Paper,209.97,2,0.1,35.62
ORD-16078,02-09-2022,05-09-2022,Nina Rodriguez,Consumer,West,Furniture,Tables,2850.36,3,0.15,-462.42
ORD-11426,05-10-2022,08-10-2022,Nina Khan,Corporate,West,Office Supplies,Paper,500.72,3,0.15,41.07
ORD-12613,22-05-2024,24-05-2024,Priya Patel,Consumer,East,Technology,Accessories,1696.67,2,0.3,286.23
ORD-11496,26-03-2024,27-03-2024,Mohammed Martinez,Corporate,East,Office Supplies,Binders,55.3,1,0.5,6.88
ORD-15154,27-05-2023,28-05-2023,Sara Young,Corporate,South,Office Supplies,Labels,363.36,2,0,90.81
ORD-12442,07-12-2024,09-12-2024,Fatima Khan,Consumer,Central,Technology,Phones,4616.96,4,0.1,309.25
ORD-15083,27-04-2022,28-04-2022,Carlos Lee,Consumer,West,Office Supplies,Labels,343.3,4,0.2,10.73
ORD-17170,23-02-2023,24-02-2023,Anna Rodriguez,Consumer,West,Office Supplies,Storage,100.99,1,0,14.53
ORD-14749,19-02-2022,21-02-2022,Carlos Young,Consumer,South,Technology,Phones,284.11,2,0.1,-5.73
ORD-14398,24-04-2024,28-04-2024,Fatima Khan,Consumer,West,Office Supplies,Labels,420.87,2,0.15,-17.93
ORD-19170,12-07-2023,13-07-2023,Kevin Davis,Consumer,South,Office Supplies,Envelopes,194.34,1,0.15,38.54
ORD-17969,06-12-2023,08-12-2023,Linda Rodriguez,Corporate,East,Office Supplies,Binders,158.92,2,0.15,37.19
ORD-19227,23-10-2022,25-10-2022,David Rodriguez,Home Office,West,Furniture,Furnishings,2245.34,2,0,106.14
ORD-10431,23-08-2024,28-08-2024,Grace Patel,Corporate,Central,Technology,Accessories,5628,5,0,1096.19
ORD-15794,13-02-2023,15-02-2023,Tom Patel,Consumer,East,Office Supplies,Labels,105.64,1,0.2,18.91
ORD-13106,19-04-2023,23-04-2023,Maria Martinez,Consumer,Central,Office Supplies,Storage,381.96,3,0.4,-29
ORD-14191,15-11-2022,18-11-2022,Kevin Johnson,Consumer,West,Technology,Accessories,1388.72,1,0.1,12.64
ORD-12887,13-04-2022,18-04-2022,Mohammed Lee,Consumer,South,Furniture,Bookcases,3331.41,3,0,-926.87
ORD-15347,14-03-2024,17-03-2024,Anna Smith,Consumer,West,Office Supplies,Labels,414.43,3,0.2,26.08
ORD-18653,20-05-2022,24-05-2022,Maria Smith,Home Office,South,Furniture,Furnishings,1822.48,5,0.2,-307.33
ORD-13488,09-06-2024,13-06-2024,Linda Wilson,Consumer,West,Technology,Phones,3279.65,2,0.2,237.16
ORD-15942,27-12-2022,31-12-2022,Maria Lee,Home Office,East,Technology,Phones,994.51,1,0.15,-133.13
ORD-18286,25-07-2022,30-07-2022,Grace Smith,Corporate,West,Office Supplies,Binders,360.23,2,0.1,42.55
ORD-17061,17-04-2022,18-04-2022,Anna Lee,Corporate,West,Furniture,Furnishings,456.82,1,0.15,-44.21
ORD-15305,05-02-2023,08-02-2023,Priya Rodriguez,Consumer,East,Furniture,Chairs,1619.73,6,0.3,-484.63
ORD-11026,16-10-2024,23-10-2024,Mohammed Lewis,Home Office,Central,Furniture,Bookcases,1027.44,2,0,-145.49
ORD-18185,16-03-2023,18-03-2023,Grace Clark,Consumer,South,Office Supplies,Binders,110.61,1,0.1,9.23
ORD-10985,15-12-2024,16-12-2024,Anna Walker,Consumer,South,Furniture,Bookcases,1012.22,1,0,225.49
ORD-11981,05-01-2022,12-01-2022,Anna Clark,Consumer,East,Furniture,Bookcases,3593.7,5,0,377.37
ORD-11032,13-06-2022,16-06-2022,Grace Davis,Consumer,West,Technology,Phones,2721.15,4,0.3,80.49
ORD-17805,09-09-2023,10-09-2023,Carlos Rodriguez,Consumer,WEST,Office Supplies,Art,37.71,1,0.3,-0.34
ORD-12578,03-03-2023,05-03-2023,Grace Khan,Consumer,East,Office Supplies,Envelopes,1012.77,5,0.1,261.18
ORD-18612,03-05-2024,04-05-2024,Sara Lewis,Consumer,Central,Office Supplies,Binders,714.48,5,0.2,35.27
ORD-18381,11-03-2024,14-03-2024,John Khan,Consumer,West,Furniture,Furnishings,883.18,1,0,-36.68
ORD-16443,19-10-2022,,Maria Wilson,Consumer,West,Office Supplies,Art,118.93,3,0.1,7.28
ORD-13913,19-08-2024,20-08-2024,Anna Young,Corporate,West,Technology,Machines,1589.79,3,0,24.19
ORD-18379,05-02-2023,10-02-2023,Linda Smith,Consumer,Central,Office Supplies,Envelopes,379.94,2,0.2,100.95
ORD-16107,06-10-2022,,Wei Young,Home Office, South ,Furniture,Furnishings,597.26,2,0.1,-129.95
ORD-16728,27-03-2022,28-03-2022,John Wilson,Consumer,Central,Furniture,Bookcases,297.32,2,0.1,30.32
ORD-19570,14-06-2022,16-06-2022,Linda Garcia,Home Office,East,Furniture,Tables,807.86,2,0,59.73
ORD-18630,16-12-2022,18-12-2022,Nina Young,Home Office,East,Office Supplies,Binders,88.66,2,0,3.06
ORD-19403,27-11-2024,01-12-2024,Linda Khan,Corporate,central,Office Supplies,Binders,197.06,4,0.2,-16.15
ORD-13974,22-05-2023,25-05-2023,Wei Rodriguez,Consumer,West,Technology,Accessories,1295.03,1,0.1,322.76
ORD-14881,04-12-2024,09-12-2024,Maria Walker,Corporate,East,Office Supplies,Art,176.23,2,0.3,18.14
ORD-18764,06-07-2024,08-07-2024,Fatima Rodriguez,Consumer,Central,Office Supplies,Storage,22.28,5,0.5,-5.06
ORD-17727,08-05-2022,13-05-2022,Wei Khan,Consumer,West,Furniture,Tables,687.9,1,0.2,178.41
ORD-15654,17-10-2023,20-10-2023,Kevin Khan,Corporate,Central,Office Supplies,Storage,267.3,2,0.3,4.95
ORD-14698,04-11-2022,09-11-2022,Nina Rodriguez,Consumer,East,Furniture,Tables,1107.31,1,0,-30.62
ORD-11938,16-04-2022,17-04-2022,Fatima Walker,Consumer,East,Office Supplies,Paper,888.84,4,0.1,120.2
ORD-18923,08-01-2023,12-01-2023,Carlos Clark,Corporate,West,Office Supplies,Storage,472.24,2,0,2.44
ORD-18516,07-11-2023,12-11-2023,Nina Walker,Consumer,East,Technology,Machines,8706.96,4,0,1554.33
ORD-11722,25-08-2023,26-08-2023,Maria Johnson,Consumer,East,Furniture,Bookcases,5017.85,5,0.15,-2483.69
ORD-15407,26-08-2024,29-08-2024,Fatima Young,Home Office,West,Technology,Accessories,3104.96,2,0.1,-64.4
ORD-16636,09-09-2022,16-09-2022,Fatima Khan,Corporate,Central,Office Supplies,Art,109.56,1,0.5,-11.54
ORD-13183,15-12-2024,17-12-2024,Sara Khan,Consumer,Central,Furniture,Tables,1691.6,2,0.15,29.46
ORD-18575,20-01-2022,21-01-2022,John Chen,Consumer,Central,Office Supplies,Binders,263.46,2,0.2,-7.67
ORD-17713,06-07-2022,08-07-2022,Kevin Khan,Consumer,Central,Technology,Phones,695.41,1,0.15,88.51
ORD-12670,06-09-2024,09-09-2024,Carlos Lee,Home Office,East,Office Supplies,Envelopes,50.74,3,0.3,-1.62
ORD-16882,03-08-2022,05-08-2022,Linda Lee,Corporate,East,Office Supplies,Storage,40.48,2,0,6.49
ORD-11514,04-12-2024,06-12-2024,Anna Clark,Consumer,Central,Furniture,Furnishings,4412.47,6,0.15,-119.56
ORD-17455,19-12-2023,21-12-2023,Priya Chen,Corporate,East,Technology,Accessories,4786.8,5,0,398.42
ORD-16189,17-12-2022,19-12-2022,Nina Martinez,Home Office,South,Office Supplies,Storage,63.12,1,0.3,0.3
ORD-11060,08-11-2023,13-11-2023,Fatima Walker,Home Office,West,Technology,Machines,1343.1,1,0.3,117.93
ORD-17258,11-07-2022,13-07-2022,Linda Martinez,Corporate,West,Furniture,Tables,774.17,1,0.3,-8.49
ORD-11403,12-11-2023,15-11-2023,Wei Rodriguez,Corporate,South,Technology,Machines,155.11,1,0.2,-16.45
ORD-13835,04-07-2022,07-07-2022,Sara Smith,Home Office,East,Technology,Copiers,2987.82,2,0.1,379.57
ORD-16530,22-12-2023,24-12-2023,Linda Clark,Corporate,West,Office Supplies,Paper,421.09,5,0.15,49.69
ORD-18861,20-05-2023,24-05-2023,John Lewis,Corporate,Central,Technology,Phones,2964.6,2,0,662.44
ORD-17872,12-11-2023,16-11-2023,John Lewis,Consumer,East,Office Supplies,Storage,5.08,1,0,1.29
ORD-15655,01-04-2024,02-04-2024,James Brown,Consumer,South,Technology,Accessories,1723.78,1,0.2,-216.67
ORD-12413,07-01-2023,08-01-2023,Wei Martinez,Corporate,West,Technology,Accessories,6645,5,0.15,599.95
ORD-13202,11-05-2024,12-05-2024,David Lewis,Consumer,East,Office Supplies,Storage,233.04,1,0,46.07
ORD-12327,05-06-2024,06-06-2024,Sara Johnson,Consumer,Central,Furniture,Chairs,122,1,0.3,-36.05
ORD-13345,11-11-2023,15-11-2023,Wei Lewis,Home Office,East,Technology,Accessories,506.34,6,0.4,-97.49
ORD-19502,27-02-2023,02-03-2023,Fatima Khan,Corporate,South,Office Supplies,Paper,286.91,2,0.2,15.68
ORD-11175,18-03-2023,19-03-2023,David Garcia,Corporate,West,Furniture,Furnishings,2659.58,4,0.15,-154.13
ORD-14245,15-11-2023,17-11-2023,Carlos Wilson,Consumer,South,Furniture,Bookcases,2692.08,4,0,-68.75
ORD-19264,20-09-2022,22-09-2022,Mohammed Young,Home Office,East,Office Supplies,Labels,430.12,2,0,30.76
ORD-11106,04-02-2022,07-02-2022,Grace Chen,Corporate,East,Furniture,Bookcases,607.38,1,0.2,-52.96
ORD-18578,22-12-2024,27-12-2024,James Lewis,Home Office,Central,Furniture,Chairs,445.82,1,0.1,55.39
ORD-10594,13-03-2022,20-03-2022,David Wilson,Home Office,East,Office Supplies,Binders,474.24,2,0,76.31
ORD-16400,23-05-2023,28-05-2023,Kevin Patel,Corporate,East,Office Supplies,Art,82.61,1,0.1,21.05
ORD-15409,11-10-2023,12-10-2023,Sara Davis,Consumer,central,Office Supplies,Binders,113.68,1,0.5,-28.33
ORD-10131,03-12-2022,05-12-2022,Mohammed Young,Consumer,West,Office Supplies,Labels,105.74,1,0.2,13.23
ORD-15903,24-07-2024,29-07-2024,Fatima Smith,Corporate,East,Office Supplies,Labels,156.28,1,0,64.01
ORD-19358,09-12-2024,12-12-2024,Mohammed Martinez,Home Office,West,Office Supplies,Binders,292.54,4,0.1,91.38
ORD-17561,05-08-2023,08-08-2023,David Khan,Consumer,West,Office Supplies,Art,66.12,1,0.3,-1.98
ORD-14701,09-04-2023,11-04-2023,Tom Johnson,Home Office,Central,Office Supplies,Labels,82.11,1,0.2,0.34
ORD-12331,07-12-2022,08-12-2022,James Clark,Corporate,West,Office Supplies,Paper,30.44,1,0,7.04
ORD-13297,06-02-2024,07-02-2024,Mohammed Wilson,Consumer,East,Office Supplies,Binders,461.96,2,0,77.43
ORD-14064,01-04-2024,04-04-2024,David Martinez,Corporate,West,Office Supplies,Labels,182.67,1,0.2,-4.27
ORD-14177,23-08-2023,26-08-2023,Wei Patel,Corporate,East,Office Supplies,Binders,503.46,4,0.1,79.23
ORD-12351,04-12-2022,05-12-2022,Kevin Davis,Consumer,Central,Office Supplies,Labels,498.96,3,0.1,110.66
ORD-11146,19-12-2022,21-12-2022,Tom Chen,Consumer,Central,Office Supplies,Binders,1004.44,6,0.15,-18.45
ORD-17185,24-09-2022,27-09-2022,Fatima Walker,Consumer,South,Office Supplies,Envelopes,125.37,1,0.1,-5.93
ORD-12651,19-10-2023,20-10-2023,Fatima Walker,Home Office,East,Technology,Copiers,12983.06,6,0.1,400.8
ORD-11796,19-05-2023,22-05-2023,Linda Clark,Corporate,Central,Office Supplies,Binders,219.62,1,0,91.5
ORD-12287,14-01-2024,16-01-2024,Mohammed Garcia,Consumer,Central,Office Supplies,Envelopes,45.5,1,0.15,-0.56
ORD-13199,20-01-2023,23-01-2023,David Wilson,Corporate,West,Furniture,Bookcases,2440.77,3,0,727.17
ORD-14211,19-08-2023,22-08-2023,Nina Lee,Consumer,West,Furniture,Furnishings,4522.76,4,0,-675.86
ORD-18431,12-06-2023,13-06-2023,John Smith,Consumer,West,Technology,Accessories,151.87,1,0.15,32.61
ORD-13263,19-10-2022,23-10-2022,Sara Walker,Home Office,East,Furniture,Tables,1944.72,4,0,-161.86
ORD-13992,27-12-2024,29-12-2024,Anna Lee,Corporate,South,Office Supplies,Binders,437.38,2,0,111.15
ORD-14168,16-11-2022,18-11-2022,Nina Johnson,Consumer,East,Office Supplies,Labels,47.06,1,0.15,2.95
ORD-18767,01-12-2024,08-12-2024,Priya Brown,Consumer,South,Technology,Phones,1502.69,5,0.1,462.34
ORD-14932,20-11-2024,24-11-2024,Carlos Garcia,Corporate,West,Furniture,Chairs,814.51,1,0,-136.3
ORD-17698,11-03-2024,13-03-2024,Wei Clark,Consumer,West,Office Supplies,Labels,101.07,3,0,24.11
ORD-15421,16-11-2022,20-11-2022,,Corporate,East,Technology,Copiers,651.24,2,0.3,25.7
ORD-19675,10-05-2022,14-05-2022,Anna Rodriguez,Home Office,East,Furniture,Tables,1102.29,3,0.15,-301.66
ORD-15229,16-07-2022,18-07-2022,Wei Garcia,Home Office,South,Office Supplies,Binders,46.61,2,0.4,-0.34
ORD-15960,16-07-2023,18-07-2023,Grace Garcia,Home Office,South,Technology,Accessories,2537,4,0,139.75
ORD-17660,18-11-2022,21-11-2022,Grace Wilson,Corporate,West,Technology,Accessories,1675.83,1,0.15,84.43
ORD-17032,10-09-2022,12-09-2022,Grace Martinez,Corporate,West,Office Supplies,Binders,1156.68,6,0,280.13
ORD-18594,18-11-2023,20-11-2023,Carlos Smith,Home Office,South,Furniture,Furnishings,297.87,1,0.3,-98.59
ORD-16025,10-11-2022,13-11-2022,David Chen,Consumer,East,Office Supplies,Art,207.75,3,0.15,33.65
ORD-14627,24-11-2023,26-11-2023,Sara Johnson,Corporate,West,Furniture,Chairs,738.51,3,0,66.19
ORD-16013,04-07-2023,09-07-2023,Wei Martinez,Consumer,Central,Technology,Machines,5431.32,4,,1376.61
ORD-14875,27-11-2024,01-12-2024,Tom Clark,Consumer,West,Office Supplies,Paper,37.96,1,0.1,3.27
ORD-17052,20-04-2023,25-04-2023,Anna Clark,Corporate,South,Furniture,Bookcases,163.49,2,0.2,-14.49
ORD-16469,24-11-2024,28-11-2024,,Home Office,East,Office Supplies,Binders,149.75,1,0.3,-8.2
ORD-18803,07-07-2024,08-07-2024,Nina Martinez,Corporate,West,Furniture,Tables,514.34,1,0.1,-17.19
ORD-17807,14-08-2022,16-08-2022,Sara Lewis,Home Office,West,Office Supplies,Labels,78.93,3,0,29.33
ORD-18485,24-04-2024,26-04-2024,Tom Martinez,Consumer,East,Furniture,Chairs,1124.87,3,0.1,-67.24
ORD-14626,02-12-2023,07-12-2023,Kevin Rodriguez,Corporate,Central,Technology,Phones,1516.29,1,0.3,-207.76
ORD-16034,12-06-2023,13-06-2023,David Walker,Corporate,East,Office Supplies,Storage,221.48,1,0,50.27
ORD-19784,07-12-2022,12-12-2022,Priya Chen,Home Office,East,Office Supplies,Binders,551.63,4,0.1,148.23
ORD-14799,04-07-2023,06-07-2023,Nina Johnson,Corporate,East,Office Supplies,Envelopes,688.75,6,0.2,162.86
ORD-12592,14-09-2022,18-09-2022,Grace Smith,Home Office,West,Technology,Accessories,781.32,2,0,88.91
ORD-12671,27-04-2022,28-04-2022,Fatima Lewis,Corporate,West,Office Supplies,Envelopes,175.58,2,0,15.66
ORD-10186,27-05-2023,31-05-2023,Sara Smith,Corporate,West,Furniture,Chairs,45.36,1,0.15,-4.32
ORD-18035,08-06-2023,13-06-2023,Mohammed Walker,Consumer,West,Technology,Copiers,1593.78,2,0,38.46
ORD-10317,07-07-2022,09-07-2022,Grace Patel,Consumer,East,Office Supplies,Paper,136.76,1,0,15.16
ORD-17077,22-02-2024,24-02-2024,Kevin Brown,Consumer,West,Technology,Phones,1157.43,1,0,323.53
ORD-14159,27-03-2023,31-03-2023,Tom Brown,Corporate,East,Office Supplies,Binders,49.7,1,0.1,4.27
ORD-13275,23-09-2024,26-09-2024,Carlos Khan,Consumer,West,Office Supplies,Art,969.8,4,0,199.53
ORD-13270,05-08-2022,12-08-2022,Sara Clark,Consumer,East,Office Supplies,Binders,399.8,2,0,88.21
ORD-12249,27-08-2024,01-09-2024,John Rodriguez,Corporate,West,Office Supplies,Art,60.74,2,0,17.01
ORD-11611,08-11-2022,13-11-2022,Mohammed Brown,Corporate,West,Office Supplies,Binders,282,3,0.15,69.41
ORD-18318,07-08-2024,10-08-2024,Linda Martinez,Corporate,West,Office Supplies,Binders,341.04,3,0.3,-0.67
ORD-18470,05-02-2022,08-02-2022,Tom Davis,Corporate,West,Furniture,Chairs,3317.75,5,0,-182.16
ORD-12718,03-08-2024,05-08-2024,John Brown,Corporate,East,Technology,Copiers,3538.75,4,0.15,605.72
ORD-11031,26-11-2023,28-11-2023,Tom Rodriguez,Consumer,South,Office Supplies,Storage,203.79,1,0,26.7
ORD-18359,04-12-2022,07-12-2022,Anna Walker,Corporate,Central,Office Supplies,Envelopes,143.55,3,0,36.08
ORD-14473,27-04-2024,01-05-2024,Tom Smith,Corporate,West,Technology,Machines,7958.64,4,0,3752.57
ORD-17345,27-09-2024,04-10-2024,John Garcia,Consumer,Central,Office Supplies,Labels,104.02,1,0,25.6
ORD-15585,20-12-2022,21-12-2022,Wei Patel,Consumer,West,Furniture,Tables,258.07,3,0.2,-0.85
ORD-14175,01-07-2022,04-07-2022,Tom Young,Consumer,East,Furniture,Tables,543.28,4,0,-42.05
ORD-13693,17-02-2022,24-02-2022,,Consumer,Central,Office Supplies,Envelopes,781.76,4,0.15,200.3
ORD-18343,04-11-2023,08-11-2023,Nina Brown,Consumer,East,Technology,Phones,2666.22,5,0.5,-146.39
ORD-14237,18-06-2022,23-06-2022,Carlos Clark,Corporate,Central,Office Supplies,Paper,654.21,3,0,-37.03
ORD-11150,08-09-2024,12-09-2024,David Lee,Consumer,South,Office Supplies,Binders,723.56,6,0.4,49.73
ORD-19413,07-03-2024,09-03-2024,David Smith,Home Office,West,Technology,Copiers,1695.05,2,0.3,-78.22
ORD-17336,03-12-2022,04-12-2022,Maria Smith,Consumer,West,Technology,Machines,5510.1,3,0,25.06
ORD-10003,12-10-2024,14-10-2024,Fatima Rodriguez,Home Office,East,Office Supplies,Art,146.47,2,0.1,19.16
ORD-18820,23-11-2022,24-11-2022,Mohammed Walker,Corporate,South,Furniture,Tables,1396.33,2,0.1,-53.18
ORD-13576,03-01-2024,06-01-2024,Linda Martinez,Consumer,West,Office Supplies,Art,231.01,2,0.1,65.94
ORD-15433,11-05-2022,13-05-2022,Wei Brown,Corporate,South,Furniture,Furnishings,657.17,1,0,-166.71
ORD-13944,02-07-2022,03-07-2022,David Brown,Consumer,EAST,Office Supplies,Art,72.48,1,0.1,21.53
ORD-17771,26-04-2023,30-04-2023,Wei Rodriguez,Consumer,Central,Office Supplies,Storage,15.38,1,0.3,-0.95
ORD-17341,16-09-2023,17-09-2023,James Patel,Corporate,Central,Office Supplies,Paper,116.2,1,0.1,28.7
ORD-14490,27-05-2024,29-05-2024,Mohammed Lee,Consumer,Central,Office Supplies,Art,87.54,1,0.15,-5.54
ORD-11884,05-08-2023,06-08-2023,John Johnson,Home Office,Central,Technology,Copiers,3450.11,2,0.1,1321.49
ORD-11002,26-05-2024,02-06-2024,Fatima Johnson,Corporate,South,Office Supplies,Paper,16.79,3,0.1,1.06
ORD-10632,19-10-2022,23-10-2022,Wei Walker,Consumer,South,Office Supplies,Labels,510.14,3,0.1,160.62
ORD-15071,16-10-2022,18-10-2022,Carlos Martinez,Consumer,West,Office Supplies,Storage,54.41,1,0,4.69
ORD-16309,25-07-2022,26-07-2022,Nina Chen,Consumer,South,Office Supplies,Storage,586.56,6,0.5,11.57
ORD-12013,13-07-2022,16-07-2022,Sara Lewis,Corporate,South,Office Supplies,Paper,73.18,5,0.15,6.31
ORD-17532,08-02-2022,11-02-2022,Priya Garcia,Consumer,East,Technology,Accessories,56.46,1,0.3,2.74
ORD-18010,07-11-2022,09-11-2022,Grace Rodriguez,Consumer,East,Furniture,Tables,713.7,1,0.1,43.68
ORD-17212,25-04-2022,26-04-2022,Priya Wilson,Consumer,East,Office Supplies,Labels,153.61,3,0.4,-26.84
ORD-14498,26-01-2022,29-01-2022,Nina Wilson,Consumer,East,Office Supplies,Art,26.56,1,0,6.31
ORD-18719,18-12-2024,20-12-2024,Priya Johnson,Corporate,West,Furniture,Bookcases,1056.83,2,0.1,-330.73
ORD-14643,22-03-2023,23-03-2023,Sara Rodriguez,Home Office,West,Furniture,Tables,2403.44,4,0,-477.43
ORD-18628,21-03-2022,24-03-2022,Sara Smith,Consumer,East,Furniture,Chairs,3853.63,6,0.2,-465.05
ORD-16021,07-12-2023,10-12-2023,Anna Chen,Consumer,East,Office Supplies,Labels,784.08,5,0.15,49.14
ORD-13527,08-12-2024,09-12-2024,David Wilson,Corporate,East,Furniture,Chairs,2172.74,3,0.1,115.18
ORD-12002,01-09-2024,05-09-2024,Wei Khan,Corporate,South,Furniture,Tables,85.89,1,0.15,-3.46
ORD-11332,07-11-2023,09-11-2023,David Khan,Corporate,East,Furniture,Furnishings,957.87,1,0.15,-24.73
ORD-16939,03-01-2022,05-01-2022,Linda Clark,Consumer,West,Technology,Accessories,6438.74,6,0.1,-167.43
ORD-12885,20-05-2024,21-05-2024,Grace Brown,Home Office,East,Technology,Copiers,4166.99,3,0.1,703.35
ORD-11350,04-12-2022,08-12-2022,David Martinez,Corporate,West,Office Supplies,Binders,73.9,1,0.3,11.81
ORD-14655,22-11-2023,25-11-2023,John Rodriguez,Consumer,South,Office Supplies,Paper,149.96,1,0.3,24.98
ORD-14961,14-01-2022,16-01-2022,Priya Martinez,Consumer,West,Technology,Copiers,3476.77,2,0.1,1670.13
ORD-13281,09-06-2024,11-06-2024,Wei Martinez,Home Office,South,Technology,Machines,1354.03,2,0.15,45.36
ORD-15486,04-12-2024,06-12-2024,John Chen,Corporate,Central,Furniture,Furnishings,343.24,1,0.5,-84.28
ORD-13586,24-03-2023,26-03-2023,Wei Davis,Consumer,East,Furniture,Bookcases,974.73,1,0,-5.27
ORD-11444,02-06-2024,06-06-2024,David Chen,Corporate,West,Office Supplies,Paper,112.49,1,0.2,29.9
ORD-12744,12-11-2022,15-11-2022,Sara Rodriguez,Consumer,West,Furniture,Chairs,291.33,2,0.15,-77.64
ORD-12959,23-04-2023,25-04-2023,Maria Johnson,Consumer,South,Office Supplies,Paper,116.22,2,0,24.04
ORD-15894,22-12-2023,25-12-2023,Mohammed Patel,Corporate,West,Technology,Phones,2724.04,2,0.3,752.68
ORD-12911,15-02-2024,18-02-2024,Kevin Martinez,Home Office,East,Furniture,Furnishings,904.09,1,0.2,-274
ORD-18486,21-10-2022,22-10-2022,Anna Clark,Corporate,West,Furniture,Furnishings,1001.18,6,0.15,-229.15
ORD-18145,13-05-2023,14-05-2023,Kevin Johnson,Consumer,South,Technology,Accessories,423.46,2,0.4,-20.47
ORD-10217,09-11-2023,10-11-2023,Fatima Davis,Consumer,Central,Technology,Accessories,2530.56,2,0.3,421.99
ORD-17169,19-04-2022,20-04-2022,Carlos Garcia,Consumer,East,Furniture,Chairs,1302.39,2,0.1,-257.06
ORD-19628,02-10-2024,05-10-2024,Nina Smith,Corporate,Central,Furniture,Furnishings,458.49,1,0.2,-137.82
ORD-17669,26-10-2024,29-10-2024,Maria Garcia,Consumer,South,Office Supplies,Binders,121.62,1,0.2,15.43
ORD-15819,17-04-2023,24-04-2023,Mohammed Chen,Corporate,West,Technology,Phones,1372.32,2,0.4,92.34
ORD-18760,03-11-2024,10-11-2024,Carlos Garcia,Corporate,South,Furniture,Tables,3580.71,5,0.15,564.24
ORD-13166,12-03-2024,13-03-2024,Maria Rodriguez,Home Office,East,Office Supplies,Envelopes,512.24,4,0,56.17
ORD-10650,15-06-2024,19-06-2024,Fatima Smith,Corporate,Central,Office Supplies,Binders,416.37,3,0.1,157.37
ORD-13881,25-11-2023,29-11-2023,Fatima Lewis,Home Office,West,Office Supplies,Storage,585.12,3,0,83.07
ORD-17972,08-06-2022,15-06-2022,John Patel,Home Office,Central,Furniture,Furnishings,60.68,1,0.3,-9.43
ORD-15194,02-09-2023,05-09-2023,Priya Wilson,Consumer,Central,Furniture,Chairs,1558.12,2,0,164.71
ORD-11581,05-08-2024,10-08-2024,David Clark,Corporate,West,Furniture,Bookcases,134.19,2,0.3,11.26
ORD-14056,20-01-2024,24-01-2024,David Clark,Corporate,West,Technology,Copiers,2540.42,2,0,363.3
ORD-17064,08-12-2024,13-12-2024,Mohammed Khan,Consumer,East,Furniture,Furnishings,691.52,1,0.1,-9.96
ORD-18696,11-03-2024,13-03-2024,Wei Walker,Corporate,West,Office Supplies,Paper,142.69,3,0.4,-38.42
ORD-19545,08-01-2022,13-01-2022,,Consumer,East,Furniture,Bookcases,2157.18,3,0.3,-493.56
ORD-12898,14-09-2024,21-09-2024,Maria Young,Corporate,East,Technology,Machines,5052.09,3,0.15,711.47
ORD-10359,15-11-2024,18-11-2024,Priya Chen,Home Office,West,Technology,Accessories,3901.92,4,0,231.21
ORD-14862,18-11-2024,21-11-2024,Grace Brown,Home Office,East,Office Supplies,Labels,42.68,1,0.1,2.46
ORD-11960,20-02-2022,24-02-2022,Wei Rodriguez,Corporate,West,Technology,Phones,3460.3,2,0.1,-92.8
ORD-16913,12-08-2023,16-08-2023,Priya Martinez,Consumer,Central,Technology,Machines,1139.31,2,0.2,97.99
ORD-17459,21-10-2024,26-10-2024,Nina Garcia,Home Office,Central,Office Supplies,Envelopes,174.48,1,0,37.99
ORD-15667,22-12-2022,24-12-2022,Grace Brown,Consumer,South,Office Supplies,Art,496.04,6,0.1,104.41
ORD-12204,21-08-2022,23-08-2022,Priya Garcia,Consumer,East,Office Supplies,Storage,286.01,2,0.4,-13.04
ORD-18558,12-12-2023,16-12-2023,Sara Davis,Corporate,East,Office Supplies,Storage,434.66,3,0.3,42.82
ORD-10419,01-05-2023,03-05-2023,Linda Garcia,Home Office,West,Office Supplies,Paper,86.44,1,0,34.15
ORD-10180,03-08-2022,05-08-2022,Wei Chen,Consumer,Central,Furniture,Furnishings,4504.45,5,0,-217.75
ORD-19141,12-03-2023,15-03-2023,Anna Davis,Corporate,West,Technology,Copiers,8161.6,4,0,3721.84
ORD-19663,06-11-2023,07-11-2023,Wei Johnson,Corporate,West,Furniture,Bookcases,909.58,1,0.2,85.12
ORD-19497,22-08-2022,23-08-2022,John Rodriguez,Consumer,South,Office Supplies,Art,269.36,2,0,94.08
ORD-13660,01-03-2024,05-03-2024,Sara Patel,Consumer,West,Technology,Accessories,4120.37,3,0.15,1385.7
ORD-10977,05-09-2022,10-09-2022,Fatima Brown,Home Office,South,Technology,Copiers,1144.55,1,0.2,31.99
ORD-10786,01-05-2024,02-05-2024,Mohammed Garcia,Consumer,East,Office Supplies,Envelopes,179.69,1,0,8.82
ORD-11957,25-04-2024,28-04-2024,Anna Rodriguez,Corporate,Central,Technology,Phones,786.6,2,0.1,222.9
ORD-10370,26-03-2022,27-03-2022,Wei Johnson,Consumer,West,Technology,Phones,817.16,1,0,64.77
ORD-15188,07-06-2023,10-06-2023,Linda Clark,Consumer,West,Office Supplies,Envelopes,54.5,1,0.2,3.35
ORD-19234,09-11-2023,12-11-2023,John Clark,Consumer,Central,Technology,Accessories,4014.12,5,0.4,-312.26
ORD-16305,18-03-2023,20-03-2023,Mohammed Chen,Corporate,West,Technology,Accessories,744.04,1,0.1,178.81
ORD-11182,03-05-2022,05-05-2022,Carlos Patel,Home Office,East,Furniture,Bookcases,925.93,1,0,60.68
ORD-13145,23-08-2022,26-08-2022,Kevin Rodriguez,Consumer,South,Office Supplies,Envelopes,411.88,2,0.1,76.13
ORD-19603,05-01-2023,08-01-2023,Mohammed Chen,Home Office,east,Office Supplies,Storage,384.1,2,0,117.99
ORD-19725,10-08-2023,12-08-2023,Tom Smith,Corporate,Central,Furniture,Chairs,2108.72,2,0,-391.26
ORD-15025,22-06-2022,27-06-2022,David Brown,Home Office,South,Furniture,Chairs,1014.17,1,0.1,-247.61
ORD-16593,13-04-2024,18-04-2024,Nina Clark,Home Office,West,Office Supplies,Binders,349.06,5,0.3,22.43
ORD-12185,18-01-2024,19-01-2024,Kevin Rodriguez,Consumer,South,Office Supplies,Binders,492.15,5,0,197.11
ORD-17026,01-10-2023,02-10-2023,David Garcia,Consumer,South,Furniture,Chairs,920.32,2,0.1,-177.78
ORD-19221,24-07-2022,25-07-2022,,Home Office,WEST,Office Supplies,Paper,62.99,1,0.5,-8.43
ORD-15470,01-03-2024,05-03-2024,Wei Lewis,Consumer,Central,Technology,Machines,6775.52,4,0,772.95
ORD-14879,14-08-2022,19-08-2022,Fatima Johnson,Home Office,East,Furniture,Chairs,685.18,2,0.15,-4.16
ORD-11070,10-04-2024,12-04-2024,Mohammed Patel,Consumer,West,Office Supplies,Binders,303.09,2,0.2,93.83
ORD-11555,25-08-2022,26-08-2022,Fatima Wilson,Consumer,South,Technology,Machines,1099.78,2,0.15,439.31
ORD-16595,13-06-2024,14-06-2024,Kevin Rodriguez,Consumer,Central,Office Supplies,Labels,91.38,1,0,28.98
ORD-14692,08-12-2024,10-12-2024,Kevin Wilson,Consumer,Central,Technology,Accessories,561.15,5,0.1,199.41
ORD-12976,22-11-2022,26-11-2022,Nina Johnson,Home Office,East,Furniture,Furnishings,2067.38,2,0,89.53
ORD-17559,19-09-2024,,Grace Garcia,Consumer,South,Office Supplies,Envelopes,322.16,5,0.1,23.92
ORD-12769,12-03-2022,14-03-2022,Anna Lee,Consumer,East,Office Supplies,Paper,236.14,2,0.3,-22.82
ORD-14063,05-10-2024,06-10-2024,Linda Patel,Corporate,East,Furniture,Chairs,4008.38,4,0.1,583.22
ORD-10502,24-11-2023,25-11-2023,Nina Patel,Consumer,East,Office Supplies,Art,15.04,1,0.4,-0.4
ORD-10756,03-12-2023,06-12-2023,Wei Chen,Home Office,West,Furniture,Furnishings,2988.95,5,0,1156.89
ORD-15724,05-05-2022,10-05-2022,Fatima Brown,Consumer,West,Office Supplies,Labels,155.52,1,0.15,11.73
ORD-15856,15-02-2023,17-02-2023,Maria Smith,Home Office,East,Office Supplies,Art,48.84,1,0,8.82
ORD-17093,08-11-2022,11-11-2022,Carlos Johnson,Corporate,Central,Office Supplies,Envelopes,102.19,1,0.15,25.4
ORD-12927,01-12-2024,05-12-2024,John Rodriguez,Consumer,East,Office Supplies,Paper,432.9,2,0.1,52.97
ORD-12242,14-02-2023,21-02-2023,Sara Davis,Consumer,East,Furniture,Tables,1903.42,2,0.15,37.7
ORD-10531,03-02-2024,04-02-2024,Maria Rodriguez,Home Office,Central,Office Supplies,Envelopes,189.96,1,0.2,5.59
ORD-12086,08-12-2024,12-12-2024,Wei Wilson,Home Office,East,Office Supplies,Envelopes,508.36,5,,20.91
ORD-17011,03-01-2024,06-01-2024,Grace Brown,Home Office,Central,Office Supplies,Art,23.93,1,0.2,1.85
ORD-13339,17-07-2023,22-07-2023,Wei Walker,Consumer,East,Technology,Machines,1439.53,2,0.15,-151
ORD-19612,18-01-2024,22-01-2024,Nina Wilson,Home Office,South,Furniture,Furnishings,203.61,1,0.15,-19.38
ORD-10509,24-02-2023,27-02-2023,Mohammed Clark,Home Office,Central,Office Supplies,Envelopes,198,5,0,62.72
ORD-17478,02-02-2024,05-02-2024,Priya Martinez,Home Office,Central,Furniture,Furnishings,647.58,2,0,99.2
ORD-17134,05-01-2023,06-01-2023,John Lee,Consumer, East ,Technology,Copiers,2594.23,2,0.1,292.85
ORD-18569,11-03-2024,15-03-2024,Kevin Johnson,Corporate,East,Technology,Phones,1923.79,2,0.4,-270.97
ORD-14548,01-08-2022,02-08-2022,Sara Patel,Consumer,West,Technology,Phones,1844.93,1,0.1,555.14
ORD-11059,18-02-2024,23-02-2024,John Martinez,Consumer,West,Office Supplies,Envelopes,40.74,4,0.3,1.9
ORD-18181,14-05-2024,18-05-2024,Tom Smith,Consumer,East,Furniture,Furnishings,3949.16,4,0.1,-634.08
ORD-17429,08-07-2022,11-07-2022,Wei Smith,Consumer,East,Technology,Accessories,1322.11,1,0.3,367.44
ORD-10962,21-05-2024,26-05-2024,Wei Patel,Consumer,Central,Technology,Phones,1793.71,1,0,-164.4
ORD-14250,15-12-2022,19-12-2022,Fatima Patel,Corporate, Central ,Office Supplies,Binders,29.9,1,0,6.67
ORD-17401,12-09-2022,17-09-2022,Fatima Wilson,Consumer,East,Furniture,Tables,1912.45,2,0.15,672.65
ORD-15775,21-11-2024,24-11-2024,John Brown,Corporate,EAST,Office Supplies,Art,170.78,6,0.2,0.44
ORD-12064,02-05-2022,07-05-2022,Kevin Brown,Consumer,South,Office Supplies,Labels,856.12,4,0,58.18
ORD-18961,01-12-2022,03-12-2022,Wei Johnson,Home Office,Central,Technology,Phones,1010.65,1,0.3,-132.27
ORD-10625,25-03-2022,29-03-2022,,Consumer,West,Office Supplies,Art,1011.85,6,0.1,186.06
ORD-16943,01-11-2022,04-11-2022,Linda Davis,Home Office,South,Office Supplies,Binders,72.67,1,0,18.38
ORD-16850,20-05-2024,21-05-2024,Anna Patel,Home Office,South,Office Supplies,Binders,540,3,0.1,27.11
ORD-14923,20-12-2023,25-12-2023,Tom Wilson,Corporate,South,Furniture,Chairs,670.27,2,0.2,-4.41
ORD-14151,04-08-2023,08-08-2023,Maria Smith,Corporate,West,Furniture,Chairs,4523.34,6,0,840.08
ORD-11564,07-05-2022,08-05-2022,Maria Wilson,Corporate,Central,Office Supplies,Envelopes,7.96,1,0,1.41
ORD-18480,21-12-2022,23-12-2022,Maria Johnson,Consumer,West,Technology,Copiers,532.09,1,0,166.53
ORD-18251,07-04-2023,09-04-2023,Fatima Davis,Corporate,East,Office Supplies,Binders,24.79,2,0.15,3.79
ORD-18844,11-11-2022,15-11-2022,Maria Chen,Home Office,West,Office Supplies,Binders,139.02,2,0,27.09
ORD-11115,20-07-2024,24-07-2024,Wei Lewis,Consumer,East,Technology,Phones,297.02,1,0.3,3.18
ORD-10621,07-10-2023,11-10-2023,Priya Patel,Home Office,West,Technology,Copiers,2126.25,3,0,668.24
ORD-16194,16-10-2022,17-10-2022,Nina Patel,Home Office,South,Technology,Machines,4923.75,3,0.1,694.29
ORD-16845,24-11-2024,25-11-2024,Mohammed Johnson,Corporate,East,Office Supplies,Art,96.74,1,0.15,8.94
ORD-12269,20-06-2024,24-06-2024,Kevin Garcia,Consumer,West,Office Supplies,Paper,86.88,2,0.4,-1.2
ORD-18680,24-07-2022,26-07-2022,Fatima Johnson,Corporate,West,Technology,Copiers,5166.2,4,0,468
ORD-19238,05-08-2022,09-08-2022,Nina Brown,Corporate,South,Office Supplies,Art,375.1,2,0,76.37
ORD-10712,03-12-2023,10-12-2023,Linda Lee,Home Office,East,Technology,Machines,4231.02,3,0,1237.12
ORD-13070,11-11-2022,13-11-2022,Linda Rodriguez,Corporate,South,Furniture,Tables,941.01,1,0.15,-216.57
ORD-10326,13-09-2023,16-09-2023,James Davis,Consumer,East,Office Supplies,Envelopes,47.38,1,0.1,5.36
ORD-12788,11-01-2023,12-01-2023,James Patel,Corporate,East,Office Supplies,Storage,60.61,1,0.1,5.77
ORD-13310,21-07-2022,25-07-2022,Sara Johnson,Corporate,South,Office Supplies,Binders,50.91,3,0,8.06
ORD-17464,18-12-2023,21-12-2023,Carlos Garcia,Home Office,South,Office Supplies,Art,333.72,3,0.15,50.84
ORD-14075,14-08-2024,18-08-2024,Maria Clark,Corporate,Central,Technology,Accessories,1789.57,1,0.15,-140.08
ORD-16210,07-05-2024,12-05-2024,Mohammed Garcia,Corporate,West,Office Supplies,Art,740.38,4,0.1,130.42
ORD-14609,08-04-2022,09-04-2022,Anna Clark,Consumer,South,Office Supplies,Art,183.82,1,0.1,7.15
ORD-14414,17-02-2022,19-02-2022,,Consumer,East,Office Supplies,Envelopes,157.48,1,0.1,34.02
ORD-18140,19-02-2022,20-02-2022,Anna Davis,Consumer,East,Office Supplies,Storage,310.44,2,0.3,69.41
ORD-12820,21-11-2023,23-11-2023,James Chen,Consumer,East,Office Supplies,Art,32.31,3,0,3.54
ORD-13322,08-10-2023,09-10-2023,Wei Khan,Corporate,East,Office Supplies,Binders,102.6,1,0.15,30.2
ORD-16921,12-12-2024,15-12-2024,Fatima Garcia,Corporate,EAST,Furniture,Chairs,388.8,1,0.1,105.37
ORD-12711,08-02-2024,13-02-2024,James Smith,Corporate,East,Technology,Machines,585.66,2,0.2,202.51
ORD-12732,10-04-2022,11-04-2022,Priya Wilson,Consumer,Central,Office Supplies,Storage,125.14,1,0.1,35.71
ORD-10172,23-09-2022,26-09-2022,Nina Davis,Home Office,East,Office Supplies,Art,702,4,0,130.94
ORD-15718,01-03-2024,05-03-2024,Kevin Rodriguez,Home Office,Central,Office Supplies,Art,607.85,3,0.1,67.64
ORD-10865,20-07-2024,22-07-2024,Nina Johnson,Corporate,East,Furniture,Bookcases,682.2,4,0,310.81
ORD-16862,04-08-2024,07-08-2024,David Walker,Corporate,East,Office Supplies,Storage,133.36,1,0.4,-5.94
ORD-13257,21-09-2024,22-09-2024,Fatima Wilson,Corporate,South,Furniture,Tables,2148.48,6,0.2,172.29
ORD-13214,09-12-2024,11-12-2024,David Khan,Corporate,West,Technology,Phones,4156.29,2,0.1,-451.12
ORD-18519,03-09-2022,10-09-2022,John Garcia,Consumer, Central ,Technology,Phones,779.36,2,0.15,196.13
ORD-12558,16-06-2022,19-06-2022,James Brown,Corporate,east,Furniture,Bookcases,2138.38,3,0.15,-374.83
ORD-15058,01-07-2022,02-07-2022,Carlos Chen,Consumer,West,Office Supplies,Art,161.82,3,0,29.93
ORD-11759,20-11-2024,23-11-2024,John Lee,Consumer,West,Technology,Machines,124.58,2,0,26.48
ORD-11549,21-10-2024,24-10-2024,Kevin Brown,Consumer,South,Office Supplies,Paper,198.48,5,0.4,1.91
ORD-13549,05-08-2024,08-08-2024,Fatima Young,Consumer,East,Office Supplies,Art,61.81,1,0.15,10.46
ORD-11208,14-09-2023,16-09-2023,Mohammed Davis,Corporate,West,Office Supplies,Art,120.55,1,0,19.41
ORD-13399,13-11-2022,16-11-2022,James Johnson,Consumer,Central,Office Supplies,Binders,380,5,0,41.05
ORD-11139,21-06-2024,22-06-2024,Carlos Davis,Consumer,South,Office Supplies,Storage,210.75,2,0.15,84.33
ORD-18963,11-12-2023,12-12-2023,Anna Rodriguez,Corporate,West,Furniture,Tables,585.4,1,0.3,-116.59
ORD-15798,05-07-2022,09-07-2022,Tom Walker,Home Office,West,Office Supplies,Envelopes,276.46,2,0.3,4.8
ORD-16239,20-06-2023,24-06-2023,Wei Brown,Consumer,East,Furniture,Chairs,1695.88,3,0.3,-640.69
ORD-17762,05-06-2022,07-06-2022,Mohammed Wilson,Consumer,Central,Office Supplies,Art,138.21,3,0.15,47.1
ORD-13040,10-05-2022,11-05-2022,Anna Lee,Consumer,West,Office Supplies,Envelopes,51.13,1,0.1,4.66
ORD-18928,22-08-2024,27-08-2024,John Young,Consumer,South,Technology,Machines,300.73,1,0.1,54.2
ORD-17278,10-03-2024,12-03-2024,Mohammed Smith,Consumer,Central,Office Supplies,Paper,70.18,1,0,9.14
ORD-13999,19-10-2023,20-10-2023,Fatima Lee,Home Office,Central,Office Supplies,Envelopes,200.73,1,0.1,32.42
ORD-16499,07-12-2024,08-12-2024,Anna Khan,Corporate,West,Technology,Accessories,1420.84,1,0.15,-53.32
ORD-16567,22-02-2024,26-02-2024,Kevin Johnson,Consumer,West,Office Supplies,Binders,440.55,2,0.1,76.81
ORD-17549,18-01-2024,19-01-2024,Linda Wilson,Home Office,East,Furniture,Tables,2051.15,4,0.15,-921.71
ORD-10191,04-11-2023,06-11-2023,Maria Walker,Consumer,East,Technology,Phones,822.78,1,0.2,160.05
ORD-17215,02-09-2023,04-09-2023,Wei Johnson,Consumer,East,Furniture,Chairs,613.24,2,0,207.97
ORD-17370,27-01-2024,28-01-2024,Tom Wilson,Home Office,East,Technology,Copiers,1772.9,2,0.15,393.11
ORD-17308,07-09-2022,11-09-2022,Mohammed Clark,Consumer,Central,Office Supplies,Paper,142.72,4,0,45.62
ORD-10439,19-10-2024,23-10-2024,David Garcia,Consumer,South,Office Supplies,Binders,221.24,1,0,49.22
ORD-16173,20-05-2024,23-05-2024,Carlos Lewis,Consumer,East,Technology,Accessories,2348.31,1,0,-322.93
ORD-13265,19-04-2022,20-04-2022,John Young,Home Office,East,Technology,Accessories,4910.23,3,0.15,856.93
ORD-10664,26-07-2024,27-07-2024,David Johnson,Consumer,West,Office Supplies,Art,267.07,2,0.1,20.81
ORD-11424,27-06-2022,30-06-2022,Priya Brown,Corporate,East,Technology,Accessories,1110.65,1,0.2,220.73
ORD-13168,22-11-2022,25-11-2022,Kevin Young,Corporate,West,Office Supplies,Art,287.96,3,0.4,-63.59
ORD-18909,15-02-2023,18-02-2023,Fatima Martinez,Consumer,East,Furniture,Chairs,5526.5,5,0,502.21
ORD-15867,05-04-2024,06-04-2024,Nina Rodriguez,Consumer,Central,Technology,Accessories,1141.95,1,0,149.51
ORD-16348,23-07-2022,28-07-2022,Maria Wilson,Consumer,Central,Furniture,Bookcases,613.2,3,0.1,63.34
ORD-11114,26-11-2023,30-11-2023,Anna Rodriguez,Consumer,West,Office Supplies,Art,176.65,1,0.1,28.73
ORD-18534,23-05-2024,25-05-2024,Sara Chen,Corporate,East,Technology,Machines,644.4,1,0,176.54
ORD-12316,12-09-2022,13-09-2022,James Garcia,Consumer,east,Office Supplies,Envelopes,7.32,1,0.5,-0.08
ORD-13709,09-11-2024,10-11-2024,James Chen,Consumer,Central,Office Supplies,Labels,218.74,2,0,60.39
ORD-10473,23-07-2022,24-07-2022,James Patel,Consumer,West,Office Supplies,Storage,153.02,4,0.2,16.63
ORD-18549,12-06-2022,14-06-2022,Maria Walker,Consumer,South,Office Supplies,Storage,169.74,3,0,20.18
ORD-10495,13-05-2023,18-05-2023,Carlos Young,Consumer,South,Furniture,Furnishings,281.88,2,0,27.85
ORD-12130,03-03-2023,07-03-2023,Tom Khan,Consumer,West,Technology,Accessories,2152.4,1,0.1,-6.37
ORD-10706,23-11-2022,28-11-2022,Tom Lee,Consumer,Central,Office Supplies,Storage,103.35,3,0.15,0.6
ORD-14896,10-08-2023,12-08-2023,Grace Smith,Corporate,East,Technology,Machines,1711.58,1,0.1,96.84
ORD-15695,01-05-2024,04-05-2024,Fatima Walker,Consumer,East,Furniture,Bookcases,1209.43,2,0.3,-126.58
ORD-17760,06-10-2023,09-10-2023,Tom Davis,Corporate,West,Office Supplies,Storage,275.28,2,0,50.79
ORD-17111,19-12-2023,23-12-2023,Linda Rodriguez,Consumer,South,Office Supplies,Binders,44.42,2,0,8.3
ORD-14015,16-03-2022,19-03-2022,Anna Martinez,Corporate,West,Technology,Machines,2280.73,1,0,200.44
ORD-16501,17-03-2024,21-03-2024,John Davis,Consumer,West,Furniture,Bookcases,1359.2,2,0.4,9.43
ORD-16962,16-04-2024,19-04-2024,Grace Brown,Consumer,East,Furniture,Furnishings,1426.24,2,0,-319.18
ORD-19562,11-01-2022,16-01-2022,,Consumer,Central,Office Supplies,Storage,227.39,2,0.2,2.53
ORD-19013,25-01-2024,27-01-2024,Tom Smith,Home Office,East,Furniture,Furnishings,1957.38,2,0.15,641.21
ORD-18888,09-08-2022,14-08-2022,Carlos Rodriguez,Consumer,South,Office Supplies,Paper,583.39,3,0.2,-20.53
ORD-14956,09-06-2024,10-06-2024,James Young,Consumer,East,Office Supplies,Labels,328.32,2,0.1,-32.78
ORD-11188,18-09-2022,22-09-2022,Grace Khan,Corporate,South,Office Supplies,Labels,695.21,4,0.3,75.15
ORD-13406,05-08-2024,08-08-2024,Sara Lee,Home Office,Central,Office Supplies,Labels,713.03,6,0.15,187.07
ORD-18634,14-07-2023,18-07-2023,James Smith,Corporate,West,Office Supplies,Paper,51.55,1,0,11.41
ORD-19478,13-11-2023,16-11-2023,John Patel,Home Office,East,Technology,Accessories,5173.34,3,0.1,-64.18
ORD-18096,27-11-2022,28-11-2022,Grace Brown,Corporate,South,Office Supplies,Binders,473.64,3,0,77.87
ORD-11474,15-01-2023,17-01-2023,Anna Lewis,Corporate,East,Office Supplies,Paper,117.82,4,0.2,6.47
ORD-17127,21-10-2023,24-10-2023,Anna Garcia,Corporate,Central,Technology,Copiers,2533.23,6,0.5,-149.48
ORD-11457,11-11-2024,13-11-2024,Linda Khan,Consumer,East,Technology,Machines,3782.32,3,0.4,476.39
ORD-14936,01-10-2022,03-10-2022,Fatima Garcia,Consumer,West,Technology,Copiers,230.47,3,0.1,16.72
ORD-10251,21-09-2024,22-09-2024,Mohammed Clark,Consumer,South,Office Supplies,Binders,305.37,2,0.1,40.56
ORD-13125,18-03-2024,23-03-2024,Priya Martinez,Home Office,East,Office Supplies,Storage,154.57,1,0.3,10.93
ORD-11437,08-06-2024,09-06-2024,Maria Johnson,Corporate,East,Office Supplies,Envelopes,599.32,5,0.2,20.9
ORD-10332,21-05-2024,25-05-2024,Mohammed Brown,Consumer,WEST,Office Supplies,Binders,383.01,3,0,20.3
ORD-18460,23-10-2022,26-10-2022,Grace Walker,Consumer,West,Office Supplies,Art,618.78,3,0,257.32
ORD-16289,18-03-2023,19-03-2023,Maria Wilson,Consumer,South,Office Supplies,Art,52.91,1,0,19.39
ORD-14968,13-09-2023,17-09-2023,Priya Davis,Corporate,West,Technology,Machines,1163.01,1,0,361.12
ORD-19020,13-12-2024,15-12-2024,Anna Martinez,Consumer,South,Office Supplies,Art,288.51,2,0.15,33.6
ORD-11737,20-03-2022,24-03-2022,Sara Wilson,Corporate, East ,Office Supplies,Binders,366.77,4,0.3,22.26
ORD-10059,14-11-2024,18-11-2024,David Johnson,Consumer,Central,Office Supplies,Envelopes,186.41,2,0.3,36.91
ORD-16062,24-02-2022,01-03-2022,Grace Clark,Consumer,West,Office Supplies,Paper,463.27,3,0.2,29.91
ORD-14555,13-09-2024,16-09-2024,Carlos Johnson,Corporate,Central,Office Supplies,Binders,160.52,4,0,44.12
ORD-18188,19-10-2024,22-10-2024,Sara Khan,Corporate,West,Furniture,Bookcases,4229.81,6,0.2,-1857.98
ORD-18827,18-05-2022,25-05-2022,Anna Davis,Home Office,East,Office Supplies,Art,64.72,1,0.4,-0.62
ORD-11651,11-08-2022,12-08-2022,Kevin Wilson,Corporate,West,Technology,Copiers,114.8,1,0,4.23
ORD-14047,09-09-2023,13-09-2023,Priya Lewis,Consumer,West,Office Supplies,Paper,296.64,4,0.1,53.01
ORD-19688,03-02-2022,08-02-2022,Anna Walker,Corporate,West,Technology,Accessories,966.41,1,0,318.36
ORD-12690,12-04-2024,17-04-2024,Kevin Garcia,Corporate,West,Technology,Copiers,2483.94,2,0.2,206.06
ORD-12195,03-04-2024,07-04-2024,,Consumer,South,Office Supplies,Art,373.74,2,0.15,70.67
ORD-12663,20-05-2023,24-05-2023,Maria Brown,Consumer,West,Technology,Accessories,1566.25,2,0.4,-197.81
ORD-18717,03-08-2023,06-08-2023,Grace Patel,Consumer,south,Technology,Machines,1744.07,1,0.1,538.12
ORD-19611,25-07-2024,26-07-2024,David Young,Consumer,West,Furniture,Furnishings,1034.68,4,0.1,35.28
ORD-12698,12-10-2022,15-10-2022,Fatima Khan,Consumer,South,Office Supplies,Binders,417.94,2,0.1,65.26
ORD-13674,25-09-2023,29-09-2023,Carlos Clark,Corporate,West,Technology,Copiers,3089.02,3,0.5,-540.7
ORD-18244,17-08-2023,19-08-2023,Wei Clark,Corporate,West,Technology,Phones,1237.26,1,0,332.92
ORD-17920,24-03-2024,31-03-2024,Nina Wilson,Consumer,Central,Furniture,Bookcases,3745.44,6,0.15,-1595.27
ORD-18370,26-02-2023,03-03-2023,Maria Rodriguez,Corporate,East,Technology,Machines,1903.65,1,0,443.65
ORD-13564,18-12-2022,23-12-2022,Kevin Lewis,Home Office,Central,Office Supplies,Art,18.16,1,0.2,-0.88
ORD-17737,24-07-2023,28-07-2023,John Walker,Consumer,CENTRAL,Furniture,Chairs,338.42,1,0.1,62.25
ORD-14232,17-06-2024,19-06-2024,Carlos Smith,Corporate,Central,Furniture,Chairs,946.21,1,0,108.49
ORD-16947,05-07-2022,10-07-2022,Maria Smith,Consumer,Central,Furniture,Furnishings,713.99,4,0.1,-170.05
ORD-17796,18-03-2024,20-03-2024,Fatima Garcia,Consumer,Central,Office Supplies,Envelopes,399.26,3,0.2,50.65
ORD-17692,02-07-2022,06-07-2022,Kevin Chen,Corporate,Central,Office Supplies,Art,55.28,1,0.15,17.64
ORD-14053,12-12-2024,14-12-2024,James Johnson,Home Office,West,Office Supplies,Labels,84.95,1,0.15,22.42
ORD-12310,01-09-2023,04-09-2023,Sara Lee,Consumer,Central,Technology,Machines,1096.83,2,0.3,132.08
ORD-18323,14-09-2022,15-09-2022,Mohammed Martinez,Consumer, East ,Office Supplies,Envelopes,156.35,1,0.2,14.96
ORD-11766,17-12-2024,22-12-2024,Nina Rodriguez,Consumer,East,Technology,Machines,3660.62,2,0,763.3
ORD-18011,11-04-2023,13-04-2023,Linda Lee,Consumer,Central,Technology,Copiers,4115.72,2,0.15,304.96
ORD-10350,14-02-2022,16-02-2022,Nina Brown,Consumer,West,Technology,Accessories,77.67,3,0.15,-19.39
ORD-18920,07-07-2024,11-07-2024,Mohammed Brown,Corporate,East,Furniture,Tables,978.46,3,0.4,-620.43
ORD-14831,11-08-2023,15-08-2023,Sara Wilson,Consumer,Central,Office Supplies,Binders,154.92,1,0.2,3.47
ORD-14592,12-05-2023,13-05-2023,David Smith,Corporate,East,Furniture,Bookcases,802.86,1,0,42.3
ORD-17225,16-11-2022,21-11-2022,Kevin Lewis,Corporate,South,Office Supplies,Binders,192.05,1,0.15,59.63
ORD-12358,15-11-2024,16-11-2024,Priya Chen,Consumer,west,Office Supplies,Binders,324.32,3,0.3,-8.46
ORD-16466,14-05-2022,19-05-2022,Linda Garcia,Consumer,Central,Office Supplies,Art,113.99,1,0,25.65
ORD-17411,15-11-2024,18-11-2024,Anna Johnson,Consumer,East,Technology,Copiers,2126.76,2,0,257.72
ORD-11645,02-12-2023,03-12-2023,Anna Rodriguez,Corporate,West,Office Supplies,Storage,495.16,3,0.15,54.28
ORD-10442,27-05-2023,28-05-2023,Fatima Walker,Consumer,East,Technology,Copiers,5763.44,4,0,1951.23
ORD-13498,07-12-2022,09-12-2022,Grace Martinez,Home Office,South,Office Supplies,Storage,162.88,2,0,35.42
ORD-18405,07-10-2022,08-10-2022,James Johnson,Consumer,West,Office Supplies,Paper,164.32,2,0,50.14
ORD-14094,23-11-2022,26-11-2022,Carlos Wilson,Home Office,Central,Office Supplies,Binders,157.48,2,0,22.84
ORD-12432,02-04-2024,03-04-2024,Grace Clark,Consumer,West,Office Supplies,Storage,463.97,3,0.2,60.22
ORD-16731,04-01-2022,11-01-2022,David Martinez,Consumer,Central,Furniture,Tables,512.97,2,0.3,-21.32
ORD-16381,15-10-2024,17-10-2024,Carlos Clark,Corporate,Central,Office Supplies,Labels,105.74,1,0.5,2.62
ORD-19420,27-12-2023,03-01-2024,Anna Garcia,Consumer,East,Office Supplies,Art,255,3,0,36.84
ORD-11580,15-02-2024,19-02-2024,Fatima Lee,Consumer,Central,Office Supplies,Storage,541.9,5,0,160.09
ORD-18279,04-08-2024,07-08-2024,Fatima Brown,Consumer,East,Office Supplies,Envelopes,233.11,2,0.4,37.43
ORD-15100,19-12-2024,20-12-2024,Wei Rodriguez,Consumer,East,Office Supplies,Labels,473.94,2,0,146.07
ORD-18322,09-04-2022,11-04-2022,Mohammed Young,Corporate,Central,Office Supplies,Envelopes,857.4,4,0,198.4
ORD-12612,06-02-2022,07-02-2022,Wei Lewis,Home Office,West,Technology,Machines,873.55,1,0.1,70.26
ORD-11222,25-07-2022,26-07-2022,Priya Patel,Consumer,South,Technology,Copiers,6988.89,3,0,733.67
ORD-15072,02-02-2023,05-02-2023,Mohammed Patel,Consumer,East,Furniture,Tables,2547.61,3,0.1,-884.94
ORD-18842,19-09-2024,20-09-2024,Linda Martinez,Corporate,East,Furniture,Tables,1720.26,3,0.15,-498.93
ORD-18057,05-11-2022,06-11-2022,Tom Lewis,Consumer,West,Office Supplies,Paper,104.6,2,0.5,-17.81
ORD-19097,04-12-2023,11-12-2023,,Consumer,East,Office Supplies,Envelopes,826.88,5,0.3,50.04
ORD-12394,19-06-2022,21-06-2022,Fatima Young,Consumer,South,Office Supplies,Binders,183.67,1,,22.95
ORD-10715,09-07-2024,13-07-2024,Mohammed Davis,Consumer,West,Office Supplies,Labels,771.66,4,0.15,87.25
ORD-19439,06-07-2024,08-07-2024,Maria Wilson,Corporate,West,Office Supplies,Storage,142.97,2,0.5,0.03
ORD-15297,16-01-2024,17-01-2024,Kevin Wilson,Consumer,East,Office Supplies,Envelopes,113.62,3,0.2,10.76
ORD-11855,13-05-2022,18-05-2022,Fatima Martinez,Consumer,South,Office Supplies,Labels,145.49,2,0.2,20.8
ORD-16826,10-04-2024,13-04-2024,Wei Lewis,Corporate,West,Furniture,Chairs,400.79,2,0.1,-10.95
ORD-12029,11-02-2024,18-02-2024,David Davis,Consumer,Central,Office Supplies,Envelopes,312.04,2,0,74.12
ORD-15586,27-07-2024,29-07-2024,Priya Smith,Home Office,West,Office Supplies,Binders,21.85,1,0.15,3.09
ORD-15827,10-09-2024,15-09-2024,Carlos Rodriguez,Home Office,Central,Office Supplies,Binders,187.98,1,0.1,22.27
ORD-15429,02-04-2022,04-04-2022,Tom Lee,Consumer,East,Office Supplies,Envelopes,339.85,3,0.1,51.23
ORD-12633,13-10-2024,16-10-2024,Anna Khan,Corporate,Central,Technology,Copiers,2387.28,3,0.15,647.88
ORD-16242,06-12-2022,11-12-2022,John Davis,Home Office,East,Office Supplies,Binders,981.84,6,0,266.48
ORD-15826,22-09-2024,23-09-2024,Fatima Martinez,Corporate,South,Office Supplies,Storage,192.72,2,0.2,4.15
ORD-13846,23-10-2023,25-10-2023,Priya Smith,Corporate,West,Furniture,Bookcases,198.51,1,0.1,-30.47
ORD-11061,22-12-2022,26-12-2022,Anna Smith,Consumer,South,Office Supplies,Envelopes,191.98,2,0.15,-18.4
ORD-13083,18-01-2024,19-01-2024,John Chen,Consumer,West,Technology,Phones,2282.61,3,0,277.38
ORD-16456,19-06-2022,24-06-2022,Sara Wilson,Consumer,South,Office Supplies,Paper,188.92,3,0.3,44.93
ORD-17051,08-04-2022,10-04-2022,Wei Walker,Home Office,Central,Office Supplies,Art,204.36,2,0,16.75
ORD-15626,14-04-2024,16-04-2024,Anna Martinez,Consumer,West,Furniture,Tables,576.43,1,0,109.42
ORD-15382,20-01-2023,24-01-2023,Linda Rodriguez,Corporate,West,Furniture,Bookcases,2814.08,4,0.2,-864.73
ORD-15439,18-01-2023,20-01-2023,Sara Lee,Home Office,Central,Technology,Phones,1483.94,1,0.1,51.1
ORD-16248,08-08-2022,09-08-2022,Nina Lee,Consumer,Central,Technology,Machines,1969.58,1,0,881.24
ORD-12685,20-06-2024,21-06-2024,David Patel,Consumer,south,Technology,Accessories,1384.08,2,0,170.55
ORD-15451,18-02-2023,22-02-2023,Kevin Lewis,Corporate,West,Office Supplies,Storage,54.89,1,0,3.38
ORD-11005,01-09-2022,05-09-2022,David Clark,Corporate,West,Office Supplies,Envelopes,725.2,5,0,143.59
ORD-13692,09-08-2022,14-08-2022,Kevin Chen,Consumer,Central,Office Supplies,Binders,213.39,1,0,56.05
ORD-14105,22-12-2022,25-12-2022,John Lee,Consumer,East,Office Supplies,Envelopes,129.06,6,0.4,7.01
ORD-14174,03-12-2023,05-12-2023,Carlos Brown,Corporate,East,Technology,Machines,7371.81,5,0.4,238
ORD-18135,05-03-2022,06-03-2022,John Walker,Corporate,West,Furniture,Furnishings,1170.69,4,0.2,-54.84
ORD-16534,06-12-2023,10-12-2023,Wei Davis,Corporate,West,Office Supplies,Labels,247.05,3,0.1,33.62
ORD-14764,14-10-2024,15-10-2024,Sara Young,Home Office,Central,Technology,Machines,3594.98,2,0.1,-96.22
ORD-17439,12-04-2022,14-04-2022,David Davis,Corporate,East,Technology,Phones,429.13,1,0.2,36.58
ORD-15953,13-01-2024,15-01-2024,Priya Patel,Consumer,East,Office Supplies,Binders,529.92,5,0.2,-42.58
ORD-14504,10-07-2023,11-07-2023,John Wilson,Corporate,Central,Office Supplies,Art,523.5,3,0.1,131.13
ORD-17802,20-02-2023,24-02-2023,Maria Lewis,Consumer,East,Furniture,Chairs,334.11,1,0,-111.2
ORD-13165,10-12-2023,12-12-2023,Wei Khan,Consumer,South,Furniture,Chairs,1176.24,5,0.4,8.87
ORD-19756,04-08-2022,06-08-2022,Carlos Wilson,Corporate,East,Technology,Accessories,7886.04,6,0,1721.6
ORD-14426,17-04-2023,19-04-2023,Mohammed Clark,Consumer,West,Technology,Phones,8521.8,5,0,999.67
ORD-15714,24-10-2024,27-10-2024,Sara Martinez,Consumer,East,Office Supplies,Storage,177.14,1,0,27.2
ORD-12747,02-11-2023,09-11-2023,Kevin Chen,Corporate,East,Technology,Copiers,2907.9,2,0.4,-624.62
ORD-10665,16-10-2022,19-10-2022,Fatima Lee,Home Office,West,Office Supplies,Envelopes,367.81,2,0.15,32.12
ORD-11118,20-06-2022,21-06-2022,Linda Walker,Consumer,West,Technology,Machines,7439.4,4,0.15,82.6
ORD-11714,02-06-2024,03-06-2024,Maria Lewis,Consumer,West,Office Supplies,Envelopes,407.37,3,0,99.77
ORD-18334,12-12-2024,17-12-2024,Kevin Clark,Consumer,West,Furniture,Tables,1577.76,2,0.3,-44.63
ORD-14841,09-06-2023,11-06-2023,Grace Smith,Home Office,Central,Office Supplies,Paper,611.57,5,0.15,98.99
ORD-10747,05-06-2022,09-06-2022,David Patel,Consumer,East,Furniture,Chairs,1649.86,3,0.1,425.17
ORD-15828,17-12-2022,19-12-2022,John Rodriguez,Consumer,Central,Technology,Copiers,248.93,4,0.2,-45.95
ORD-18129,04-07-2024,06-07-2024,Kevin Brown,Corporate,Central,Technology,Copiers,170.36,3,0.5,-79.57
ORD-12969,26-02-2023,28-02-2023,Wei Brown,Home Office,East,Office Supplies,Art,798.23,5,0.15,128.32
ORD-14712,12-12-2024,14-12-2024,Maria Wilson,Consumer,East,Office Supplies,Art,670.22,3,0.1,84.35
ORD-10588,02-05-2024,04-05-2024,Wei Martinez,Consumer,Central,Office Supplies,Art,226.47,3,0,49.79
ORD-16498,15-03-2023,19-03-2023,Anna Brown,Consumer,West,Office Supplies,Art,460.7,2,0,122.71
ORD-19728,20-11-2022,24-11-2022,Tom Smith,Corporate,East,Office Supplies,Art,271.37,4,0.1,40
ORD-14891,18-12-2023,19-12-2023,Mohammed Garcia,Consumer,Central,Technology,Copiers,2729.25,4,0.2,-227.88
ORD-18383,26-07-2022,28-07-2022,Linda Lee,Home Office,South,Office Supplies,Storage,85.14,1,0,31.77
ORD-19666,11-11-2024,13-11-2024,Priya Patel,Home Office,Central,Office Supplies,Labels,143.6,1,0.4,-6.26
ORD-19083,02-12-2023,03-12-2023,Wei Walker,Home Office,East,Furniture,Furnishings,4309.78,6,0.2,217.44
ORD-19109,06-08-2023,10-08-2023,Priya Lewis,Consumer,West,Office Supplies,Art,28.16,1,0.4,-2.18
ORD-12177,03-12-2022,07-12-2022,Mohammed Garcia,Corporate,East,Furniture,Chairs,1094.21,1,0,10.08
ORD-16606,26-09-2024,27-09-2024,Carlos Smith,Corporate,Central,Technology,Phones,2032.01,4,0.15,315.6
ORD-16326,09-08-2023,16-08-2023,Anna Patel,Consumer,East,Furniture,Furnishings,720.11,1,0.1,-194.29
ORD-16657,03-03-2023,10-03-2023,Sara Khan,Consumer,Central,Office Supplies,Art,249.7,4,0.2,66.91
ORD-11838,06-11-2023,08-11-2023,Tom Khan,Consumer,West,Office Supplies,Paper,301.26,3,0,13.59
ORD-15271,07-11-2023,11-11-2023,Priya Garcia,Home Office,Central,Furniture,Bookcases,1032.56,1,0,-54.48
ORD-14607,05-03-2022,06-03-2022,David Clark,Corporate,East,Furniture,Bookcases,1358.4,2,0.2,56.22
ORD-19582,21-12-2024,26-12-2024,Mohammed Khan,Consumer,East,Office Supplies,Envelopes,127.03,3,0.1,34.04
ORD-15494,06-10-2023,13-10-2023,Priya Wilson,Corporate,South,Office Supplies,Labels,132.14,1,0.2,11.59
ORD-11768,26-11-2022,27-11-2022,John Lewis,Consumer,Central,Office Supplies,Envelopes,151.96,1,0.2,9.12
ORD-12024,10-11-2022,14-11-2022,Nina Garcia,Corporate,West,Technology,Copiers,2574.91,4,0.2,-240.99
ORD-18721,23-04-2024,25-04-2024,Priya Garcia,Corporate,South,Technology,Copiers,1414.57,1,0.1,28.06
ORD-10987,02-08-2023,03-08-2023,Nina Chen,Consumer,Central,Technology,Machines,1641.88,1,0.1,160.15
ORD-15537,26-10-2022,27-10-2022,John Rodriguez,Consumer,South,Furniture,Furnishings,1730.45,3,0.2,-511.37
ORD-13601,22-12-2022,24-12-2022,Carlos Khan,Consumer,West,Office Supplies,Paper,91.32,4,0,-0.94
ORD-10946,04-11-2024,05-11-2024,Grace Young,Consumer,East,Office Supplies,Binders,583.92,5,0.1,142.08
ORD-16853,26-09-2022,28-09-2022,Kevin Walker,Corporate,East,Technology,Copiers,710.58,1,0,-16.09
ORD-13152,20-07-2022,27-07-2022,Kevin Lee,Consumer,South,Technology,Phones,215.05,1,0.4,-34.79
ORD-18190,23-12-2024,24-12-2024,Nina Davis,Corporate,East,Technology,Copiers,7242.83,5,0.3,-281.25
ORD-10658,17-06-2023,22-06-2023,Priya Chen,Consumer,West,Technology,Phones,774.27,3,0,245.88
ORD-18841,25-08-2024,28-08-2024,Nina Patel,Consumer,West,Office Supplies,Envelopes,16,3,,2.07
ORD-16290,06-03-2022,07-03-2022,Sara Khan,Consumer,West,Technology,Phones,2128.81,2,0.5,-254.33
ORD-16924,13-02-2024,17-02-2024,Wei Young,Corporate,East,Technology,Phones,1146.83,1,0,100.78
ORD-11641,01-12-2024,02-12-2024,Kevin Khan,Corporate,West,Office Supplies,Binders,395.84,2,0.1,34.13
ORD-14597,01-11-2024,04-11-2024,David Rodriguez,Consumer,East,Office Supplies,Storage,13.5,3,0.4,0.71
ORD-17816,27-08-2024,29-08-2024,Kevin Young,Home Office,West,Office Supplies,Art,99.86,1,0.15,10.86
ORD-15177,07-07-2022,09-07-2022,Kevin Patel,Consumer,South,Furniture,Bookcases,131.64,3,0.2,-3.95
ORD-14009,08-11-2023,11-11-2023,Tom Khan,Consumer,West,Office Supplies,Paper,222.36,1,0,59.47
ORD-17010,24-01-2023,25-01-2023,Sara Martinez,Home Office,West,Furniture,Tables,115.72,2,0,-25.4
ORD-11072,22-05-2024,23-05-2024,David Lee,Consumer,West,Furniture,Furnishings,1428.04,2,0,165.3
ORD-16484,07-04-2022,09-04-2022,James Khan,Consumer,Central,Office Supplies,Storage,187.12,1,0.2,-11.33
ORD-11262,15-08-2023,20-08-2023,Anna Rodriguez,Consumer,East,Furniture,Furnishings,799.79,1,0.2,22.72
ORD-19534,13-09-2022,17-09-2022,Fatima Garcia,Home Office,West,Furniture,Furnishings,3784.08,6,0,-299.28
ORD-14076,17-10-2024,21-10-2024,Fatima Lewis,Consumer,East,Technology,Copiers,2137.36,3,0.3,45.65
ORD-18561,13-05-2024,18-05-2024,Wei Lewis,Home Office,West,Technology,Machines,1751.99,1,0,286.78
ORD-10470,22-05-2024,24-05-2024,David Johnson,Consumer,West,Office Supplies,Labels,33.69,1,0.15,2.74
ORD-11487,06-10-2024,07-10-2024,Anna Young,Home Office,West,Office Supplies,Storage,48.12,1,0.5,-5.27
ORD-14302,02-08-2022,05-08-2022,John Walker,Corporate,East,Furniture,Tables,191.62,2,0,1.44
ORD-14457,10-09-2024,11-09-2024,Fatima Young,Home Office,West,Office Supplies,Labels,69.68,1,0,9
ORD-12155,17-11-2022,18-11-2022,Priya Wilson,Consumer,East,Office Supplies,Envelopes,723.21,3,0,147.39
ORD-16649,19-10-2023,23-10-2023,Carlos Johnson,Consumer,West,Office Supplies,Labels,23.8,2,0,3.45
ORD-14479,24-05-2023,25-05-2023,David Khan,Corporate,West,Office Supplies,Binders,370.82,3,0.3,16.69
ORD-12772,10-07-2024,12-07-2024,Carlos Clark,Consumer,West,Office Supplies,Envelopes,442,5,0,92.49
ORD-15871,26-06-2022,28-06-2022,Nina Rodriguez,Consumer,West,Office Supplies,Binders,434.4,4,0,100.54
ORD-15038,16-09-2024,23-09-2024,John Rodriguez,Corporate,South,Furniture,Furnishings,1467.15,5,0,11.94
ORD-16485,24-12-2024,29-12-2024,Priya Wilson,Home Office,South,Technology,Machines,316.72,2,0,93.91
ORD-10976,11-08-2024,14-08-2024,Grace Clark,Consumer,East,Technology,Phones,320.41,2,0.4,-34.23
ORD-16164,02-11-2024,09-11-2024,Anna Walker,Consumer,West,Office Supplies,Binders,22.32,1,0.15,4.82
ORD-19661,20-06-2022,23-06-2022,,Corporate,East,Office Supplies,Envelopes,447.76,2,0,93.14
ORD-12790,18-08-2022,21-08-2022,Linda Martinez,Consumer,West,Furniture,Chairs,1012.84,1,0.1,85.89
ORD-16808,03-09-2023,05-09-2023,David Young,Corporate,East,Furniture,Furnishings,2745,6,0.4,-574.89
ORD-18409,25-08-2022,26-08-2022,Maria Clark,Consumer,West,Office Supplies,Labels,532.27,4,0.4,-23.26
ORD-13763,22-06-2022,26-06-2022,Grace Rodriguez,Home Office,West,Office Supplies,Storage,485.04,3,0.2,-2.22
ORD-18098,21-06-2024,24-06-2024,,Corporate,East,Office Supplies,Envelopes,589.48,3,0.15,54.51
ORD-17874,23-02-2023,02-03-2023,Priya Patel,Corporate,East,Technology,Copiers,511.62,1,0.15,-111.48
ORD-13323,22-11-2022,27-11-2022,David Walker,Consumer,West,Office Supplies,Paper,84.56,1,0.4,5.98
ORD-16219,06-08-2024,08-08-2024,Kevin Brown,Consumer,South,Technology,Machines,1213.34,1,0.3,-152.92
ORD-16457,13-07-2022,18-07-2022,Priya Lewis,Home Office,Central,Furniture,Bookcases,690.47,1,0.3,-69.78
ORD-17369,02-04-2024,05-04-2024,Nina Rodriguez,Consumer,West,Office Supplies,Labels,149.94,3,0,49.22
ORD-10915,08-11-2024,10-11-2024,Carlos Clark,Consumer,West,Furniture,Bookcases,476.38,4,0.2,26.66
ORD-17251,09-11-2023,10-11-2023,Sara Smith,Home Office,East,Office Supplies,Art,67.52,3,0.15,14.07
ORD-10990,19-03-2023,21-03-2023,Anna Johnson,Corporate,South,Office Supplies,Binders,144.01,1,0.15,-10.09
ORD-18250,10-09-2024,13-09-2024,Grace Clark,Consumer,West,Office Supplies,Labels,285.4,4,0.15,52.18
ORD-18508,16-10-2023,18-10-2023,James Martinez,Consumer,West,Office Supplies,Art,120.22,1,0.3,4.35
ORD-11535,17-09-2024,20-09-2024,Grace Smith,Home Office,South,Technology,Phones,1892.43,1,0.15,342.09
ORD-15030,10-03-2024,15-03-2024,Kevin Lee,Home Office,East,Furniture,Tables,305.54,1,0.2,-75.1
ORD-14523,06-09-2022,11-09-2022,David Young,Consumer,East,Technology,Copiers,94.6,2,0.3,-1.71
ORD-14449,04-09-2023,07-09-2023,,Consumer,West,Office Supplies,Binders,278.62,2,0.4,10.59
ORD-19256,02-06-2022,04-06-2022,Kevin Chen,Corporate,East,Office Supplies,Envelopes,13.28,1,0.2,0.8
ORD-11189,03-12-2023,04-12-2023,Nina Garcia,Consumer,West,Office Supplies,Labels,1374.78,6,0,330.37
ORD-19047,15-07-2022,16-07-2022,Tom Smith,Home Office,East,Office Supplies,Labels,287.88,5,0.3,-38.1
ORD-10740,12-01-2022,16-01-2022,James Rodriguez,Corporate,West,Office Supplies,Binders,103.57,1,0,43.9
ORD-10129,22-08-2024,23-08-2024,David Johnson,Corporate,Central,Office Supplies,Paper,203.82,3,0,29.86
ORD-14327,26-05-2022,28-05-2022,Wei Martinez,Home Office,West,Furniture,Tables,1885.2,2,0.2,-449.27
ORD-16892,19-01-2022,21-01-2022,Grace Clark,Corporate,West,Technology,Accessories,675.4,1,0.1,39.01
ORD-19102,13-01-2022,14-01-2022,Sara Johnson,Consumer,East,Technology,Phones,1258.9,3,0.1,6.03
ORD-11409,05-11-2023,09-11-2023,Fatima Lewis,Consumer,South,Office Supplies,Art,507.36,3,0,129.6
ORD-13094,05-06-2022,08-06-2022,Kevin Walker,Consumer,East,Technology,Phones,3286.32,2,0.15,595.83
ORD-12724,14-10-2023,17-10-2023,Priya Clark,Corporate,South,Office Supplies,Labels,870.75,5,0,184.47
ORD-11386,10-11-2022,11-11-2022,Wei Brown,Home Office,West,Technology,Machines,2317.25,3,0.2,-198.47
ORD-15919,03-07-2023,04-07-2023,Sara Garcia,Consumer,West,Furniture,Furnishings,2518.25,3,0.15,-677.94
ORD-10045,05-07-2024,08-07-2024,Tom Wilson,Consumer,Central,Furniture,Furnishings,3002.7,3,0.15,344.96
ORD-12040,26-10-2024,27-10-2024,Priya Lewis,Consumer,Central,Technology,Machines,4511.58,3,0,519.89
ORD-16410,27-03-2022,29-03-2022,John Davis,Consumer,West,Office Supplies,Binders,90.92,1,0,7.93
ORD-17364,15-04-2024,16-04-2024,Tom Chen,Consumer,South,Technology,Machines,6330.77,4,0.15,2294.23
ORD-18532,05-06-2022,10-06-2022,Sara Rodriguez,Consumer,East,Furniture,Tables,518.67,3,0.5,-149.04
ORD-17198,20-01-2022,23-01-2022,Maria Patel,Corporate,South,Office Supplies,Labels,156.38,2,0.15,42.96
ORD-12867,03-06-2024,08-06-2024,Anna Smith,Consumer,East,Office Supplies,Storage,671.17,3,0.1,110.19
ORD-14100,26-06-2023,01-07-2023,Priya Lewis,Corporate,South,Technology,Phones,3005.82,3,0,-258.78
ORD-12897,07-04-2024,12-04-2024,Fatima Wilson,Consumer,east,Office Supplies,Art,62.44,1,0,21
ORD-16508,14-01-2024,15-01-2024,Maria Davis,Consumer,West,Technology,Copiers,1221.34,1,0.2,-86.53
ORD-13144,13-11-2024,18-11-2024,Nina Garcia,Corporate,South,Furniture,Tables,158.69,1,0,-19.59
ORD-19152,10-08-2024,11-08-2024,Tom Smith,Consumer,East,Furniture,Furnishings,765.03,4,0.15,155.57
ORD-19618,12-11-2023,16-11-2023,Fatima Martinez,Consumer,West,Technology,Phones,802.45,1,0.4,-63.98
ORD-18722,21-06-2022,23-06-2022,Grace Rodriguez,Corporate,East,Office Supplies,Labels,98.68,1,0,24.39
ORD-11017,17-04-2023,20-04-2023,,Consumer,West,Technology,Copiers,835.67,2,0.15,145.59
ORD-18694,05-03-2022,10-03-2022,Sara Walker,Consumer,South,Office Supplies,Envelopes,250.03,2,0.3,1.75
ORD-11845,08-07-2023,09-07-2023,Sara Young,Consumer,East,Office Supplies,Envelopes,638.04,3,0.1,277.11
ORD-13157,06-08-2024,07-08-2024,Kevin Lee,Corporate,South,Office Supplies,Binders,345.64,2,0,71.72
ORD-12379,27-11-2022,30-11-2022,Kevin Davis,Home Office,South,Office Supplies,Storage,679.28,4,0,144.3
ORD-10840,07-01-2022,10-01-2022,Anna Garcia,Consumer,East,Office Supplies,Envelopes,103.94,1,0.2,8.31
ORD-17305,11-07-2024,14-07-2024,Maria Garcia,Corporate,CENTRAL,Office Supplies,Paper,83.56,1,0.1,13.66
ORD-19023,26-06-2024,30-06-2024,Tom Walker,Corporate,East,Technology,Phones,89.31,1,0.3,5.08
ORD-18349,02-10-2022,07-10-2022,Sara Chen,Corporate,West,Office Supplies,Binders,176.1,1,0.1,7.15
ORD-17628,02-09-2023,09-09-2023,Kevin Lee,Corporate,South,Office Supplies,Labels,286.06,2,0,169.6
ORD-18845,21-08-2024,25-08-2024,Wei Davis,Consumer,East,Office Supplies,Labels,64.67,1,0,23.04
ORD-11849,27-04-2022,02-05-2022,Kevin Garcia,Corporate,West,Office Supplies,Art,574.74,4,0.15,87.94
ORD-13748,04-04-2022,05-04-2022,Mohammed Smith,Consumer,South,Furniture,Chairs,1674.97,5,0.15,413.35
ORD-14804,07-12-2022,08-12-2022,John Garcia,Consumer,Central,Technology,Accessories,3595.21,3,0.1,820.1
ORD-10336,09-01-2023,16-01-2023,Linda Patel,Corporate,East,Office Supplies,Binders,119.01,1,0,13.44
ORD-15014,26-03-2022,27-03-2022,Linda Clark,Corporate,West,Office Supplies,Paper,79.82,1,0.2,3.05
ORD-11282,16-11-2022,19-11-2022,David Wilson,Corporate,West,Furniture,Furnishings,971.33,1,0,148.38
ORD-19143,12-04-2024,14-04-2024,Linda Johnson,Consumer,East,Furniture,Furnishings,876.57,1,0.1,-82.56
ORD-11388,11-11-2024,15-11-2024,Fatima Smith,Consumer,East,Office Supplies,Paper,57.14,1,0.15,6.06
ORD-10192,02-10-2022,07-10-2022,Anna Johnson,Consumer,West,Furniture,Chairs,2414.27,4,0.2,-191.93
ORD-18154,06-05-2023,09-05-2023,James Wilson,Corporate,Central,Office Supplies,Binders,316.42,4,0.2,3.8
ORD-19598,04-03-2023,06-03-2023,Priya Wilson,Corporate,East,Technology,Accessories,375.6,2,0,32.48
ORD-16129,17-09-2022,20-09-2022,James Lee,Consumer,South,Office Supplies,Labels,453.78,2,0,43.23
ORD-19499,25-10-2023,27-10-2023,Nina Smith,Corporate,West,Office Supplies,Binders,85.92,1,0.5,-25.53
ORD-18146,14-08-2023,18-08-2023,David Lee,Consumer,West,Furniture,Chairs,1267.29,5,0.1,-553.3
ORD-12561,16-02-2024,20-02-2024,Maria Brown,Consumer,West,Technology,Accessories,3406.29,2,0.15,633.74
ORD-11051,01-04-2024,02-04-2024,Mohammed Khan,Consumer,Central,Technology,Accessories,7470.75,5,0,2396.1
ORD-10536,13-11-2023,17-11-2023,Maria Martinez,Corporate, East ,Technology,Copiers,2212.56,4,0,741.39
ORD-17130,10-10-2023,14-10-2023,Maria Young,Home Office,East,Office Supplies,Art,165.75,1,0.1,30.63
ORD-10785,15-09-2023,19-09-2023,Anna Smith,Consumer,West,Office Supplies,Storage,185.58,3,0.3,23.2
ORD-14165,24-10-2023,26-10-2023,Wei Martinez,Consumer,West,Office Supplies,Binders,489.38,3,0.1,89.06
ORD-10188,01-11-2024,03-11-2024,John Chen,Corporate,Central,Office Supplies,Storage,12.7,1,0.2,2.35
ORD-14421,05-02-2024,08-02-2024,James Walker,Consumer,Central,Office Supplies,Labels,216.94,1,0,46.01
ORD-19064,27-09-2024,28-09-2024,Maria Davis,Home Office,East,Technology,Machines,1528.83,3,0,194.5
ORD-12522,07-04-2023,12-04-2023,Grace Martinez,Consumer,East,Furniture,Tables,507.4,1,0,-21.84
ORD-17167,17-04-2023,20-04-2023,Linda Walker,Consumer,East,Office Supplies,Labels,466.25,3,0.2,31.86
ORD-12733,10-06-2023,14-06-2023,Mohammed Johnson,Corporate,Central,Office Supplies,Labels,247.25,1,0,36.49
ORD-15159,04-11-2024,07-11-2024,Sara Lewis,Consumer,South,Technology,Copiers,1513.24,1,0.3,264.84
ORD-12638,22-12-2023,26-12-2023,Carlos Lewis,Corporate,West,Technology,Machines,2908.99,2,0.15,73.55
ORD-14160,07-11-2024,12-11-2024,Carlos Smith,Consumer,West,Furniture,Bookcases,1394.46,2,0.15,-1.92
ORD-10660,05-06-2024,06-06-2024,Maria Davis,Home Office,Central,Furniture,Furnishings,788.54,1,0,7.4
ORD-16424,14-01-2024,21-01-2024,,Consumer,South,Technology,Accessories,6755.48,4,0,1043.79
ORD-16735,24-08-2023,29-08-2023,Carlos Patel,Corporate,West,Office Supplies,Binders,98.4,5,0.4,-1.56
ORD-18206,14-02-2024,16-02-2024,John Lee,Corporate,East,Technology,Copiers,1396.3,1,0.3,233.02
ORD-18243,14-02-2024,18-02-2024,Maria Davis,Consumer,East,Office Supplies,Labels,306.43,2,0.1,51.6
ORD-18981,23-07-2022,28-07-2022,David Clark,Corporate,East,Office Supplies,Binders,161.15,1,0.3,4.57
ORD-16112,16-05-2023,17-05-2023,Carlos Rodriguez,Consumer,East,Office Supplies,Binders,245.31,5,0.15,44.97
ORD-18834,19-01-2023,21-01-2023,Mohammed Rodriguez,Consumer,West,Technology,Accessories,1107.14,1,0.4,-319.33
ORD-17784,12-05-2024,15-05-2024,John Clark,Consumer,West,Technology,Copiers,1677.68,2,0.15,229.28
ORD-18260,18-06-2024,21-06-2024,Mohammed Young,Home Office,South,Furniture,Tables,1155.06,3,0.3,-152.01
ORD-11790,25-11-2022,28-11-2022,John Young,Consumer,East,Technology,Phones,223.49,2,0.4,5.99
ORD-12158,12-11-2024,15-11-2024,Linda Lee,Corporate,West,Technology,Copiers,1169.96,5,0.2,-90.77
ORD-16058,25-11-2024,26-11-2024,Maria Clark,Consumer,South,Office Supplies,Labels,133.86,2,0,24.32
ORD-15636,19-09-2024,23-09-2024,Fatima Patel,Consumer,South,Furniture,Furnishings,399.63,1,0,-112.15
ORD-19520,20-10-2024,23-10-2024,Nina Young,Home Office,East,Office Supplies,Paper,144.51,3,0.15,12.62
ORD-13653,08-05-2022,09-05-2022,Fatima Garcia,Consumer,Central,Technology,Phones,143.44,1,0,21.18
ORD-10860,18-08-2023,19-08-2023,Grace Smith,Consumer,East,Furniture,Tables,639.01,2,0.2,209.58
ORD-14721,22-09-2023,24-09-2023,Fatima Chen,Consumer,South,Office Supplies,Envelopes,103.9,1,0,35.51
ORD-18290,10-11-2023,12-11-2023,Carlos Brown,Corporate,East,Technology,Machines,1811.52,3,0,272.84
ORD-18272,05-11-2023,10-11-2023,Wei Garcia,Consumer,East,Office Supplies,Paper,105.46,1,0,31.72
ORD-18710,06-11-2022,08-11-2022,John Young,Consumer,South,Office Supplies,Binders,80.3,2,0.4,-5.5
ORD-18684,22-04-2022,27-04-2022,Nina Johnson,Home Office,Central,Technology,Copiers,2254.9,4,0.3,148.43
ORD-17174,27-11-2024,30-11-2024,Carlos Lewis,Consumer,East,Furniture,Chairs,3594.24,3,0,-375.76
ORD-13893,23-02-2024,28-02-2024,Sara Davis,Consumer,East,Office Supplies,Binders,175.92,4,0.4,-18.84
ORD-15853,12-08-2022,16-08-2022,James Martinez,Consumer,South,Furniture,Bookcases,92.29,2,0.15,11.34
ORD-17833,13-10-2024,17-10-2024,Nina Chen,Corporate,West,Office Supplies,Storage,146.66,4,0.1,26.79
ORD-18700,06-04-2023,08-04-2023,Wei Chen,Consumer,West,Technology,Accessories,6976.53,4,0.15,1382
ORD-15839,11-12-2024,15-12-2024,Linda Johnson,Corporate,South,Office Supplies,Envelopes,73.16,4,0,28.82
ORD-17924,11-11-2022,13-11-2022,John Chen,Corporate,East,Office Supplies,Binders,60.45,1,0.4,-0.51
ORD-10423,05-06-2022,08-06-2022,Anna Clark,Corporate,East,Office Supplies,Envelopes,56.61,1,0.3,3.43
ORD-10427,10-12-2022,11-12-2022,Maria Young,Consumer,East,Office Supplies,Envelopes,37.14,1,0.5,-0.88
ORD-16912,16-05-2022,19-05-2022,Grace Khan,Consumer,East,Furniture,Chairs,1451.06,2,0,-40.13
ORD-13455,22-08-2023,24-08-2023,John Young,Consumer,South,Furniture,Bookcases,2957.9,3,0.1,-260.13
ORD-19448,19-06-2022,24-06-2022,Grace Martinez,Corporate,Central,Furniture,Furnishings,3404.64,3,0,38.39
ORD-10203,12-12-2022,19-12-2022,Fatima Wilson,Consumer,South,Furniture,Furnishings,1877.54,2,0.1,38.34
ORD-10389,11-06-2022,15-06-2022,Sara Davis,Consumer,Central,Technology,Copiers,2486,1,0,510.15
ORD-10616,20-10-2022,23-10-2022,Priya Young,Consumer,South,Technology,Machines,4735.12,2,0,1329.9
ORD-13354,09-03-2023,,Sara Clark,Corporate,East,Technology,Copiers,59.99,1,0,11.77
ORD-14572,12-08-2022,14-08-2022,Maria Lewis,Consumer,South,Office Supplies,Paper,227.96,2,0,25.28
ORD-10028,13-08-2022,14-08-2022,Kevin Chen,Corporate,East,Furniture,Furnishings,2658.32,4,0.15,-654.46
ORD-10372,16-07-2024,18-07-2024,Sara Khan,Consumer,East,Furniture,Furnishings,278.44,1,0,114.85
ORD-16287,22-06-2024,24-06-2024,Mohammed Smith,Home Office,West,Furniture,Furnishings,184.98,2,0,-46.19
ORD-11738,27-06-2022,28-06-2022,Priya Davis,Home Office,Central,Furniture,Chairs,392.72,1,0.1,-34.25
ORD-17076,08-12-2023,09-12-2023,Sara Chen,Consumer,West,Office Supplies,Paper,109.54,2,0.3,4.39
ORD-16565,26-04-2023,28-04-2023,Wei Smith,Consumer,West,Technology,Phones,2395.17,1,0,221.36
ORD-15743,09-05-2022,10-05-2022,David Walker,Consumer,South,Office Supplies,Storage,40.87,1,0.3,-0.08
ORD-18977,16-07-2023,19-07-2023,Kevin Lewis,Home Office,Central,Technology,Copiers,2141.62,2,0.1,1089.89
ORD-13817,25-01-2022,26-01-2022,Sara Davis,Consumer,West,Office Supplies,Paper,715.56,6,0.5,-28.49
ORD-12448,02-05-2023,07-05-2023,Tom Brown,Consumer,South,Furniture,Tables,668.38,2,0,184.2
ORD-10318,16-01-2024,17-01-2024,Maria Davis,Consumer,West,Technology,Accessories,159.87,1,0.4,-30.62
ORD-13521,21-10-2023,25-10-2023,Fatima Walker,Consumer,East,Technology,Machines,2030.72,2,0.15,-58.24
ORD-17981,12-02-2022,16-02-2022,Sara Young,Home Office,East,Office Supplies,Paper,721.2,3,0,81.12
ORD-16918,18-06-2024,20-06-2024,Priya Young,Corporate,West,Furniture,Chairs,891.15,1,0,8.76
ORD-10004,12-11-2024,17-11-2024,Tom Garcia,Corporate,South,Technology,Copiers,1726.8,2,0.4,18.96
ORD-13473,05-02-2023,08-02-2023,Wei Chen,Consumer,Central,Technology,Phones,1648.78,1,0,288.39
ORD-15746,19-12-2022,22-12-2022,Mohammed Patel,Corporate,Central,Office Supplies,Storage,477.76,3,0.1,105.14
ORD-17533,06-12-2024,08-12-2024,Wei Lewis,Consumer,East,Office Supplies,Labels,272.48,6,0.4,40.41
ORD-15587,16-03-2024,18-03-2024,Sara Lewis,Corporate,West,Furniture,Chairs,2528.85,3,0.1,-292.91
ORD-14098,23-02-2022,28-02-2022,Kevin Lewis,Consumer,West,Office Supplies,Labels,292.01,2,0.15,43.68
ORD-11734,13-04-2022,20-04-2022,John Rodriguez,Corporate,East,Technology,Accessories,3922.15,5,0,647.22
ORD-13197,03-05-2024,06-05-2024,Priya Clark,Corporate,South,Office Supplies,Labels,25.2,2,0,6.59
ORD-12735,06-10-2024,13-10-2024,Sara Walker,Home Office,East,Furniture,Bookcases,1400.43,3,0,262.25
ORD-10634,19-08-2024,20-08-2024,Priya Wilson,Corporate,East,Technology,Machines,320.92,2,0.4,60
ORD-18774,03-02-2022,08-02-2022,James Smith,Corporate,East,Furniture,Tables,452.92,1,0,-103.37
ORD-17529,13-11-2022,14-11-2022,Linda Smith,Home Office,East,Office Supplies,Labels,221.98,1,0.1,57.46
ORD-10271,03-01-2024,04-01-2024,Tom Wilson,Consumer,West,Furniture,Tables,961.3,2,0,261.77
ORD-17835,23-10-2023,24-10-2023,Grace Rodriguez,Consumer,Central,Office Supplies,Storage,475.88,3,0.15,46.56
ORD-18873,26-05-2022,28-05-2022,Anna Brown,Corporate,West,Office Supplies,Art,97.7,1,0.3,13.19
ORD-11557,07-10-2024,08-10-2024,Carlos Walker,Corporate,Central,Furniture,Chairs,1873.5,3,0,587.66
ORD-11352,25-03-2023,27-03-2023,Wei Chen,Consumer,East,Office Supplies,Art,317.98,2,0.3,-13.21
ORD-13772,06-12-2022,07-12-2022,David Young,Corporate,East,Technology,Machines,4197.32,2,0,52.26
ORD-16509,17-09-2024,21-09-2024,Anna Walker,Consumer,Central,Furniture,Bookcases,1752.58,2,0.15,220
ORD-13115,07-05-2022,08-05-2022,Tom Chen,Consumer,South,Office Supplies,Paper,145.3,6,0.2,-9.74
ORD-11042,09-10-2022,11-10-2022,Grace Wilson,Consumer,East,Office Supplies,Storage,99.7,1,0.2,2.98
ORD-14549,06-12-2024,13-12-2024,Nina Clark,Consumer,South,Office Supplies,Binders,424.4,2,0,91.46
ORD-14010,24-11-2022,25-11-2022,Tom Chen,Consumer,South,Office Supplies,Labels,51.93,1,0,4.99
ORD-12407,20-11-2023,21-11-2023,Maria Khan,Corporate,South,Office Supplies,Binders,122.66,3,0.1,18.45
ORD-11616,14-03-2023,16-03-2023,Linda Rodriguez,Home Office,West,Office Supplies,Envelopes,241.84,2,0.3,7.58
ORD-11955,26-05-2024,30-05-2024,Mohammed Lee,Corporate,West,Technology,Machines,3944.12,4,0,2219.84
ORD-15722,02-07-2022,03-07-2022,Anna Walker,Consumer,Central,Technology,Copiers,496.08,1,0.1,133.91
ORD-14508,18-05-2023,20-05-2023,David Chen,Consumer,West,Office Supplies,Labels,612.72,3,0,75.38
ORD-14266,16-09-2023,18-09-2023,Nina Lee,Corporate,Central,Technology,Copiers,246.53,2,0.15,15.78
ORD-15045,11-10-2024,12-10-2024,Maria Martinez,Home Office,West,Technology,Copiers,5689.18,3,0.15,-581.52
ORD-16599,08-08-2022,09-08-2022,Wei Young,Consumer,West,Technology,Phones,154.97,1,0.4,24.27
ORD-14866,18-12-2023,20-12-2023,Carlos Smith,Corporate,West,Office Supplies,Labels,179.31,1,0,28.77
ORD-17768,27-02-2022,28-02-2022,Tom Rodriguez,Corporate,West,Office Supplies,Binders,37.17,1,0.3,2.06
ORD-12438,21-12-2022,22-12-2022,Tom Walker,Corporate,West,Office Supplies,Labels,364.24,2,0.2,23.65
ORD-12006,05-11-2024,07-11-2024,David Chen,Home Office,West,Office Supplies,Paper,146.72,1,0,17.07
ORD-10974,12-07-2022,16-07-2022,Grace Wilson,Corporate,South,Office Supplies,Binders,33.08,1,0.15,4.26
ORD-12713,05-12-2023,07-12-2023,David Patel,Home Office,Central,Office Supplies,Labels,515.25,3,0.15,103.31
ORD-11811,11-11-2022,13-11-2022,Carlos Wilson,Consumer,East,Office Supplies,Labels,516.71,4,0.1,-75.95
ORD-19513,21-03-2022,28-03-2022,Grace Smith,Consumer,East,Office Supplies,Storage,112.46,2,0,32.33
ORD-11647,19-11-2023,20-11-2023,Maria Rodriguez,Consumer,West,Furniture,Bookcases,694.36,4,0,-122.69
ORD-19531,19-12-2022,22-12-2022,Maria Patel,Corporate,West,Office Supplies,Binders,37,1,0,8.34
ORD-17297,14-12-2024,15-12-2024,Kevin Brown,Consumer,Central,Technology,Copiers,497.15,1,0,61.12
ORD-19397,23-03-2023,25-03-2023,Grace Patel,Corporate,Central,Furniture,Furnishings,860.14,2,0.2,-347.76
ORD-13337,16-06-2024,17-06-2024,Wei Smith,Corporate,East,Technology,Copiers,3519.55,5,0.15,-111.91
ORD-19555,26-08-2022,27-08-2022,Anna Khan,Home Office,South,Office Supplies,Binders,225.9,2,0.2,8.72
ORD-10629,09-10-2022,12-10-2022,John Johnson,Corporate,East,Technology,Phones,2436,3,0,737.12
ORD-18053,17-03-2023,19-03-2023,Maria Martinez,Corporate,West,Office Supplies,Binders,349.16,4,0.1,12.63
ORD-17722,25-02-2024,26-02-2024,Maria Wilson,Consumer,East,Office Supplies,Labels,161.57,4,0.1,36.96
ORD-19627,15-10-2022,20-10-2022,James Clark,Corporate,West,Office Supplies,Paper,209.31,1,0,54.32
ORD-12919,26-10-2023,27-10-2023,Linda Wilson,Home Office,West,Technology,Accessories,4555.68,4,0,680.91
ORD-13442,23-08-2024,24-08-2024,Anna Rodriguez,Consumer,West,Furniture,Tables,421.9,1,0,152.55
ORD-13355,01-08-2022,05-08-2022,Mohammed Lee,Consumer,Central,Furniture,Furnishings,951.3,1,0.2,-90.76
ORD-13038,18-05-2024,20-05-2024,John Clark,Corporate,East,Technology,Accessories,724.83,2,0.15,275
ORD-17079,04-11-2023,05-11-2023,,Consumer,East,Furniture,Bookcases,2234.28,2,0,341.62
ORD-19726,22-02-2023,24-02-2023,John Walker,Consumer,East,Office Supplies,Storage,8.26,2,0.4,0.95
ORD-19569,12-09-2023,15-09-2023,David Young,Consumer,Central,Furniture,Tables,678.83,3,0.1,136.58
ORD-10721,22-08-2024,24-08-2024,Grace Patel,Consumer,South,Technology,Phones,2585.02,4,,171.39
ORD-12756,26-08-2024,28-08-2024,Fatima Lee,Consumer,West,Technology,Copiers,273.49,1,0,18.65
ORD-17789,24-05-2024,29-05-2024,Kevin Chen,Corporate,south,Technology,Copiers,858.51,2,0.1,186.13
ORD-18365,17-05-2024,21-05-2024,Linda Davis,Consumer,East,Office Supplies,Paper,280.7,2,0,72.33
ORD-15120,08-11-2023,13-11-2023,Kevin Patel,Consumer,West,Office Supplies,Art,325.71,2,0.1,53.89
ORD-15779,01-01-2022,02-01-2022,David Young,Consumer,East,Furniture,Tables,341.47,2,0.3,-68.59
ORD-13398,12-03-2023,13-03-2023,Carlos Khan,Consumer,Central,Technology,Phones,7398.81,3,0,2096.82
ORD-16589,01-05-2024,03-05-2024,Nina Brown,Corporate,South,Office Supplies,Paper,106.83,1,0.2,16.71
ORD-18668,19-12-2022,21-12-2022,Sara Walker,Consumer, Central ,Office Supplies,Binders,83.9,1,0,36.25
ORD-10739,19-04-2024,22-04-2024,Sara Young,Corporate,West,Furniture,Chairs,1441.08,6,0,274.7
ORD-18014,21-08-2024,24-08-2024,Kevin Patel,Consumer,Central,Furniture,Chairs,491.27,1,0.3,140.62
ORD-11102,22-05-2023,23-05-2023,Wei Johnson,Consumer,South,Office Supplies,Envelopes,192.14,1,0.2,15.31
ORD-10729,13-09-2024,14-09-2024,Kevin Lewis,Home Office,East,Office Supplies,Storage,25.42,1,0.1,-0.89
ORD-13506,13-08-2024,20-08-2024,Kevin Young,Consumer,South,Office Supplies,Paper,470.98,4,0.4,-66.01
ORD-14797,18-01-2024,22-01-2024,James Smith,Consumer,East,Office Supplies,Binders,513.61,4,0.1,127.64
ORD-10921,03-09-2022,04-09-2022,Nina Chen,Consumer,West,Office Supplies,Storage,16.54,2,0.15,0.78
ORD-10968,14-05-2023,21-05-2023,Linda Young,Consumer,South,Technology,Phones,3234.92,3,0.4,308.19
ORD-10674,22-04-2023,24-04-2023,Sara Lewis,Consumer,Central,Office Supplies,Storage,103.49,1,0.4,-4.36
ORD-19599,11-09-2022,13-09-2022,David Clark,Consumer,West,Technology,Accessories,1240.18,1,0.15,-42.12
ORD-13717,16-08-2023,20-08-2023,Sara Garcia,Corporate,East,Furniture,Tables,2056.14,3,0,-49.07
ORD-19657,16-11-2024,23-11-2024,Tom Chen,Corporate,West,Office Supplies,Labels,415.24,5,0.2,56.05
ORD-10933,21-10-2023,23-10-2023,Kevin Lewis,Corporate,East,Office Supplies,Paper,6.54,1,0.15,0.22
ORD-14354,17-10-2022,18-10-2022,Grace Khan,Consumer,East,Office Supplies,Labels,212.25,1,0.15,-11.74
ORD-15283,07-12-2024,11-12-2024,Carlos Wilson,Consumer,Central,Technology,Machines,3903.12,2,0,1580.71
ORD-16458,16-02-2022,21-02-2022,Grace Chen,Consumer,East,Office Supplies,Labels,565.38,3,0,202.52
ORD-16000,27-06-2022,29-06-2022,Tom Martinez,Home Office,East,Furniture,Tables,340.76,1,0,142.97
ORD-17359,05-06-2022,09-06-2022,,Consumer,West,Office Supplies,Envelopes,22.07,1,0.15,0.6
ORD-19035,16-08-2022,18-08-2022,Nina Martinez,Consumer,Central,Office Supplies,Art,140.56,2,0,62.43
ORD-10441,09-01-2024,13-01-2024,Kevin Smith,Corporate,West,Office Supplies,Storage,263.43,3,0,71.24
ORD-14641,25-07-2024,27-07-2024,Anna Garcia,Corporate,Central,Technology,Accessories,1901.14,1,0.2,-21.42
ORD-18957,11-05-2024,13-05-2024,Anna Chen,Consumer,East,Office Supplies,Paper,219.78,1,0,49.7
ORD-14106,22-02-2024,23-02-2024,Fatima Smith,Consumer,Central,Office Supplies,Storage,235.01,1,0,53.45
ORD-11094,08-05-2022,09-05-2022,Sara Davis,Home Office,East,Technology,Copiers,1432.33,2,0.1,407.67
ORD-15411,18-04-2024,23-04-2024,Grace Smith,Corporate,East,Office Supplies,Envelopes,131.35,4,0.3,29.31
ORD-18246,27-06-2023,28-06-2023,David Young,Consumer,West,Office Supplies,Binders,441.86,4,0.2,39.42
ORD-13481,27-04-2024,02-05-2024,Fatima Lee,Corporate,West,Technology,Machines,4980.88,2,0,835.69
ORD-11614,11-09-2024,12-09-2024,Tom Lee,Corporate,Central,Office Supplies,Envelopes,132.93,5,0.1,42.66
ORD-18138,01-06-2023,02-06-2023,Sara Walker,Consumer,Central,Office Supplies,Envelopes,250.33,2,0.1,47.27
ORD-17438,19-09-2024,21-09-2024,Maria Khan,Corporate,East,Technology,Copiers,374.92,2,0.4,-58.47
ORD-10426,03-09-2023,04-09-2023,David Davis,Corporate,South,Technology,Copiers,1834.44,1,0.1,-123.79
ORD-14754,07-11-2022,10-11-2022,Carlos Garcia,Home Office,South,Furniture,Furnishings,113.44,1,0.3,-12.34
ORD-16531,11-12-2024,16-12-2024,Tom Chen,Consumer,East,Furniture,Furnishings,2835.39,3,0,3.9
ORD-11703,07-09-2022,09-09-2022,Fatima Martinez,Home Office,West,Technology,Phones,6634.62,6,0,557.32
ORD-15434,26-09-2024,29-09-2024,Tom Khan,Consumer,South,Office Supplies,Labels,189.91,1,0.15,29.77
ORD-13634,19-09-2022,24-09-2022,Wei Garcia,Home Office,East,Office Supplies,Storage,113.31,1,0.3,-6.46
ORD-16708,18-07-2022,22-07-2022,Kevin Wilson,Consumer,South,Office Supplies,Storage,224.9,2,0,32.43
ORD-17082,02-05-2024,06-05-2024,Mohammed Lewis,Consumer,West,Office Supplies,Binders,190.56,1,0.15,32.3
ORD-13952,22-12-2022,24-12-2022,Mohammed Patel,Corporate,Central,Office Supplies,Labels,264.82,2,0.1,32.21
ORD-12163,27-11-2022,30-11-2022,Carlos Wilson,Corporate,West,Technology,Accessories,1088.34,1,0.2,321.11
ORD-13290,15-02-2022,18-02-2022,Nina Chen,Corporate,West,Office Supplies,Envelopes,76.38,1,0,9.53
ORD-11326,13-06-2022,14-06-2022,Anna Smith,Corporate,East,Office Supplies,Labels,17.06,1,0.1,6.04
ORD-10307,24-03-2023,28-03-2023,Carlos Walker,Consumer,CENTRAL,Furniture,Furnishings,835.77,1,0.2,-131.22
ORD-19328,21-08-2023,25-08-2023,James Garcia,Consumer,West,Technology,Machines,864.83,1,0.4,-178.27
ORD-13945,10-09-2022,12-09-2022,Nina Davis,Consumer,East,Furniture,Tables,433.83,1,0.2,55.89
ORD-19191,23-06-2023,25-06-2023,Sara Lewis,Corporate,Central,Office Supplies,Paper,445.14,6,0,128.01
ORD-10463,09-12-2023,13-12-2023,Mohammed Davis,Consumer,East,Office Supplies,Envelopes,499.18,2,0,84.98
ORD-12983,16-12-2024,20-12-2024,Tom Garcia,Consumer,West,Furniture,Tables,3205.47,3,0,2.79
ORD-12311,04-12-2023,07-12-2023,Priya Wilson,Corporate,West,Technology,Copiers,1378.73,1,0.3,88.62
ORD-16506,21-09-2024,22-09-2024,Sara Davis,Consumer,East,Furniture,Bookcases,2003.72,5,0.1,116.07
ORD-10452,11-01-2024,13-01-2024,Mohammed Lewis,Home Office,East,Furniture,Furnishings,379.11,1,0.1,16.21
ORD-14101,01-08-2022,03-08-2022,Maria Walker,Consumer,West,Office Supplies,Art,593.91,3,0,121.12
ORD-13369,07-09-2022,11-09-2022,Carlos Davis,Consumer,East,Technology,Accessories,3098.07,2,0.1,42.64
ORD-12906,09-02-2024,11-02-2024,Anna Chen,Consumer,Central,Office Supplies,Binders,43.83,2,0.3,-2.78
ORD-12030,22-11-2022,25-11-2022,Grace Davis,Home Office,Central,Office Supplies,Envelopes,204.86,2,0.1,13.1
ORD-17353,21-03-2023,25-03-2023,James Brown,Consumer,East,Furniture,Tables,2867.85,3,0,603.63
ORD-16157,11-05-2023,12-05-2023,Grace Walker,Corporate,Central,Furniture,Tables,2927.09,4,0.1,-272.92
ORD-10939,13-07-2023,18-07-2023,Kevin Brown,Consumer,East,Office Supplies,Binders,312.08,5,0.15,67.22
ORD-10854,26-10-2022,27-10-2022,Mohammed Brown,Corporate,Central,Office Supplies,Storage,121.8,1,0.2,6.41
ORD-17150,03-04-2023,05-04-2023,John Brown,Corporate,East,Furniture,Tables,3205.25,5,0,-311.26
ORD-17863,05-02-2022,07-02-2022,Mohammed Martinez,Home Office,East,Office Supplies,Labels,199.42,1,0,37.54
ORD-15557,09-10-2024,11-10-2024,Nina Lewis,Corporate,East,Furniture,Tables,1546.15,3,0.4,-122.13
ORD-18175,16-04-2022,23-04-2022,Nina Lewis,Corporate,West,Office Supplies,Art,425.65,3,0.4,-22.48
ORD-19025,01-12-2023,03-12-2023,James Lewis,Home Office,Central,Office Supplies,Paper,348.25,3,0.1,54.49
ORD-15883,22-12-2023,24-12-2023,David Lee,Corporate,East,Office Supplies,Labels,503,4,0.15,72.47
ORD-13769,14-03-2024,19-03-2024,Anna Smith,Consumer,West,Office Supplies,Binders,6.88,1,0.3,0.35
ORD-17373,18-06-2024,20-06-2024,James Walker,Consumer,Central,Furniture,Bookcases,1783.28,3,0.5,-650.58
ORD-10139,25-01-2022,26-01-2022,Linda Walker,Corporate, East ,Furniture,Furnishings,735.46,2,0.1,-62.47
ORD-19217,23-04-2024,28-04-2024,Carlos Lee,Consumer,East,Office Supplies,Binders,71.24,1,0.2,4.64
ORD-13335,09-11-2024,12-11-2024,James Young,Home Office,Central,Technology,Phones,6649.18,3,0.1,624.66
ORD-18622,23-09-2022,25-09-2022,Fatima Khan,Home Office,EAST,Furniture,Bookcases,874.38,2,0,-136.46
ORD-17780,12-02-2024,14-02-2024,David Patel,Consumer,East,Technology,Copiers,5333.82,3,0.1,90.1
ORD-19762,27-12-2022,29-12-2022,Mohammed Wilson,Consumer,Central,Technology,Accessories,456.2,1,0.5,21.13
ORD-19273,05-12-2023,07-12-2023,Priya Walker,Home Office,South,Office Supplies,Art,498.12,2,0,36
ORD-15901,13-07-2022,16-07-2022,Linda Davis,Home Office,East,Furniture,Tables,1425.72,2,0.3,-580.08
ORD-17146,02-02-2024,04-02-2024,Fatima Patel,Corporate,East,Office Supplies,Binders,116.17,1,0,10.36
ORD-16715,23-03-2022,26-03-2022,David Chen,Corporate,East,Office Supplies,Envelopes,130.16,2,0,13.31
ORD-14759,24-06-2023,28-06-2023,David Chen,Consumer,West,Office Supplies,Envelopes,135.46,4,0.3,24.29
ORD-15657,19-12-2022,20-12-2022,Carlos Rodriguez,Consumer,East,Technology,Copiers,4261.97,6,0.2,963.5
ORD-14836,24-02-2024,,Anna Rodriguez,Consumer,East,Technology,Phones,4679.06,5,0.1,626.07
ORD-13357,21-12-2024,24-12-2024,Linda Davis,Consumer,South,Office Supplies,Labels,72,1,0.15,8.19
ORD-14898,13-10-2024,16-10-2024,Mohammed Martinez,Home Office, West ,Technology,Accessories,1286.4,1,0,270.75
ORD-12120,21-11-2023,26-11-2023,Mohammed Walker,Consumer,East,Office Supplies,Art,97.89,3,0,9.52
ORD-13961,17-02-2023,22-02-2023,Nina Chen,Consumer,Central,Office Supplies,Labels,664.06,4,0.1,40.99
ORD-18686,11-09-2024,14-09-2024,Sara Khan,Consumer,East,Office Supplies,Storage,186.48,1,0.15,47.77
ORD-16617,17-07-2022,18-07-2022,Kevin Davis,Consumer,East,Office Supplies,Art,158.1,1,0.2,2.51
ORD-10398,27-11-2022,02-12-2022,Kevin Johnson,Corporate,East,Furniture,Bookcases,1373.9,2,0.1,113.09
ORD-11984,26-05-2024,30-05-2024,Wei Davis,Consumer,West,Office Supplies,Storage,191.36,1,0.15,7.78
ORD-13738,02-06-2024,03-06-2024,Kevin Patel,Corporate,West,Office Supplies,Envelopes,80.09,1,0.4,-13.9
ORD-19368,06-04-2024,07-04-2024,Mohammed Chen,Consumer,West,Technology,Accessories,2686.34,2,0.1,2.82
ORD-13449,26-12-2022,30-12-2022,Grace Chen,Corporate,Central,Technology,Phones,6036.03,6,0.5,359.14
ORD-13816,18-12-2023,20-12-2023,Fatima Rodriguez,Consumer,East,Office Supplies,Paper,410.01,3,0,24.47
ORD-12962,25-11-2024,28-11-2024,Grace Martinez,Consumer,West,Furniture,Chairs,2356.92,5,0.4,-506.48
ORD-18030,12-09-2024,13-09-2024,Sara Clark,Consumer,East,Office Supplies,Envelopes,529.46,3,0.2,107.91
ORD-16444,12-05-2024,13-05-2024,Anna Brown,Home Office,East,Office Supplies,Envelopes,143.94,2,0.5,-16.21
ORD-10135,12-09-2022,16-09-2022,David Martinez,Consumer,Central,Office Supplies,Paper,177.42,2,0,43.03
ORD-11252,19-12-2022,22-12-2022,Wei Khan,Home Office, West ,Furniture,Bookcases,301.58,4,0.4,-117.67
ORD-16374,26-07-2022,28-07-2022,Grace Patel,Consumer,Central,Technology,Phones,309.59,1,0.1,48.84
ORD-10230,04-11-2022,05-11-2022,Linda Young,Corporate,Central,Furniture,Furnishings,3155.61,4,0.15,73.9
ORD-12741,26-12-2022,31-12-2022,Priya Walker,Home Office,East,Office Supplies,Storage,243.36,3,0.2,46.53
ORD-18638,01-11-2023,02-11-2023,Grace Lewis,Corporate,East,Furniture,Furnishings,1523.57,2,0.2,-141.33
ORD-16972,25-08-2022,29-08-2022,Priya Young,Corporate,West,Office Supplies,Art,764.46,6,0,222.48
ORD-15538,22-09-2024,26-09-2024,James Young,Corporate,South,Office Supplies,Envelopes,49.36,1,0.1,-1.38
ORD-16012,01-07-2022,04-07-2022,Mohammed Davis,Corporate,South,Technology,Accessories,1005.54,1,0,511.99
ORD-16795,14-01-2024,15-01-2024,Kevin Walker,Home Office,South,Furniture,Tables,3273.18,5,0.4,-1137.13
ORD-14431,25-08-2024,01-09-2024,Fatima Johnson,Home Office,West,Technology,Accessories,716.5,1,0.15,-108.6
ORD-15630,19-09-2023,21-09-2023,John Khan,Home Office,South,Technology,Accessories,1327.18,2,0,452.6
ORD-18457,20-04-2023,21-04-2023,Linda Khan,Corporate,Central,Office Supplies,Envelopes,922.63,5,0.15,59.85
ORD-19758,18-08-2022,19-08-2022,Kevin Walker,Consumer,South,Office Supplies,Binders,95.54,1,,-11.92
ORD-14714,22-11-2023,27-11-2023,Wei Martinez,Home Office,West,Office Supplies,Art,165.27,1,0,32.79
ORD-16632,19-08-2022,26-08-2022,David Young,Consumer,South,Office Supplies,Labels,66.25,2,0.15,24.42
ORD-11947,15-11-2023,20-11-2023,Kevin Patel,Consumer,Central,Technology,Accessories,2942.67,3,0.5,-407.21
ORD-12008,19-01-2023,20-01-2023,David Lee,Consumer,East,Furniture,Furnishings,1129.43,1,0,-175.36
ORD-14115,24-11-2023,25-11-2023,John Chen,Consumer,East,Office Supplies,Labels,28.17,1,0.1,-0.71
ORD-17361,24-01-2022,26-01-2022,Kevin Wilson,Consumer,South,Technology,Accessories,655.11,1,0.2,-78.72
ORD-17405,03-09-2024,10-09-2024,David Smith,Consumer,Central,Office Supplies,Binders,175.8,2,0,27.08
ORD-12015,15-08-2024,20-08-2024,Fatima Martinez,Consumer,East,Office Supplies,Envelopes,34.76,5,0.15,2.96
ORD-12855,25-01-2023,28-01-2023,Tom Walker,Consumer,East,Technology,Phones,2562.5,2,0.3,227.47
ORD-17714,24-11-2023,27-11-2023,David Clark,Home Office,Central,Office Supplies,Paper,59.15,2,0.4,-8.72
ORD-15788,07-12-2022,09-12-2022,Nina Davis,Consumer,Central,Furniture,Furnishings,984.3,1,0.15,-49.44
ORD-19056,26-06-2022,29-06-2022,David Chen,Consumer,Central,Office Supplies,Paper,128.31,3,0.3,3.94
ORD-10964,18-08-2022,20-08-2022,Maria Clark,Home Office,East,Office Supplies,Envelopes,697.2,4,0.15,228.26
ORD-17726,17-11-2022,22-11-2022,John Martinez,Home Office,West,Technology,Phones,1218.93,1,0,69.96
ORD-16462,11-09-2024,15-09-2024,Carlos Martinez,Consumer,West,Office Supplies,Binders,241.96,6,0.3,20.13
ORD-12842,16-05-2023,17-05-2023,Wei Brown,Corporate,West,Furniture,Tables,4299.64,4,0,404.54
ORD-17087,15-11-2023,16-11-2023,Priya Rodriguez,Consumer,West,Technology,Copiers,5256.09,3,0.1,876.58
ORD-18545,22-02-2022,23-02-2022,James Lewis,Home Office,Central,Office Supplies,Paper,132.71,2,0.5,-49.81
ORD-16496,27-08-2023,30-08-2023,Tom Wilson,Home Office,Central,Technology,Accessories,2105.23,3,,676.12
ORD-15782,21-02-2024,22-02-2024,Carlos Martinez,Consumer,Central,Office Supplies,Binders,117.69,2,0.15,14.35
ORD-11940,01-12-2023,04-12-2023,Linda Young,Home Office,East,Technology,Phones,801.61,1,0.15,421.79
ORD-14463,26-12-2023,28-12-2023,Mohammed Wilson,Consumer,Central,Technology,Machines,5390.4,4,0,325.75
ORD-10157,04-12-2024,06-12-2024,John Lee,Corporate,Central,Furniture,Tables,850.42,2,0.15,21.73
ORD-18652,17-12-2024,19-12-2024,Priya Lee,Consumer,Central,Office Supplies,Paper,437.3,3,0.3,45.79
ORD-17468,16-11-2024,19-11-2024,Tom Smith,Consumer,central,Technology,Machines,1302.13,2,0.2,123
ORD-16092,03-11-2022,05-11-2022,Nina Chen,Consumer, South ,Technology,Accessories,1387.58,1,0.1,-53.09
ORD-19124,07-06-2022,11-06-2022,Linda Walker,Home Office,East,Technology,Copiers,1429.25,1,0,-250.33
ORD-15615,19-08-2022,20-08-2022,Tom Davis,Consumer,West,Furniture,Tables,3165.88,4,,-59.47
ORD-17845,25-06-2022,29-06-2022,Mohammed Brown,Corporate,Central,Furniture,Tables,1632.38,2,0,-185.6
ORD-13993,02-03-2022,07-03-2022,Kevin Brown,Consumer,Central,Technology,Accessories,1010.2,5,0,130.75
ORD-10961,03-11-2023,04-11-2023,Maria Brown,Home Office,East,Furniture,Bookcases,906.9,1,0,164.74
ORD-12510,20-03-2024,22-03-2024,Wei Rodriguez,Corporate,Central,Office Supplies,Storage,20.15,1,0,8
ORD-17005,25-08-2024,27-08-2024,Wei Walker,Home Office,East,Office Supplies,Labels,39.62,1,0.2,0.24
ORD-12645,02-02-2024,03-02-2024,,Consumer,East,Furniture,Furnishings,465.4,1,0,77.96
ORD-11240,04-08-2023,05-08-2023,Sara Chen,Consumer,West,Office Supplies,Storage,63.99,3,0.1,12.77
ORD-18030,12-09-2024,13-09-2024,Sara Clark,Consumer,East,Office Supplies,Envelopes,529.46,3,0.2,107.91
ORD-13812,01-03-2023,08-03-2023,Wei Lee,Consumer,West,Office Supplies,Storage,397.92,3,0,105.87
ORD-19050,20-05-2024,23-05-2024,James Wilson,Consumer,West,Office Supplies,Labels,10.58,2,0.4,-0.49
ORD-13511,23-02-2022,24-02-2022,Kevin Clark,Consumer,Central,Technology,Accessories,2548.22,4,0.2,111.05
ORD-10979,10-07-2023,12-07-2023,Mohammed Rodriguez,Consumer,East,Office Supplies,Labels,378.18,2,0,41.27
ORD-17731,07-06-2023,10-06-2023,Maria Patel,Corporate,East,Furniture,Chairs,2232.96,2,0,732.19
ORD-11704,13-08-2024,15-08-2024,John Chen,Consumer,West,Technology,Accessories,2444.88,2,0,769.21
ORD-10728,23-03-2023,25-03-2023,Kevin Rodriguez,Consumer,West,Office Supplies,Storage,697.65,4,0.15,199.55
ORD-18465,21-08-2024,22-08-2024,Maria Walker,Consumer,East,Office Supplies,Labels,437.43,3,0.1,57.06
ORD-12614,04-12-2022,07-12-2022,Priya Clark,Consumer,West,Office Supplies,Paper,128.34,3,0,41.34
ORD-13112,24-09-2022,25-09-2022,Grace Smith,Home Office,East,Furniture,Furnishings,1983.7,2,0,-533.64
ORD-16406,06-09-2023,10-09-2023,John Rodriguez,Home Office,Central,Furniture,Furnishings,3077.32,4,0,-106.55
ORD-18173,10-04-2024,14-04-2024,Tom Johnson,Home Office,East,Office Supplies,Binders,64.06,1,0.15,18.54
ORD-18581,03-06-2024,06-06-2024,Tom Wilson,Consumer,East,Office Supplies,Storage,51.18,1,0.5,-3.19
ORD-12344,25-11-2022,02-12-2022,Sara Patel,Consumer,East,Technology,Copiers,677.41,1,0.2,230.09
ORD-16692,20-11-2024,21-11-2024,John Johnson,Consumer,West,Technology,Copiers,1841.32,2,0,567.29
ORD-15595,25-05-2024,28-05-2024,Wei Walker,Consumer,West,Technology,Copiers,1442.3,4,0.1,193.61
ORD-15709,17-08-2024,20-08-2024,Priya Walker,Corporate,South,Office Supplies,Labels,12.68,2,0,1.71
ORD-10868,17-05-2022,19-05-2022,Linda Lewis,Home Office,East,Office Supplies,Art,316.66,2,0,83.24
ORD-15335,03-08-2024,06-08-2024,Tom Smith,Consumer,Central,Office Supplies,Art,641.22,4,0.2,23.87
ORD-15221,26-08-2024,27-08-2024,Kevin Young,Consumer,Central,Technology,Accessories,2046.1,2,0.3,-77.48
ORD-19239,22-12-2022,26-12-2022,Priya Lee,Consumer,West,Technology,Machines,1476.87,1,0.15,215.28
ORD-18613,24-05-2022,29-05-2022,John Martinez,Consumer,West,Technology,Copiers,66.69,1,0.1,-7.86
ORD-17800,09-11-2024,12-11-2024,Grace Clark,Consumer,South,Furniture,Tables,576.05,1,0.2,-76.02
ORD-13612,08-11-2023,09-11-2023,Tom Clark,Home Office,West,Furniture,Tables,971.9,2,0,-98.13
ORD-11397,18-07-2022,19-07-2022,Carlos Wilson,Home Office,East,Office Supplies,Paper,500.97,3,,47.04
ORD-10005,13-12-2023,14-12-2023,Wei Smith,Consumer,Central,Technology,Copiers,1005.36,1,0,280.37
ORD-10953,04-08-2023,06-08-2023,Linda Martinez,Consumer,West,Furniture,Furnishings,960.64,1,0.1,301.85
ORD-11199,04-02-2023,07-02-2023,Grace Davis,Home Office,South,Office Supplies,Art,1265.27,6,0.1,131.21
ORD-18521,19-06-2024,23-06-2024,Anna Davis,Home Office,East,Technology,Accessories,2026.04,1,0.1,440.74
ORD-13986,17-04-2024,21-04-2024,Tom Lewis,Consumer,South,Technology,Phones,987.89,2,0.15,-70.75
ORD-19220,17-07-2024,20-07-2024,Wei Walker,Consumer,Central,Technology,Machines,3411.82,2,0.15,519.83
ORD-10504,16-11-2024,19-11-2024,Maria Khan,Consumer,Central,Office Supplies,Storage,262.2,3,0.1,36.75
ORD-10791,13-05-2024,15-05-2024,Anna Lee,Home Office,East,Furniture,Bookcases,3894.04,4,0,-138.01
ORD-19783,09-03-2022,12-03-2022,,Home Office,Central,Office Supplies,Envelopes,319.46,2,0.15,-12.11
ORD-16877,12-06-2022,13-06-2022,Sara Wilson,Consumer,West,Furniture,Tables,1758.8,5,,-206.7
ORD-15081,21-09-2024,22-09-2024,Linda Smith,Consumer,South,Office Supplies,Labels,116.3,1,0.3,-21.06
ORD-11515,19-12-2024,22-12-2024,John Johnson,Consumer,West,Furniture,Tables,867.75,1,0.1,-147.64
ORD-17601,15-03-2023,16-03-2023,Nina Davis,Consumer,South,Technology,Phones,1016.79,3,0.1,401.97
ORD-10085,22-08-2022,24-08-2022,Mohammed Brown,Home Office,Central,Office Supplies,Envelopes,107.29,2,0.5,-7.13
ORD-18728,25-02-2023,28-02-2023,Linda Smith,Consumer,East,Office Supplies,Labels,247.36,2,0.1,64.66
ORD-12703,16-06-2023,21-06-2023,John Young,Consumer,Central,Technology,Machines,1501.02,1,0.15,141.95
ORD-14164,04-04-2023,07-04-2023,Linda Martinez,Consumer,East,Technology,Copiers,1601.94,2,0.2,12.22
ORD-11430,04-01-2023,08-01-2023,Maria Young,Home Office,West,Office Supplies,Storage,27.28,1,0.15,3.43
ORD-15865,08-05-2022,11-05-2022,Kevin Rodriguez,Consumer,East,Office Supplies,Envelopes,407.7,6,0,167.91
ORD-17419,20-04-2024,22-04-2024,John Johnson,Consumer,West,Furniture,Tables,3127.52,4,0.3,-226.4
ORD-17628,02-09-2023,09-09-2023,Kevin Lee,Corporate,South,Office Supplies,Labels,286.06,2,0,169.6
ORD-12219,05-04-2024,06-04-2024,Priya Khan,Corporate,Central,Furniture,Furnishings,2135.66,3,0.2,153.88
ORD-16970,01-12-2023,04-12-2023,Maria Rodriguez,Corporate,Central,Technology,Accessories,1631.55,2,0.5,-520.57
ORD-17110,15-01-2024,17-01-2024,Wei Wilson,Consumer,Central,Office Supplies,Paper,145.41,1,0.2,20.7
ORD-13853,04-10-2022,06-10-2022,Maria Rodriguez,Corporate,South,Office Supplies,Paper,278.56,4,0.15,-1.68
ORD-19605,13-08-2023,15-08-2023,Nina Clark,Corporate,East,Office Supplies,Art,42.69,1,0,10.23
ORD-10508,02-11-2022,07-11-2022,,Home Office,East,Office Supplies,Paper,166.22,2,0,25.24
ORD-13505,26-12-2022,29-12-2022,Nina Brown,Home Office,West,Furniture,Tables,3763.66,4,0.1,-367.29
ORD-16537,07-12-2024,10-12-2024,Nina Martinez,Corporate,Central,Technology,Machines,124.9,1,0.4,-34.51
ORD-10457,20-05-2023,23-05-2023,Maria Wilson,Consumer,South,Office Supplies,Envelopes,195.22,1,0.2,24.25
ORD-17441,04-08-2022,08-08-2022,Tom Garcia,Home Office,South,Office Supplies,Binders,57.68,1,0.4,-0.04
ORD-12700,10-12-2024,17-12-2024,Sara Chen,Consumer,West,Technology,Copiers,2429.68,2,0,-136.21
ORD-12464,08-01-2023,10-01-2023,Wei Lewis,Consumer,Central,Technology,Phones,2931.19,2,0.3,-323.87
ORD-19648,27-04-2024,28-04-2024,Wei Smith,Corporate,East,Office Supplies,Labels,465.72,4,0,20
ORD-11749,13-05-2022,17-05-2022,Linda Rodriguez,Home Office,East,Office Supplies,Labels,373.71,2,0.15,50.58
ORD-12636,23-07-2024,26-07-2024,Grace Young,Home Office,Central,Office Supplies,Storage,157.34,1,0.2,22.35
ORD-15340,10-08-2024,12-08-2024,Anna Lee,Consumer,East,Furniture,Chairs,1979.62,2,0,-77.92
ORD-18568,21-01-2024,24-01-2024,Maria Wilson,Corporate,Central,Office Supplies,Binders,646.08,4,0,52.92
ORD-13522,02-11-2022,04-11-2022,Wei Clark,Corporate,East,Office Supplies,Binders,50.3,5,0,10.71
ORD-12381,18-06-2024,20-06-2024,Grace Patel,Consumer,Central,Technology,Accessories,128.14,3,0.15,26.18
ORD-19337,16-11-2022,17-11-2022,Sara Chen,Corporate,west,Office Supplies,Labels,494.47,3,0.3,13.89
ORD-18449,08-06-2023,12-06-2023,John Khan,Home Office,East,Office Supplies,Labels,300.77,4,0.4,0.5
ORD-14852,06-08-2023,07-08-2023,Linda Smith,Corporate, South ,Office Supplies,Art,191.84,1,0.1,54.09
ORD-15516,12-10-2024,19-10-2024,James Clark,Consumer,Central,Technology,Phones,466.86,1,0.2,133.2
ORD-10138,25-11-2023,27-11-2023,John Johnson,Corporate,East,Furniture,Furnishings,836.58,1,0.1,-185.49
ORD-18732,09-09-2022,11-09-2022,Nina Johnson,Consumer,Central,Office Supplies,Art,859.36,5,0.2,92.77
ORD-18528,23-12-2022,26-12-2022,Nina Young,Consumer,Central,Technology,Accessories,2209.52,3,0.1,42.85
ORD-16756,10-11-2022,13-11-2022,Kevin Patel,Consumer,WEST,Technology,Copiers,8192.4,6,0,1412.77
ORD-17323,21-05-2023,23-05-2023,Carlos Young,Corporate,West,Furniture,Furnishings,522.27,1,0.5,-97.19
ORD-15280,13-04-2024,15-04-2024,Maria Clark,Consumer,East,Office Supplies,Binders,18.23,3,0.1,6.33
ORD-14213,13-02-2024,14-02-2024,Priya Brown,Consumer,East,Technology,Phones,1287.42,2,0.4,33.26
ORD-13230,17-11-2023,19-11-2023,James Clark,Home Office,South,Technology,Accessories,12491.23,6,0.1,2655.05
ORD-15603,15-06-2022,19-06-2022,Fatima Young,Home Office,East,Office Supplies,Labels,298.13,2,0.4,23.8
ORD-19526,23-08-2023,28-08-2023,Tom Lewis,Home Office,South,Technology,Accessories,393.32,1,0.2,4.38
ORD-10683,06-04-2022,13-04-2022,Sara Clark,Corporate,Central,Office Supplies,Storage,60.62,1,0.15,1.73
ORD-10956,27-12-2024,01-01-2025,James Martinez,Consumer,East,Office Supplies,Art,627.3,3,0,81.54
ORD-19021,09-12-2024,10-12-2024,Priya Garcia,Consumer,Central,Furniture,Bookcases,1904.02,2,0.1,-346.3
ORD-17534,14-10-2023,16-10-2023,Tom Lewis,Home Office,South,Furniture,Furnishings,3794.36,4,0,541.56
ORD-14472,18-05-2023,23-05-2023,Fatima Young,Consumer,South,Furniture,Chairs,1796.92,4,0,402.89
ORD-10689,27-03-2023,30-03-2023,Fatima Clark,Consumer,East,Office Supplies,Storage,72.56,4,0.15,26.05
ORD-10369,13-10-2024,15-10-2024,James Clark,Consumer,East,Furniture,Chairs,182.84,1,0.1,-6.64
ORD-15212,25-10-2024,26-10-2024,Anna Smith,Home Office,West,Furniture,Tables,3182.56,5,0.2,-689.56
ORD-14361,08-09-2023,09-09-2023,James Khan,Consumer,East,Office Supplies,Paper,498.95,4,0.15,112.61
ORD-12687,11-05-2022,14-05-2022,Maria Lee,Corporate,Central,Office Supplies,Labels,85.93,2,0.3,14.94
ORD-11885,04-06-2022,07-06-2022,Linda Rodriguez,Consumer,South,Office Supplies,Labels,375.62,2,0.2,27.55
ORD-18997,18-03-2022,20-03-2022,Carlos Lee,Corporate,Central,Technology,Copiers,173.56,4,0,7.84
ORD-10078,02-07-2023,03-07-2023,Anna Chen,Consumer,Central,Office Supplies,Paper,78.19,4,0.1,14.31
ORD-12488,26-12-2024,29-12-2024,Mohammed Clark,Consumer,Central,Office Supplies,Labels,60.63,1,0.1,8.34
ORD-19022,03-03-2023,10-03-2023,Tom Garcia,Corporate,East,Furniture,Chairs,2237.94,3,0,390.29
ORD-18896,12-12-2022,15-12-2022,Maria Garcia,Home Office,West,Furniture,Bookcases,2803.2,5,0,25.42
ORD-14796,01-07-2024,06-07-2024,Kevin Garcia,Consumer,Central,Technology,Accessories,7054.84,4,0,962.52
ORD-15262,09-10-2022,11-10-2022,Grace Young,Corporate,West,Technology,Accessories,1279.2,2,0,114.58
ORD-14468,22-05-2024,24-05-2024,John Lewis,Home Office,West,Office Supplies,Storage,45.77,1,0.1,13.26
ORD-16701,09-12-2022,13-12-2022,Mohammed Martinez,Home Office,east,Office Supplies,Binders,129.54,1,0.2,10.53
ORD-10231,21-11-2023,22-11-2023,Linda Rodriguez,Home Office,West,Technology,Accessories,591.25,1,0.1,119.42
ORD-12550,27-02-2023,01-03-2023,John Lewis,Consumer,East,Office Supplies,Envelopes,101.09,1,0.1,22.29
ORD-16666,23-10-2022,28-10-2022,Carlos Clark,Consumer,West,Furniture,Chairs,714.91,1,0,-4.86
ORD-17164,08-11-2023,10-11-2023,Sara Patel,Corporate,Central,Technology,Phones,6499.08,3,0,1064.42
ORD-15767,24-01-2023,26-01-2023,Sara Patel,Consumer,South,Technology,Machines,4611.44,4,0,1109.78
ORD-19638,02-01-2024,04-01-2024,Maria Khan,Consumer,West,Office Supplies,Binders,215.08,2,0.4,28.94
ORD-17332,22-11-2022,23-11-2022,Grace Brown,Corporate,East,Technology,Phones,1621.32,1,0.1,-0.1
ORD-19051,19-11-2022,22-11-2022,Maria Lewis,Consumer,EAST,Technology,Phones,1464.31,1,0.1,-1.28
ORD-11305,08-07-2023,10-07-2023,Mohammed Patel,Consumer,Central,Office Supplies,Art,26.3,2,0,8.58
ORD-12451,15-09-2023,16-09-2023,David Martinez,Consumer,West,Furniture,Chairs,2443.81,4,0.2,595.96
ORD-13009,08-03-2023,15-03-2023,Anna Walker,Consumer,Central,Technology,Accessories,327.1,2,0.1,62.65
ORD-12190,03-04-2024,07-04-2024,Fatima Davis,Consumer,West,Office Supplies,Paper,485.6,5,0.1,74.45
ORD-18919,13-06-2023,16-06-2023,Linda Brown,Home Office,West,Office Supplies,Envelopes,121.5,1,0.1,25.08
ORD-17454,07-08-2022,12-08-2022,Wei Wilson,Consumer,Central,Office Supplies,Binders,187.31,1,0.15,32.41
ORD-16042,09-12-2023,14-12-2023,Carlos Brown,Corporate,West,Technology,Phones,9611.85,5,0,1032.82
ORD-18491,24-12-2024,26-12-2024,Grace Young,Corporate,East,Furniture,Furnishings,499.52,5,0.2,-10.65
ORD-15345,25-03-2023,27-03-2023,Priya Davis,Corporate,West,Technology,Copiers,712.38,2,0.2,-83.47
ORD-14665,05-11-2024,10-11-2024,Linda Rodriguez,Consumer,East,Technology,Accessories,800.86,2,0,141.82
ORD-13082,20-05-2024,21-05-2024,Sara Lewis,Corporate,East,Office Supplies,Envelopes,19,1,0.15,2.61
ORD-15643,05-06-2024,07-06-2024,David Young,Consumer,Central,Technology,Copiers,330.62,2,0.1,89.41
ORD-17041,21-03-2024,22-03-2024,Carlos Davis,Consumer,West,Office Supplies,Labels,344.86,2,0,74.31
ORD-10358,09-09-2024,10-09-2024,Tom Chen,Home Office,Central,Technology,Phones,1124.38,1,0.15,82.39
ORD-14185,26-05-2022,27-05-2022,David Wilson,Corporate,Central,Furniture,Tables,296.82,1,0,-38.69
ORD-13329,09-10-2023,11-10-2023,Mohammed Wilson,Consumer,Central,Office Supplies,Art,158.92,1,0.15,16.37
ORD-12419,08-08-2024,09-08-2024,John Chen,Consumer,East,Technology,Accessories,3283.76,4,0,1312.8
ORD-11341,23-07-2023,28-07-2023,Maria Walker,Consumer,South,Office Supplies,Envelopes,204.9,2,0.2,15.22
ORD-14279,07-12-2022,08-12-2022,Carlos Davis,Consumer,East,Technology,Phones,1223.67,2,0.3,-78.79
ORD-17598,04-06-2023,07-06-2023,Priya Patel,Home Office,South,Office Supplies,Art,33.3,1,0,7.89
ORD-14277,16-08-2024,18-08-2024,Fatima Martinez,Corporate,East,Technology,Accessories,613.9,2,0,16.22
ORD-14736,17-12-2024,24-12-2024,Grace Rodriguez,Consumer,Central,Office Supplies,Binders,107.94,1,0.15,13.96
ORD-10383,03-12-2022,07-12-2022,Priya Brown,Home Office,East,Office Supplies,Labels,230.94,1,0,56.92
ORD-16087,16-12-2024,20-12-2024,Anna Brown,Home Office,Central,Furniture,Bookcases,1397.05,3,0.3,-223.33
ORD-16578,25-06-2022,30-06-2022,James Brown,Consumer,West,Technology,Phones,2188.29,3,0,656.69
ORD-11789,22-05-2023,25-05-2023,David Khan,Home Office,East,Office Supplies,Envelopes,167.93,1,0.1,21.73
ORD-12168,21-05-2023,25-05-2023,Sara Clark,Corporate, Central ,Furniture,Bookcases,272.08,1,0.1,-88.38
ORD-14830,23-08-2023,24-08-2023,Maria Rodriguez,Consumer,West,Office Supplies,Binders,974.72,4,0,334.64
ORD-15768,13-10-2023,16-10-2023,Fatima Patel,Corporate,East,Office Supplies,Envelopes,101.2,2,0,25
ORD-18744,01-11-2024,02-11-2024,Mohammed Young,Home Office,Central,Furniture,Chairs,1313.42,2,0.15,-664.48
ORD-13801,18-08-2024,20-08-2024,James Khan,Home Office,West,Office Supplies,Envelopes,25.91,1,0,1.42
ORD-17318,03-03-2024,06-03-2024,Sara Chen,Consumer,East,Office Supplies,Labels,335.07,4,0.15,101.62
ORD-19518,02-04-2024,07-04-2024,David Young,Corporate,South,Technology,Accessories,4012.7,2,0.1,-444.23
ORD-14824,27-08-2024,01-09-2024,Grace Walker,Consumer,South,Office Supplies,Art,122.11,3,0.2,25.71
ORD-16360,10-04-2023,12-04-2023,Grace Patel,Consumer,East,Office Supplies,Binders,129.04,1,0.1,3.94
ORD-12593,10-11-2024,12-11-2024,Kevin Smith,Consumer,South,Office Supplies,Art,427.28,2,0,88.26
ORD-18291,21-10-2022,26-10-2022,,Corporate,South,Office Supplies,Storage,222.28,2,0.1,6.61
ORD-12348,23-08-2022,24-08-2022,Mohammed Lee,Corporate,West,Office Supplies,Art,32.52,2,0.15,4.16
ORD-11576,16-05-2023,19-05-2023,Priya Patel,Consumer,East,Office Supplies,Binders,233.14,2,0,65.1
ORD-17861,19-05-2022,23-05-2022,Fatima Wilson,Consumer,WEST,Technology,Accessories,1218.69,1,0.15,256
ORD-15633,10-04-2022,15-04-2022,Mohammed Clark,Consumer,East,Office Supplies,Binders,440.76,2,0,73.43
ORD-15689,01-08-2023,02-08-2023,Anna Davis,Consumer,East,Office Supplies,Art,170.6,1,0.3,1.95
ORD-17764,12-10-2022,15-10-2022,Wei Garcia,Consumer,East,Office Supplies,Storage,137.4,4,0.3,11.45
ORD-14245,15-11-2023,17-11-2023,Carlos Wilson,Consumer,South,Furniture,Bookcases,2692.08,4,0,-68.75
ORD-17655,12-06-2022,15-06-2022,Tom Lee,Consumer,Central,Technology,Phones,2113.47,1,0.15,56.72
ORD-16387,05-12-2022,06-12-2022,Carlos Garcia,Corporate,Central,Technology,Machines,1694.59,4,0.3,-79.43
ORD-10184,21-09-2023,22-09-2023,Wei Lee,Corporate,Central,Furniture,Chairs,457.82,1,0.3,-161
ORD-12668,01-12-2022,05-12-2022,Fatima Lewis,Consumer,West,Office Supplies,Labels,193.63,2,0.3,34.25
ORD-14541,04-10-2022,06-10-2022,Priya Martinez,Home Office,Central,Office Supplies,Storage,443.32,5,0.15,31.98
ORD-18236,27-01-2024,31-01-2024,Priya Rodriguez,Corporate,East,Office Supplies,Labels,159.45,1,0.15,11.99
ORD-15468,22-07-2022,24-07-2022,James Patel,Consumer,West,Office Supplies,Binders,138.45,1,0,27.13
ORD-11963,15-03-2022,22-03-2022,Mohammed Clark,Consumer,East,Furniture,Bookcases,1662.72,2,0.15,-302.74
ORD-17793,23-12-2023,26-12-2023,Anna Martinez,Consumer,West,Office Supplies,Labels,545.71,6,0.3,18.1
ORD-13929,18-12-2024,19-12-2024,Wei Johnson,Corporate,South,Office Supplies,Envelopes,204.64,4,0,53.89
ORD-14700,05-11-2024,09-11-2024,Wei Martinez,Consumer,South,Office Supplies,Storage,130.7,2,0,36.63
ORD-16380,01-07-2022,02-07-2022,Grace Lewis,Home Office,East,Technology,Machines,3930.86,2,0,315.76
ORD-11365,07-09-2024,14-09-2024,Sara Clark,Corporate,East,Office Supplies,Binders,212.78,2,0,47.65
ORD-14515,04-08-2024,07-08-2024,Sara Martinez,Corporate,West,Furniture,Tables,2884.86,3,0,354
ORD-12780,16-06-2023,18-06-2023,Anna Smith,Home Office,West,Office Supplies,Art,326.07,3,0,23.31
ORD-18716,25-11-2023,27-11-2023,Anna Lee,Consumer,East,Office Supplies,Art,347.49,3,0.1,16.26
ORD-10196,01-12-2022,06-12-2022,John Davis,Consumer,West,Office Supplies,Storage,79.6,1,0.1,21.57
ORD-16357,11-09-2024,14-09-2024,John Wilson,Home Office,East,Office Supplies,Art,78.09,1,0,16.12
ORD-10742,24-08-2022,25-08-2022,Fatima Smith,Consumer,South,Office Supplies,Paper,129.68,2,0,-2.81
ORD-14249,10-11-2023,,Anna Clark,Corporate,South,Technology,Accessories,6962.68,4,0,527.81
ORD-18745,04-12-2024,07-12-2024,Fatima Patel,Corporate,West,Furniture,Tables,1530.09,3,0.1,-151.73
ORD-17848,14-01-2022,15-01-2022,David Wilson,Consumer,West,Furniture,Tables,639.44,1,0.15,6.56
ORD-17140,10-05-2022,14-05-2022,Linda Chen,Consumer,West,Technology,Phones,3875.78,3,0.2,-359.1
ORD-16395,04-04-2024,05-04-2024,Wei Brown,Home Office,Central,Furniture,Chairs,612.22,1,0.2,-168.97
ORD-19731,03-06-2024,,Fatima Khan,Consumer,West,Office Supplies,Storage,352.66,5,0.15,99.3
ORD-18725,12-10-2024,14-10-2024,Tom Johnson,Home Office,East,Office Supplies,Paper,32.65,1,0,13.01
ORD-17948,07-12-2022,08-12-2022,Tom Young,Corporate,West,Office Supplies,Art,852.72,4,0,341.3
ORD-19184,03-02-2022,04-02-2022,Fatima Clark,Consumer,South,Office Supplies,Art,31.98,1,0.15,1.69
ORD-10955,14-06-2022,17-06-2022,,Corporate,South,Office Supplies,Labels,1284.23,6,0.1,243.46
ORD-15930,21-10-2022,28-10-2022,David Patel,Corporate,West,Office Supplies,Envelopes,97.74,2,0.1,9.32
ORD-15943,20-10-2023,21-10-2023,James Patel,Corporate,East,Office Supplies,Envelopes,326.16,2,0.3,62.82
ORD-17621,16-11-2023,20-11-2023,Wei Davis,Consumer,West,Office Supplies,Paper,90.13,1,0.15,19.45
ORD-13376,11-10-2023,12-10-2023,Mohammed Brown,Consumer,Central,Office Supplies,Labels,41.83,2,0.1,5.49
ORD-12254,25-03-2022,29-03-2022,Maria Smith,Consumer,Central,Office Supplies,Paper,325.02,2,0,44.07
ORD-13454,21-12-2022,25-12-2022,Anna Rodriguez,Consumer,West,Office Supplies,Art,70.2,1,0.2,-2.63
ORD-13387,18-11-2024,21-11-2024,Sara Lewis,Consumer,West,Office Supplies,Art,416.82,3,0,83.33
ORD-12376,06-12-2024,08-12-2024,Priya Patel,Consumer,West,Office Supplies,Labels,93.66,3,0.15,30.42
ORD-16675,21-03-2023,26-03-2023,Linda Khan,Consumer,Central,Technology,Copiers,936.51,1,0,43.88
ORD-16838,03-10-2023,04-10-2023,Grace Davis,Consumer,East,Office Supplies,Labels,5.85,1,0,1.5
ORD-18678,18-07-2022,20-07-2022,Carlos Walker,Home Office,West,Office Supplies,Storage,72.26,1,0.4,9.26
ORD-16335,19-04-2024,21-04-2024,Grace Davis,Consumer,East,Office Supplies,Binders,404.71,2,0.1,43.81
ORD-19754,08-09-2022,11-09-2022,Tom Rodriguez,Consumer,West,Office Supplies,Storage,699.27,3,0,39.32
ORD-16695,04-05-2022,05-05-2022,Tom Khan,Consumer,East,Office Supplies,Envelopes,41.98,4,0.1,9.16
ORD-19710,03-12-2024,10-12-2024,Sara Rodriguez,Consumer,West,Furniture,Bookcases,1103.34,2,0.2,45.46
ORD-14808,08-11-2022,15-11-2022,David Rodriguez,Consumer,Central,Furniture,Bookcases,575.55,2,0.1,165.55
ORD-15980,27-04-2022,29-04-2022,Nina Clark,Consumer,Central,Office Supplies,Paper,154.03,2,0.1,2.11
ORD-15542,07-02-2022,08-02-2022,Maria Chen,Corporate,Central,Office Supplies,Paper,398.69,4,0.2,-38.02
ORD-12031,17-07-2023,18-07-2023,Maria Young,Home Office,South,Office Supplies,Paper,554.53,4,0.2,134.88
ORD-16901,09-02-2023,14-02-2023,Kevin Chen,Corporate,Central,Office Supplies,Storage,110.2,1,0.2,13.98
ORD-18226,22-11-2024,23-11-2024,Nina Davis,Consumer,West,Office Supplies,Storage,247.28,1,0,77.54
ORD-11067,24-12-2022,25-12-2022,Grace Lee,Consumer,South,Office Supplies,Paper,793.88,4,0,177.41
ORD-16813,11-12-2024,14-12-2024,Kevin Smith,Corporate,South,Office Supplies,Labels,128.96,1,0,28.5
ORD-13873,03-05-2023,08-05-2023,Kevin Martinez,Corporate,East,Office Supplies,Art,187.19,3,0.1,-7.05
ORD-11265,09-06-2024,12-06-2024,Sara Brown,Corporate,Central,Furniture,Bookcases,2890.56,3,0,-504.43
ORD-13381,01-10-2023,06-10-2023,Mohammed Rodriguez,Consumer,South,Technology,Copiers,744.06,3,0,365.59
ORD-16140,24-05-2022,29-05-2022,Nina Lee,Corporate,Central,Technology,Copiers,158.16,2,0,-4.5
ORD-11678,19-01-2024,20-01-2024,John Lee,Home Office,East,Furniture,Furnishings,998.15,1,0,15.17
ORD-14240,01-11-2023,02-11-2023,Linda Patel,Corporate,South,Furniture,Chairs,1057.12,3,0.4,-397.13
ORD-12629,18-12-2024,21-12-2024,Fatima Martinez,Consumer,Central,Technology,Accessories,675.25,1,0.15,56.22
ORD-10760,14-08-2024,16-08-2024,Kevin Walker,Home Office,West,Office Supplies,Art,185.57,4,0.2,2.08
ORD-12461,10-12-2023,13-12-2023,Tom Khan,Consumer, East ,Technology,Accessories,956.12,1,0.1,372.02
ORD-18765,24-07-2023,28-07-2023,Tom Davis,Corporate,Central,Office Supplies,Binders,29.45,1,0,1.13
ORD-10978,04-02-2022,05-02-2022,Nina Garcia,Consumer,Central,Office Supplies,Paper,348.02,2,0,63.76
ORD-15996,14-10-2023,15-10-2023,Grace Davis,Corporate,East,Technology,Phones,1702.4,2,0.2,144.44
ORD-12443,26-05-2023,27-05-2023,Anna Walker,Home Office,Central,Office Supplies,Paper,522.42,3,0,86.92
ORD-18169,26-06-2023,28-06-2023,David Walker,Consumer,Central,Technology,Copiers,1266.95,1,0.15,-2.34
ORD-13904,02-09-2024,04-09-2024,John Chen,Consumer,East,Office Supplies,Paper,145.73,1,0.1,21.78
ORD-13457,18-11-2023,21-11-2023,Mohammed Davis,Consumer,West,Technology,Copiers,1462.02,1,0.1,268.25
ORD-13113,05-12-2023,09-12-2023,Linda Lee,Home Office,Central,Office Supplies,Art,355,2,0,90.5
ORD-17067,12-08-2023,13-08-2023,Maria Lewis,Home Office,West,Office Supplies,Art,95.33,1,0.3,-9.86
ORD-15274,23-08-2024,27-08-2024,Anna Clark,Consumer,East,Office Supplies,Art,242.04,4,0,69.55
ORD-14949,06-12-2024,09-12-2024,Anna Chen,Corporate,West,Technology,Copiers,862.15,1,0.3,-213.99
ORD-13052,09-11-2024,,Wei Smith,Consumer,South,Technology,Machines,3695.12,2,0.2,-637.88
ORD-11554,15-05-2023,20-05-2023,Maria Walker,Corporate,West,Office Supplies,Art,265.9,3,0.2,23.82
ORD-17856,16-12-2023,20-12-2023,James Clark,Consumer,South,Furniture,Chairs,186.6,1,0.15,19.65
ORD-11795,05-06-2024,08-06-2024,Nina Rodriguez,Consumer,West,Office Supplies,Art,7.17,1,0.15,0.57
ORD-17767,20-05-2024,24-05-2024,Mohammed Davis,Consumer,Central,Office Supplies,Envelopes,6.99,1,0,0.85
ORD-15109,09-04-2024,12-04-2024,David Lee,Home Office,Central,Office Supplies,Storage,330.62,6,0.3,25.16
ORD-15162,23-10-2023,24-10-2023,Nina Chen,Consumer,West,Technology,Copiers,3829.68,6,0,330.78
ORD-16911,11-10-2024,14-10-2024,Grace Wilson,Corporate,Central,Technology,Phones,309.02,1,0.1,-36.66
ORD-17029,11-01-2024,14-01-2024,Nina Young,Consumer,West,Office Supplies,Art,103.3,1,0.1,34.39
ORD-15084,09-05-2023,16-05-2023,James Johnson,Home Office,East,Furniture,Tables,2363.23,6,0.2,60.18
ORD-14381,27-08-2024,29-08-2024,Maria Lewis,Consumer,East,Office Supplies,Binders,919.75,5,0,322.45
ORD-17059,02-11-2024,04-11-2024,James Clark,Home Office,Central,Furniture,Chairs,2535.36,4,0,255.17
ORD-15721,01-08-2022,02-08-2022,Sara Brown,Home Office,Central,Technology,Machines,8181.36,4,0.1,1250.73
ORD-11082,22-02-2023,25-02-2023,Linda Rodriguez,Home Office,South,Office Supplies,Envelopes,188.19,5,0.4,-15.59
ORD-16088,24-05-2022,26-05-2022,Linda Johnson,Home Office,West,Office Supplies,Labels,288.73,3,0.3,21.4
ORD-16010,05-03-2022,09-03-2022,Kevin Johnson,Corporate,West,Office Supplies,Binders,190.33,1,0.1,27.95
ORD-19540,01-02-2023,05-02-2023,Carlos Chen,Consumer,Central,Furniture,Chairs,1646.13,2,0.15,-61.08
ORD-11814,12-03-2023,13-03-2023,Fatima Lee,Consumer,East,Technology,Phones,1778.7,3,0,35.26
ORD-16342,11-05-2022,12-05-2022,Priya Davis,Corporate,South,Office Supplies,Storage,156.53,2,0.3,16.2
ORD-16028,12-04-2022,16-04-2022,Tom Lee,Home Office,South,Office Supplies,Art,196.94,1,0.15,39.4
ORD-16428,02-03-2022,03-03-2022,Anna Khan,Home Office,Central,Office Supplies,Paper,366.54,4,0.5,12.97
ORD-19632,20-01-2022,22-01-2022,Nina Walker,Home Office,west,Technology,Copiers,448.38,4,0.2,34.98
ORD-13712,13-03-2023,15-03-2023,Fatima Patel,Consumer,East,Furniture,Tables,2541.36,4,0,-377.92
ORD-10483,01-11-2024,04-11-2024,James Smith,Corporate,East,Furniture,Tables,2497.77,6,0.1,-397.57
ORD-14543,10-10-2022,13-10-2022,Wei Lewis,Corporate,West,Technology,Accessories,1572.93,3,0,23.61
ORD-11701,17-06-2022,19-06-2022,Linda Wilson,Consumer,East,Office Supplies,Binders,244.3,2,0,71.01
ORD-17882,20-12-2024,24-12-2024,Mohammed Young,Consumer,Central,Furniture,Tables,1006.24,1,0.1,-174.01
ORD-18835,23-08-2023,30-08-2023,Maria Lewis,Consumer,Central,Office Supplies,Envelopes,31.97,3,0.1,4.16
ORD-14937,09-11-2024,13-11-2024,Tom Lewis,Consumer,South,Technology,Copiers,307.56,3,0,84.27
ORD-11751,19-09-2023,21-09-2023,Kevin Wilson,Corporate,South,Office Supplies,Storage,8.14,1,0,1.27
ORD-18512,19-08-2023,20-08-2023,James Walker,Corporate,East,Office Supplies,Paper,95.72,1,0,28.58
ORD-14560,01-11-2022,02-11-2022,Anna Wilson,Consumer,Central,Office Supplies,Labels,76.66,2,0.1,18.86
ORD-10422,12-08-2023,17-08-2023,Anna Lewis,Corporate,Central,Technology,Copiers,408.42,3,0.4,-86.97
ORD-14975,02-10-2022,03-10-2022,Maria Rodriguez,Consumer,West,Office Supplies,Labels,21.01,1,0.3,-0.84
ORD-15000,02-12-2022,04-12-2022,Maria Rodriguez,Consumer,West,Office Supplies,Storage,988.74,6,0,288.7
ORD-10371,24-06-2022,27-06-2022,Kevin Chen,Consumer,South,Furniture,Furnishings,379.9,2,0,19.12
ORD-18663,06-04-2024,07-04-2024,Maria Johnson,Consumer,East,Technology,Accessories,584.62,1,0.4,-53.81
ORD-15880,20-01-2024,21-01-2024,Sara Davis,Corporate,Central,Technology,Copiers,8868.16,4,0,3348.64
ORD-18884,03-05-2023,08-05-2023,John Martinez,Corporate,Central,Furniture,Furnishings,1268.44,2,0.15,41.11
ORD-14079,05-07-2022,10-07-2022,David Martinez,Consumer,Central,Technology,Accessories,361.75,1,0,103.4
ORD-13733,12-08-2022,17-08-2022,Tom Khan,Consumer,West,Office Supplies,Binders,451.8,5,0.1,88.88
ORD-16169,07-05-2022,08-05-2022,Fatima Chen,Consumer,West,Technology,Phones,1359.37,1,0,210.1
ORD-18889,21-06-2024,24-06-2024,Nina Smith,Corporate,Central,Office Supplies,Envelopes,7.62,1,0.2,0
ORD-12742,18-12-2024,20-12-2024,Priya Young,Corporate,Central,Furniture,Tables,1192.88,1,0,54.37
ORD-15225,05-09-2023,06-09-2023,James Smith,Corporate,South,Technology,Copiers,1929.85,1,0,128.35
ORD-19414,02-06-2023,04-06-2023,Sara Garcia,Home Office,West,Furniture,Tables,226.52,1,0.1,40.97
ORD-13221,05-10-2022,10-10-2022,Anna Clark,Consumer,South,Technology,Accessories,3811.77,2,0.1,1395.15
ORD-17745,21-08-2023,22-08-2023,Tom Young,Home Office,East,Office Supplies,Envelopes,282.11,2,0.15,60.36
ORD-12099,03-07-2022,04-07-2022,David Smith,Consumer,West,Office Supplies,Storage,98.96,1,0.1,22.57
ORD-10438,13-06-2024,15-06-2024,Tom Johnson,Consumer,East,Office Supplies,Envelopes,121.87,2,0.3,0.97
ORD-11698,09-05-2022,11-05-2022,Grace Rodriguez,Consumer,South,Office Supplies,Labels,17.64,1,0,5.51
ORD-16676,23-04-2022,27-04-2022,Tom Davis,Home Office,east,Technology,Machines,988.74,2,0.1,154.83
ORD-11076,10-11-2022,14-11-2022,Kevin Patel,Corporate,East,Technology,Phones,1161.68,2,0,554.39
ORD-15436,18-02-2022,19-02-2022,Linda Brown,Consumer,East,Office Supplies,Paper,450.76,4,0,73.55
ORD-10644,17-10-2023,19-10-2023,Carlos Rodriguez,Consumer,West,Technology,Accessories,4004.45,4,0.15,346.55
ORD-10529,10-10-2023,15-10-2023,Fatima Lewis,Corporate,West,Office Supplies,Labels,342.23,5,0.3,-3.99
ORD-12255,17-12-2024,22-12-2024,Linda Clark,Corporate,Central,Technology,Copiers,4627.26,5,0.1,717.49
ORD-14724,19-12-2024,21-12-2024,James Davis,Home Office,East,Technology,Machines,4862.66,2,0,543.32
ORD-12792,08-12-2023,13-12-2023,Mohammed Young,Home Office,Central,Office Supplies,Art,127.5,2,0,53.12
ORD-16151,25-06-2022,26-06-2022,Tom Young,Home Office,West,Furniture,Bookcases,1170.94,5,0.1,-117.38
ORD-15534,18-07-2023,23-07-2023,Carlos Walker,Corporate,West,Office Supplies,Binders,229.76,2,0.2,-28.69
ORD-16883,18-06-2022,19-06-2022,Anna Wilson,Consumer,West,Technology,Phones,130.09,2,0.1,15.74
ORD-19093,27-07-2024,28-07-2024,Carlos Smith,Consumer,South,Technology,Phones,3762.71,4,0.15,390.67
ORD-12783,04-08-2023,05-08-2023,Maria Rodriguez,Corporate,East,Office Supplies,Paper,220.79,1,0.1,54.11
ORD-13707,21-02-2024,25-02-2024,John Johnson,Consumer,West,Office Supplies,Art,48.26,1,0,18.64
ORD-18156,08-05-2024,11-05-2024,Wei Smith,Corporate,South,Furniture,Bookcases,1410.58,3,0.2,-29.13
ORD-17808,21-05-2024,23-05-2024,Kevin Lewis,Consumer,East,Office Supplies,Storage,77.72,1,0.2,4.87
ORD-10525,11-09-2023,12-09-2023,Fatima Lewis,Consumer,East,Office Supplies,Storage,173.6,1,0.3,8.85
ORD-11937,20-12-2022,25-12-2022,Sara Young,Corporate,West,Technology,Copiers,866.62,1,0.15,122.56
ORD-18551,19-03-2023,20-03-2023,Grace Lewis,Home Office,East,Office Supplies,Art,467.78,2,0,70.88
ORD-11954,05-02-2022,08-02-2022,Wei Johnson,Home Office,South,Office Supplies,Storage,66.53,3,0.1,4.16
ORD-12083,08-10-2024,09-10-2024,Wei Brown,Corporate,West,Office Supplies,Binders,213.1,1,0,75.49
ORD-11311,18-08-2023,19-08-2023,David Chen,Home Office,South,Furniture,Chairs,183.18,1,0,-5.08
ORD-17806,12-02-2023,13-02-2023,John Young,Consumer,West,Technology,Copiers,468.86,1,0,33.98
ORD-16828,06-02-2022,11-02-2022,Fatima Johnson,Consumer,West,Furniture,Furnishings,1312.34,2,0.4,-509.76
ORD-11990,27-04-2024,02-05-2024,Fatima Martinez,Consumer,South,Office Supplies,Binders,183.44,4,0,46.34
ORD-13536,10-11-2023,11-11-2023,Kevin Patel,Corporate,Central,Office Supplies,Envelopes,78.83,2,0.2,6.45
ORD-16604,18-03-2023,20-03-2023,Priya Martinez,Home Office,South,Office Supplies,Labels,183.04,1,0.1,12.92
ORD-12838,23-10-2023,26-10-2023,Mohammed Brown,Home Office,West,Furniture,Tables,174.99,1,0.3,-30.61
ORD-17145,10-04-2023,12-04-2023,James Johnson,Corporate,West,Technology,Copiers,1836.41,3,0.15,365.42
ORD-15739,21-07-2023,24-07-2023,Kevin Davis,Consumer,West,Technology,Copiers,2433.14,1,0,712.14
ORD-12334,04-04-2022,11-04-2022,John Khan,Consumer,West,Office Supplies,Storage,806.35,5,0,-88.34
ORD-12278,08-10-2024,12-10-2024,Carlos Young,Home Office,Central,Furniture,Bookcases,998.68,3,0.1,-255.1
ORD-13570,22-02-2023,25-02-2023,James Patel,Consumer,West,Office Supplies,Labels,188.38,2,0.2,23.92
ORD-14777,09-09-2024,14-09-2024,Tom Walker,Home Office,Central,Furniture,Bookcases,1286.85,3,0,61.37
ORD-18441,13-03-2023,17-03-2023,Kevin Lewis,Consumer,South,Technology,Machines,615.18,1,0.1,99.69
ORD-10019,17-09-2024,18-09-2024,James Lewis,Consumer,South,Office Supplies,Envelopes,57.41,1,0.4,1.12
ORD-10467,01-12-2022,02-12-2022,David Johnson,Home Office,South,Office Supplies,Storage,163.25,1,0,44.95
ORD-13745,23-08-2022,25-08-2022,Grace Davis,Consumer, East ,Office Supplies,Paper,202.93,3,0.15,35.78
ORD-11718,23-02-2023,24-02-2023,Linda Khan,Consumer,South,Technology,Machines,498.11,1,0,64.15
ORD-18025,04-05-2024,06-05-2024,David Patel,Corporate,Central,Office Supplies,Binders,206.24,2,0,17.96
ORD-12378,27-07-2023,30-07-2023,John Walker,Corporate,West,Office Supplies,Art,138.85,1,0.15,18.15
ORD-11234,01-11-2024,05-11-2024,Anna Smith,Corporate,Central,Technology,Machines,2811.16,4,0,382.06
ORD-16884,03-07-2023,05-07-2023,Priya Young,Consumer,West,Technology,Phones,4980.82,4,0.1,1032.04
ORD-18952,07-07-2023,08-07-2023,Grace Patel,Home Office,West,Office Supplies,Envelopes,165.72,1,0,29.43
ORD-16156,16-03-2024,18-03-2024,Anna Khan,Home Office,West,Technology,Copiers,2285.81,2,0.3,424.75
ORD-19613,06-02-2022,07-02-2022,Mohammed Brown,Corporate,West,Office Supplies,Art,73.36,2,0,25.48
ORD-19472,01-12-2023,03-12-2023,Fatima Wilson,Home Office,Central,Office Supplies,Art,197.42,2,0,51.9
ORD-12147,01-06-2024,03-06-2024,Mohammed Martinez,Consumer,South,Technology,Copiers,2683.42,4,0.15,348.76
ORD-19194,18-09-2022,19-09-2022,Priya Chen,Corporate,CENTRAL,Furniture,Tables,1400.34,3,0,-70.76
ORD-17001,01-01-2023,04-01-2023,Grace Chen,Consumer,West,Office Supplies,Storage,779.36,4,0,198.85
ORD-12852,13-02-2022,15-02-2022,Tom Lewis,Home Office,South,Technology,Phones,7257.18,6,0.3,968.07
ORD-10947,05-08-2024,10-08-2024,Fatima Patel,Consumer,Central,Technology,Phones,863.36,1,0,232.87
ORD-17163,06-08-2023,08-08-2023,Maria Patel,Consumer,East,Office Supplies,Art,58.28,5,0.3,1.29
ORD-13447,19-09-2024,23-09-2024,Sara Rodriguez,Corporate,East,Technology,Copiers,612.79,4,0.4,-105.77
ORD-14338,02-10-2024,03-10-2024,Linda Walker,Consumer,East,Office Supplies,Art,126.42,2,0,42.93
ORD-18442,09-11-2022,12-11-2022,John Brown,Consumer,West,Technology,Accessories,1726.71,1,0.1,228.85
ORD-15629,08-11-2023,09-11-2023,Linda Smith,Home Office,West,Technology,Copiers,1394.24,2,0,750.61
ORD-11492,06-06-2023,10-06-2023,Anna Khan,Consumer,East,Office Supplies,Art,382.18,3,0.2,32.27
ORD-12585,15-07-2023,22-07-2023,David Garcia,Home Office,EAST,Office Supplies,Art,557.4,4,0,122.16
ORD-16060,22-05-2024,29-05-2024,Linda Brown,Consumer,South,Office Supplies,Labels,540.55,5,0,48.78
ORD-18936,11-09-2022,14-09-2022,Priya Rodriguez,Corporate,East,Furniture,Bookcases,663.99,2,0.15,178.2
ORD-18526,01-02-2024,04-02-2024,David Lewis,Home Office,West,Technology,Phones,64.35,1,0,-1.5
ORD-16755,23-04-2022,24-04-2022,James Lewis,Consumer,Central,Office Supplies,Art,428.13,3,0,132.41
ORD-11523,04-06-2022,07-06-2022,James Lee,Corporate,South,Office Supplies,Labels,88.04,2,0.15,1.9
ORD-11625,21-05-2024,25-05-2024,Sara Garcia,Home Office,South,Office Supplies,Paper,100.52,1,0.1,12.12
ORD-12116,25-08-2022,28-08-2022,Wei Khan,Consumer,East,Office Supplies,Storage,192.98,1,0.2,47.76
ORD-13194,13-08-2024,15-08-2024,Priya Wilson,Corporate,Central,Technology,Copiers,4520.56,5,0.3,181.95
ORD-13532,03-01-2022,06-01-2022,Kevin Brown,Consumer,South,Office Supplies,Binders,331.3,2,0.15,14.24
ORD-17703,16-05-2024,21-05-2024,Mohammed Lee,Consumer,West,Furniture,Tables,589.61,1,0.4,167.98
ORD-10777,10-06-2022,13-06-2022,Kevin Rodriguez,Consumer,West,Office Supplies,Binders,836.11,5,0.3,76.88
ORD-11668,04-05-2022,08-05-2022,James Johnson,Consumer,Central,Office Supplies,Art,72.05,1,0,17.83
ORD-15397,02-12-2023,07-12-2023,Grace Garcia,Consumer, South ,Furniture,Tables,1380.58,2,0.2,-420.57
ORD-17936,26-08-2024,28-08-2024,John Wilson,Consumer,South,Office Supplies,Labels,216.16,1,0,46.04
ORD-17720,21-02-2024,22-02-2024,Nina Lee,Consumer,East,Office Supplies,Art,462.24,4,0.1,81.67
ORD-12425,02-10-2023,03-10-2023,Wei Chen,Corporate,Central,Furniture,Tables,718.28,1,0.15,0.36
ORD-14617,08-05-2024,12-05-2024,Tom Davis,Corporate,East,Office Supplies,Binders,281.57,3,0.4,7.82
ORD-19794,20-06-2023,21-06-2023,Fatima Patel,Consumer,South,Technology,Phones,6120.55,5,0.3,-1132.27
ORD-19654,06-01-2023,09-01-2023,Kevin Brown,Consumer,East,Technology,Phones,944.17,1,0,-120.66
ORD-14985,10-09-2023,12-09-2023,Nina Martinez,Consumer,West,Office Supplies,Labels,139.35,1,0,11.78
ORD-15817,19-02-2023,20-02-2023,Carlos Khan,Corporate,Central,Furniture,Bookcases,892.31,1,0.1,-123.67
ORD-14459,16-11-2022,18-11-2022,Anna Johnson,Corporate,Central,Technology,Copiers,2144.57,1,0.1,-487.85
ORD-11724,22-06-2022,24-06-2022,Fatima Clark,Consumer,South,Technology,Accessories,9474.95,6,0.3,2120.24
ORD-10635,16-11-2022,21-11-2022,Sara Walker,Consumer,West,Technology,Copiers,673.17,3,0,377.81
ORD-12984,16-10-2024,18-10-2024,Tom Davis,Home Office, South ,Furniture,Bookcases,176.01,1,0.1,-25.21
ORD-18537,23-06-2022,25-06-2022,John Walker,Consumer,East,Furniture,Furnishings,2622.02,5,0.1,-538.61
ORD-10512,14-02-2024,15-02-2024,Priya Chen,Consumer,South,Office Supplies,Binders,623.69,5,0.15,54.79
ORD-14230,07-10-2022,08-10-2022,Carlos Walker,Home Office,West,Office Supplies,Labels,160.78,1,0.1,48.95
ORD-12686,10-03-2022,12-03-2022,James Chen,Consumer,West,Office Supplies,Binders,18.85,2,0.1,5.01
ORD-15065,24-04-2024,26-04-2024,Grace Rodriguez,Consumer,East,Office Supplies,Envelopes,150.24,2,0,30.89
ORD-18267,08-05-2023,11-05-2023,Tom Rodriguez,Corporate,West,Office Supplies,Storage,114.26,4,0.1,21.65
ORD-18856,19-10-2024,20-10-2024,Linda Patel,Corporate,South,Office Supplies,Paper,18.87,1,0.15,7.6
ORD-12436,02-03-2024,05-03-2024,Wei Lewis,Consumer,West,Office Supplies,Storage,65.02,4,0.3,14.13
ORD-19060,23-11-2022,24-11-2022,Maria Brown,Consumer,Central,Office Supplies,Storage,86.11,2,0.2,13.71
ORD-19202,04-07-2022,07-07-2022,Nina Khan,Home Office,West,Office Supplies,Storage,231,3,0,69.12
ORD-10960,01-02-2023,04-02-2023,Priya Clark,Consumer,South,Office Supplies,Storage,111.02,2,0,12.59
ORD-19163,21-08-2022,22-08-2022,Carlos Lee,Home Office,East,Office Supplies,Envelopes,146.99,4,0.1,-7.68
ORD-10607,14-09-2023,16-09-2023,Linda Brown,Consumer,East,Technology,Machines,1473.4,1,0.15,-76.53
ORD-17849,22-12-2024,23-12-2024,James Patel,Consumer,Central,Technology,Machines,648.93,1,0.2,68.85
ORD-17585,06-08-2023,08-08-2023,Tom Lee,Corporate,West,Office Supplies,Labels,902.97,5,0.1,240.24
ORD-18563,20-10-2022,22-10-2022,Maria Wilson,Consumer,Central,Office Supplies,Paper,914.56,4,0,324.34
ORD-12426,27-09-2024,01-10-2024,Wei Khan,Corporate,East,Office Supplies,Art,417.15,3,0,104.29
ORD-18004,25-07-2022,28-07-2022,David Johnson,Consumer,Central,Furniture,Furnishings,365.65,1,0.15,40.24
ORD-15479,10-05-2024,11-05-2024,James Khan,Corporate,West,Office Supplies,Envelopes,99.84,5,0.4,0.92
ORD-14917,12-01-2022,14-01-2022,Mohammed Lee,Consumer,South,Office Supplies,Labels,610.01,4,0.3,-131.75
ORD-15536,01-11-2022,02-11-2022,Wei Walker,Consumer,East,Office Supplies,Storage,570,4,0,242.37
ORD-15730,13-08-2024,14-08-2024,Grace Smith,Corporate,Central,Technology,Phones,3036.88,2,0.3,-315.79
ORD-14593,11-07-2023,12-07-2023,Priya Young,Home Office,Central,Furniture,Tables,3724.32,6,0.2,-287.83
ORD-13901,19-03-2022,22-03-2022,Mohammed Martinez,Consumer,Central,Technology,Phones,1208.09,1,0,177.6
ORD-12126,10-10-2022,13-10-2022,Fatima Lee,Home Office,South,Furniture,Bookcases,723.77,1,0.15,-237.99
ORD-10193,12-10-2022,14-10-2022,Anna Martinez,Corporate,West,Furniture,Chairs,881.31,1,0.1,-144.59
ORD-11604,24-07-2022,28-07-2022,Mohammed Smith,Consumer,East,Office Supplies,Binders,424.71,2,0.15,92.56
ORD-12234,14-09-2022,17-09-2022,James Lee,Consumer,East,Office Supplies,Envelopes,305.14,2,0.1,17.72
ORD-10115,12-11-2024,15-11-2024,Fatima Garcia,Home Office,East,Furniture,Chairs,1127.1,1,0,455.14
ORD-17354,12-06-2022,13-06-2022,Carlos Martinez,Consumer,Central,Office Supplies,Storage,62.14,1,0.3,0.11
ORD-19392,10-04-2024,12-04-2024,Sara Young,Corporate,South,Technology,Accessories,1791.75,1,0,584.99
ORD-15285,15-08-2023,18-08-2023,John Clark,Consumer,West,Furniture,Bookcases,919.19,3,0.3,161.16
ORD-14807,23-09-2024,24-09-2024,Wei Walker,Consumer,Central,Office Supplies,Art,153.5,2,0.3,3.83
ORD-10334,08-03-2024,09-03-2024,Fatima Clark,Consumer,South,Furniture,Bookcases,1870.12,3,0.15,-691.35
ORD-10651,22-10-2024,23-10-2024,Priya Garcia,Consumer,South,Technology,Accessories,1582.5,1,0,186.93
ORD-12388,19-08-2024,23-08-2024,Priya Martinez,Consumer,East,Office Supplies,Labels,241.69,1,0,77.03
ORD-12123,07-04-2023,10-04-2023,James Brown,Consumer,South,Office Supplies,Paper,239.86,1,0,50.36
ORD-16517,11-12-2024,16-12-2024,David Clark,Home Office,East,Office Supplies,Storage,304.02,3,0.1,1.17
ORD-16065,12-08-2022,14-08-2022,Fatima Brown,Corporate,East,Office Supplies,Envelopes,12.03,1,0,3.54
ORD-19634,23-03-2022,24-03-2022,Carlos Young,Consumer,West,Furniture,Bookcases,1461.88,2,0,138.66
ORD-17147,16-11-2023,18-11-2023,Kevin Patel,Consumer,East,Office Supplies,Art,177.04,1,0,42.3
ORD-14853,07-06-2023,12-06-2023,Sara Davis,Corporate,South,Office Supplies,Art,399.18,3,0.15,49.93
ORD-13228,09-10-2024,11-10-2024,Anna Rodriguez,Corporate,East,Technology,Machines,490.28,1,0.4,-4.76
ORD-19604,21-09-2024,22-09-2024,Mohammed Brown,Corporate,Central,Office Supplies,Storage,377.34,2,0,97.35
ORD-15843,08-03-2023,12-03-2023,David Chen,Corporate,West,Furniture,Bookcases,218.39,1,0,41.6
ORD-14348,15-08-2023,17-08-2023,Carlos Lee,Consumer,East,Office Supplies,Paper,183.23,2,0.15,-14.84
ORD-17024,01-12-2023,03-12-2023,Nina Rodriguez,Consumer,Central,Furniture,Furnishings,1739.62,2,0.2,-83.28
ORD-12844,09-06-2023,13-06-2023,Wei Martinez,Home Office,West,Technology,Accessories,434.73,1,0.1,67.77
ORD-13491,11-11-2022,15-11-2022,Anna Lee,Consumer,West,Technology,Accessories,4495.42,2,0,709.47
ORD-16172,12-03-2022,17-03-2022,Carlos Chen,Consumer,West,Office Supplies,Art,54.83,1,0,13.81
ORD-18392,24-08-2023,26-08-2023,Mohammed Rodriguez,Consumer,East,Office Supplies,Binders,41.46,1,0.3,-0.09
ORD-10800,08-05-2022,10-05-2022,Wei Lee,Consumer,West,Technology,Accessories,6917.08,4,0,454.7
ORD-12001,26-08-2022,30-08-2022,Grace Martinez,Home Office,East,Office Supplies,Storage,74.79,3,0.1,8.91
ORD-15370,24-02-2024,28-02-2024,James Davis,Home Office,West,Furniture,Furnishings,431.31,1,0.5,-207.03
ORD-19040,11-05-2023,12-05-2023,Tom Wilson,Consumer,East,Furniture,Tables,394.66,1,0,30.09
ORD-16843,18-09-2024,25-09-2024,Mohammed Lee,Consumer,East,Office Supplies,Art,50.11,2,0.5,-8.54
ORD-13635,14-11-2022,16-11-2022,Maria Rodriguez,Corporate,West,Technology,Copiers,405.5,2,0.15,56.62
ORD-14236,23-04-2023,26-04-2023,Tom Walker,Consumer,East,Office Supplies,Paper,232.08,3,0,85.43
ORD-10927,08-05-2024,15-05-2024,Tom Rodriguez,Corporate,South,Office Supplies,Labels,452.98,4,0.3,26.13
ORD-11309,04-12-2022,06-12-2022,Nina Wilson,Consumer,West,Office Supplies,Binders,194.45,1,0.1,14.7
ORD-11351,09-10-2022,11-10-2022,Priya Brown,Corporate,West,Technology,Machines,4776.65,3,0.1,665.49
ORD-11345,22-05-2024,26-05-2024,Maria Young,Consumer,Central,Office Supplies,Paper,15.5,2,0.15,2.03
ORD-17482,11-06-2023,13-06-2023,Grace Patel,Consumer,West,Office Supplies,Labels,73.4,1,0.3,25.17
ORD-17946,23-07-2022,27-07-2022,James Khan,Corporate,South,Furniture,Chairs,1897.74,3,0.15,-34.35
ORD-12501,03-09-2023,06-09-2023,John Chen,Consumer,East,Office Supplies,Envelopes,701.01,4,0.15,106.26
ORD-17262,15-10-2022,16-10-2022,Priya Martinez,Corporate,Central,Office Supplies,Envelopes,36.38,1,0,1.63
ORD-19287,01-08-2024,03-08-2024,John Wilson,Consumer,West,Technology,Accessories,144.65,1,0,31.3
ORD-14119,13-07-2023,15-07-2023,Tom Clark,Consumer, East ,Office Supplies,Labels,172.65,2,0.15,2.55
ORD-12574,15-08-2024,17-08-2024,Kevin Brown,Consumer,Central,Office Supplies,Storage,1313.28,6,0,185.52
ORD-19778,08-09-2023,09-09-2023,Kevin Walker,Consumer,West,Office Supplies,Art,312.44,4,0,134.33
ORD-18832,27-11-2022,28-11-2022,Kevin Davis,Consumer,west,Technology,Phones,557.7,1,0.2,134.53
ORD-14033,03-11-2023,06-11-2023,James Clark,Corporate,East,Office Supplies,Paper,110.33,1,0.15,16.58
ORD-16215,19-02-2024,20-02-2024,David Lewis,Consumer,South,Office Supplies,Labels,152.59,1,0,25.49
ORD-15232,06-11-2024,08-11-2024,Tom Johnson,Consumer,West,Office Supplies,Envelopes,215.6,2,0.1,5.49
ORD-16791,15-08-2024,18-08-2024,Sara Lee,Home Office,East,Office Supplies,Labels,25.21,1,0.4,4.05
ORD-12889,11-08-2024,13-08-2024,Mohammed Smith,Corporate,East,Furniture,Tables,463.06,1,0.15,112.58
ORD-11227,14-08-2022,16-08-2022,Wei Brown,Corporate,South,Technology,Copiers,3363.26,2,0.2,-207.35
ORD-16349,07-12-2023,10-12-2023,Fatima Johnson,Consumer,East,Office Supplies,Art,111.92,1,0.1,21.29
ORD-14054,08-11-2023,10-11-2023,Mohammed Walker,Consumer,East,Office Supplies,Paper,213.92,3,0.1,37.39
ORD-15292,01-12-2023,02-12-2023,John Patel,Consumer,East,Office Supplies,Art,662.39,3,0.1,35.85
ORD-14066,03-02-2022,08-02-2022,Carlos Clark,Consumer,West,Office Supplies,Labels,252.94,6,0.1,43.02
ORD-18683,17-09-2023,22-09-2023,,Consumer,West,Technology,Copiers,1560.22,4,0.2,339.64
ORD-12452,14-09-2022,21-09-2022,Priya Smith,Corporate,East,Technology,Accessories,4032.79,3,0.2,59.59
ORD-16958,10-09-2024,14-09-2024,Kevin Garcia,Corporate,East,Furniture,Bookcases,1062.04,1,0.1,45.2
ORD-17431,05-01-2024,06-01-2024,Linda Patel,Corporate,East,Office Supplies,Storage,111.78,1,0,7.58
ORD-12697,01-07-2022,04-07-2022,Carlos Martinez,Corporate,East,Office Supplies,Storage,190.16,1,0,10.18
ORD-19641,13-04-2023,15-04-2023,Linda Young,Consumer,Central,Furniture,Furnishings,258.96,1,0.5,-149.03
ORD-17537,12-06-2022,16-06-2022,Maria Smith,Corporate,Central,Technology,Phones,785.92,1,0,258.28
ORD-11422,17-11-2024,18-11-2024,Mohammed Khan,Consumer,West,Office Supplies,Paper,108.08,4,0,28.76
ORD-10048,03-12-2022,06-12-2022,,Corporate,South,Office Supplies,Labels,46.39,1,0,3.55
ORD-18255,08-11-2022,12-11-2022,Wei Clark,Consumer,South,Office Supplies,Binders,630.72,3,0.15,173.98
ORD-15793,01-01-2023,02-01-2023,Kevin Wilson,Corporate,Central,Furniture,Chairs,154.93,1,0.15,15.25
ORD-19167,11-01-2022,15-01-2022,Grace Smith,Consumer,Central,Technology,Copiers,9247.19,5,0.15,-307.65
ORD-15970,20-09-2024,25-09-2024,Carlos Lee,Corporate,West,Technology,Machines,2297.15,1,0,74.41
ORD-14205,11-08-2023,13-08-2023,Mohammed Clark,Corporate,East,Office Supplies,Storage,600.58,4,0.15,117.17
ORD-15181,25-11-2023,28-11-2023,David Brown,Corporate,Central,Office Supplies,Paper,17.2,2,0.2,0.42
ORD-17149,19-07-2022,22-07-2022,Sara Johnson,Consumer,South,Office Supplies,Storage,450.62,2,0,124.45
ORD-10416,24-12-2023,26-12-2023,Maria Khan,Corporate,East,Technology,Phones,721.61,1,0.4,-40.13
ORD-18390,16-06-2023,18-06-2023,Priya Wilson,Corporate,East,Technology,Machines,474.75,5,0,123.73
ORD-10693,04-03-2023,06-03-2023,Anna Young,Consumer,CENTRAL,Technology,Phones,1043.46,2,0,115.26
ORD-12458,22-04-2023,24-04-2023,John Martinez,Consumer,Central,Technology,Accessories,863.43,3,0,421.59
ORD-11425,12-12-2022,14-12-2022,John Walker,Consumer,Central,Office Supplies,Binders,21.5,3,0.15,0.83
ORD-17025,26-06-2022,27-06-2022,James Wilson,Home Office,West,Office Supplies,Art,194.54,5,0.1,46.36
ORD-15251,23-12-2024,24-12-2024,Kevin Chen,Consumer,East,Furniture,Tables,4041.8,4,0,-952.97
ORD-15410,03-08-2023,04-08-2023,Carlos Lewis,Consumer,West,Furniture,Chairs,411.04,1,0.1,32.44
ORD-18736,02-12-2024,06-12-2024,Priya Martinez,Corporate,South,Office Supplies,Labels,138.33,1,0.2,10.07
ORD-18553,21-10-2024,22-10-2024,Maria Chen,Home Office,South,Office Supplies,Envelopes,160.02,3,0.4,36.39
ORD-14397,18-05-2024,22-05-2024,,Consumer,South,Office Supplies,Binders,218.38,2,0,11.7
ORD-13008,04-06-2023,06-06-2023,Linda Lewis,Consumer,Central,Technology,Accessories,994.47,1,0,166.48
ORD-13292,07-04-2022,12-04-2022,Wei Clark,Home Office,West,Office Supplies,Art,73.1,1,0.1,16.94
ORD-18172,09-12-2024,10-12-2024,Priya Chen,Corporate,South,Technology,Accessories,3375.48,4,0,271.1
ORD-14699,02-08-2024,05-08-2024,Kevin Young,Corporate,South,Office Supplies,Binders,580.86,3,0,52.4
ORD-12763,09-05-2023,13-05-2023,Sara Martinez,Consumer,East,Office Supplies,Art,318.38,4,0.15,51.1
ORD-10603,13-08-2024,14-08-2024,Nina Young,Corporate,East,Office Supplies,Storage,424.17,3,0,44.19
ORD-17881,27-12-2024,31-12-2024,Tom Rodriguez,Consumer,East,Furniture,Chairs,2612.84,4,0,151.85
ORD-11459,18-11-2023,21-11-2023,Linda Clark,Consumer,South,Furniture,Bookcases,2657.91,3,0,-197.4
ORD-13856,17-10-2022,22-10-2022,Maria Wilson,Consumer,Central,Technology,Phones,7622.1,6,0.1,123.48
ORD-15524,23-10-2022,24-10-2022,Sara Clark,Home Office,West,Technology,Phones,1588.83,1,0.3,289.19
ORD-15987,16-09-2024,23-09-2024,Wei Young,Corporate,East,Furniture,Bookcases,661.81,2,0.15,35.36
ORD-11471,24-11-2024,27-11-2024,Tom Lee,Corporate,South,Furniture,Tables,1891.1,2,0.15,-198.05
ORD-18631,17-03-2024,21-03-2024,Tom Martinez,Corporate,East,Office Supplies,Binders,323.01,2,0.2,16.88
ORD-18922,16-03-2023,21-03-2023,Nina Chen,Corporate,West,Office Supplies,Labels,312.07,4,0.4,-73.53
ORD-14688,15-12-2022,18-12-2022,Nina Walker,Corporate,West,Technology,Accessories,2110.16,1,0.15,66.83
ORD-17985,14-11-2023,19-11-2023,Linda Walker,Home Office,West,Office Supplies,Paper,16.66,1,0.2,-1.78
ORD-13135,09-11-2024,12-11-2024,Kevin Johnson,Corporate,East,Office Supplies,Art,45.84,3,0,7.86
ORD-12553,11-08-2022,16-08-2022,James Johnson,Home Office,South,Furniture,Bookcases,605.51,1,0.15,-68.39
ORD-11577,17-09-2024,21-09-2024,Priya Clark,Home Office,Central,Office Supplies,Art,495.86,3,0.1,110.58
ORD-19146,13-11-2023,16-11-2023,Priya Wilson,Consumer,East,Furniture,Chairs,3830.76,4,0.1,730.53
ORD-17827,14-11-2023,16-11-2023,Maria Brown,Home Office,East,Office Supplies,Binders,168.34,3,0.3,26.79
ORD-15302,26-10-2024,28-10-2024,Tom Wilson,Corporate,West,Office Supplies,Paper,440.66,2,0,127.3
ORD-13972,13-08-2022,14-08-2022,John Walker,Consumer,South,Technology,Accessories,807.62,2,0.2,167.52
ORD-17617,12-05-2022,14-05-2022,Grace Young,Home Office,Central,Office Supplies,Art,70.22,1,0.2,11.48
ORD-18676,13-07-2024,14-07-2024,Carlos Patel,Consumer,South,Technology,Accessories,362.83,1,0.4,-43.12
ORD-10104,24-08-2024,25-08-2024,Kevin Lewis,Corporate,East,Furniture,Tables,1940.24,3,0.15,-422.46
ORD-16706,03-03-2023,06-03-2023,Anna Khan,Consumer,West,Technology,Accessories,3041.7,2,0,6.25
ORD-10182,17-02-2022,18-02-2022,Linda Davis,Consumer,East,Office Supplies,Storage,18.55,1,0.2,0.64
ORD-15967,04-09-2022,06-09-2022,Carlos Johnson,Consumer,West,Technology,Copiers,3831.26,3,0.2,-368.74
ORD-11690,11-02-2023,12-02-2023,Carlos Johnson,Consumer,West,Technology,Accessories,1338.7,2,0.1,-11.46
ORD-11328,19-12-2023,20-12-2023,Priya Brown,Corporate,South,Furniture,Bookcases,397.52,1,0,25.79
ORD-10880,25-09-2024,30-09-2024,Kevin Davis,Corporate,West,Furniture,Chairs,219.56,1,0.2,-13.73
ORD-17085,22-07-2024,25-07-2024,Maria Garcia,Consumer,South,Office Supplies,Art,992.25,5,0,265.03
ORD-16327,12-07-2023,15-07-2023,Anna Lee,Home Office,East,Technology,Copiers,11657.63,6,0.1,3121.53
ORD-13032,03-05-2024,06-05-2024,Carlos Patel,Consumer,East,Furniture,Tables,320.28,4,0.15,32.08
ORD-13051,02-09-2024,05-09-2024,James Patel,Home Office,Central,Technology,Copiers,217.91,1,0.1,-3.29
ORD-19436,08-05-2023,11-05-2023,Grace Lee,Corporate,South,Furniture,Chairs,2791.98,4,0.1,-127.33
ORD-18937,06-05-2024,07-05-2024,Kevin Martinez,Consumer,East,Office Supplies,Binders,158.13,1,0,42.57
ORD-16341,04-03-2024,05-03-2024,Mohammed Chen,Home Office,Central,Technology,Machines,427.32,1,0,78.76
ORD-10731,09-09-2024,10-09-2024,Wei Young,Corporate,South,Office Supplies,Paper,731.46,4,0.2,-15.66
ORD-16230,11-01-2023,15-01-2023,Mohammed Lewis,Consumer,East,Furniture,Chairs,934.27,1,0.1,-279.76
ORD-18590,04-08-2022,09-08-2022,Maria Chen,Consumer,South,Technology,Copiers,2729.31,2,0.3,-444.37
ORD-12045,16-10-2023,19-10-2023,James Martinez,Corporate,Central,Technology,Accessories,900.45,2,0.1,124.26
ORD-14430,10-02-2022,13-02-2022,David Walker,Corporate,West,Furniture,Tables,855.84,6,0,-61.59
ORD-19125,07-12-2024,12-12-2024,David Rodriguez,Home Office,South,Technology,Copiers,2282.61,1,0,492.34
ORD-11605,26-12-2022,31-12-2022,Mohammed Smith,Consumer,Central,Office Supplies,Labels,49.17,3,0.1,10.15
ORD-16615,15-10-2024,17-10-2024,Sara Walker,Consumer,east,Office Supplies,Binders,208.02,3,0.5,-54.26
ORD-17781,08-07-2023,11-07-2023,Mohammed Khan,Consumer,South,Office Supplies,Paper,50.85,1,0.5,-6.2
ORD-11104,13-08-2024,15-08-2024,John Walker,Consumer,Central,Furniture,Furnishings,771.7,2,0,37.42
ORD-19622,20-06-2023,21-06-2023,James Clark,Corporate,West,Furniture,Bookcases,2707.2,4,0.4,-995.38
ORD-18064,26-08-2022,30-08-2022,Maria Wilson,Consumer,West,Office Supplies,Art,492.08,4,0.15,71.29
ORD-19727,11-07-2022,13-07-2022,Nina Young,Consumer,South,Furniture,Furnishings,3055.1,4,0.2,-381.77
ORD-16352,18-03-2022,21-03-2022,Wei Chen,Home Office,Central,Furniture,Tables,2277.71,3,0.15,159.61
ORD-12297,22-10-2023,25-10-2023,Mohammed Lewis,Consumer,West,Furniture,Furnishings,3030.73,4,0.1,-620.05
ORD-11700,03-05-2023,06-05-2023,Carlos Young,Corporate,South,Office Supplies,Labels,87.58,1,0.1,0
ORD-16618,17-12-2022,22-12-2022,Wei Clark,Consumer,East,Technology,Machines,1593.38,1,0,482.02
ORD-12087,19-06-2022,22-06-2022,Grace Clark,Consumer,East,Technology,Accessories,506.61,1,0.15,109.44
ORD-11537,19-12-2024,23-12-2024,Mohammed Johnson,Consumer,Central,Office Supplies,Binders,75.11,1,0.15,13.03
ORD-11731,08-12-2024,10-12-2024,Tom Khan,Consumer,West,Technology,Accessories,2153.69,1,0.1,157.51
ORD-17884,02-05-2023,09-05-2023,Anna Garcia,Consumer,East,Office Supplies,Envelopes,381.16,2,0,52.03
ORD-10676,12-05-2024,16-05-2024,Fatima Wilson,Corporate,South,Furniture,Chairs,920.1,1,0.15,-201.95
ORD-13219,22-09-2024,23-09-2024,Anna Clark,Corporate,Central,Furniture,Bookcases,242.14,2,0,-25.66
ORD-14300,10-06-2023,12-06-2023,Tom Lee,Corporate,Central,Furniture,Furnishings,590.32,1,0.15,-141.96
ORD-13823,14-06-2022,15-06-2022,Priya Garcia,Home Office,East,Technology,Copiers,469.93,2,0.1,-86.45
ORD-12966,02-05-2022,04-05-2022,Sara Young,Corporate,West,Office Supplies,Storage,436.15,5,0,156.47
ORD-11747,02-12-2024,03-12-2024,Carlos Chen,Consumer,Central,Office Supplies,Paper,419.28,2,0,86.58
ORD-11712,06-11-2022,07-11-2022,Sara Clark,Consumer,East,Office Supplies,Paper,347.94,2,0,25.85
ORD-12076,14-09-2024,15-09-2024,Fatima Wilson,Corporate,East,Furniture,Tables,1751.13,5,0.1,-308.36
ORD-15326,17-03-2023,19-03-2023,Linda Rodriguez,Home Office,South,Furniture,Tables,964.1,4,0.2,-11.44
ORD-11527,07-09-2022,10-09-2022,Kevin Walker,Corporate,South,Office Supplies,Envelopes,124.24,2,0.15,16.5
ORD-11283,23-12-2024,27-12-2024,Sara Chen,Consumer,East,Technology,Phones,2446.45,2,0.1,675.86
ORD-13024,01-11-2023,02-11-2023,Fatima Davis,Corporate,East,Technology,Copiers,882.62,2,0.2,-17.84
ORD-17177,16-10-2023,17-10-2023,Anna Young,Consumer,South,Office Supplies,Binders,440.16,4,0,115.81
ORD-11921,02-09-2023,04-09-2023,David Brown,Consumer,East,Office Supplies,Labels,10.8,4,0.5,-1.04
ORD-13939,27-09-2023,02-10-2023,Nina Garcia,Consumer,Central,Office Supplies,Envelopes,500.99,4,0.15,125.67
ORD-12757,01-01-2022,06-01-2022,Sara Johnson,Consumer,Central,Furniture,Tables,824.08,2,0,-238.98
ORD-18808,05-09-2024,06-09-2024,Sara Lewis,Corporate, Central ,Office Supplies,Paper,186.61,1,0.15,0.55
ORD-12825,22-06-2024,26-06-2024,Kevin Johnson,Corporate,East,Office Supplies,Envelopes,54.04,1,0.3,0.61
ORD-18893,10-12-2023,13-12-2023,Maria Patel,Corporate,South,Furniture,Bookcases,1191.04,1,0,-230.93
ORD-19777,26-02-2024,02-03-2024,Mohammed Young,Consumer,West,Furniture,Tables,1358.78,2,0,-156.95
ORD-12607,15-06-2023,22-06-2023,John Martinez,Home Office,Central,Office Supplies,Paper,391.88,2,0,18.81
ORD-11369,07-09-2023,10-09-2023,Anna Wilson,Consumer,East,Furniture,Bookcases,3159.42,4,0.15,-343.57
ORD-12853,19-11-2024,23-11-2024,Sara Garcia,Home Office,South,Office Supplies,Labels,189.01,1,0.2,27.92
ORD-18619,12-03-2024,16-03-2024,James Lee,Consumer,South,Furniture,Bookcases,1295.76,2,0,-272.01
ORD-11528,05-05-2022,09-05-2022,Linda Chen,Corporate,East,Furniture,Bookcases,673.84,3,0.15,-131.06
ORD-15367,25-02-2022,02-03-2022,David Brown,Corporate,South,Office Supplies,Envelopes,135.35,1,0.2,3.62
ORD-13217,12-12-2024,16-12-2024,Sara Walker,Home Office,West,Office Supplies,Storage,624.94,3,0.1,14.14
ORD-19129,17-01-2022,21-01-2022,Kevin Johnson,Consumer,Central,Technology,Phones,7719.03,5,0.1,2046.14
ORD-12045,16-10-2023,19-10-2023,James Martinez,Corporate,Central,Technology,Accessories,900.45,2,0.1,124.26
ORD-17384,07-05-2024,09-05-2024,,Consumer,West,Technology,Accessories,883.21,1,0.4,-59.85
ORD-10342,02-06-2022,05-06-2022,Fatima Lee,Consumer,West,Furniture,Furnishings,166.98,1,0.2,-17
ORD-15704,21-07-2024,22-07-2024,Wei Johnson,Consumer,East,Technology,Copiers,141.33,1,,-7.38
ORD-10390,18-06-2022,20-06-2022,Wei Brown,Corporate,Central,Technology,Phones,8631.08,4,0,1278.57
ORD-19417,20-06-2024,21-06-2024,Grace Wilson,Corporate,West,Office Supplies,Labels,750.86,6,0.2,-42.53
ORD-10609,03-11-2023,04-11-2023,John Patel,Corporate,East,Furniture,Chairs,798.66,3,0,-54.42
ORD-11453,21-11-2024,24-11-2024,Priya Young,Consumer,West,Office Supplies,Binders,469.27,4,0.15,58.74
ORD-11038,08-10-2022,11-10-2022,Priya Johnson,Consumer,East,Furniture,Furnishings,307.4,1,0.2,-26.68
ORD-18778,23-08-2022,25-08-2022,Sara Davis,Corporate,West,Office Supplies,Art,140.87,2,0.5,-15.65
ORD-18191,01-07-2023,02-07-2023,Maria Wilson,Consumer,West,Furniture,Tables,920.65,1,0,290.64
ORD-11449,22-06-2024,23-06-2024,Carlos Wilson,Corporate,East,Technology,Phones,3829.12,5,0.5,539.62
ORD-12937,07-09-2023,09-09-2023,Priya Clark,Corporate,West,Office Supplies,Labels,81.3,3,0,25.11
ORD-11771,24-03-2022,25-03-2022,Nina Clark,Consumer,West,Office Supplies,Envelopes,60.26,4,0.1,12.77
ORD-15998,15-06-2024,19-06-2024,Kevin Johnson,Home Office,Central,Furniture,Furnishings,2388.41,3,0.15,-636.36
ORD-18122,17-06-2024,19-06-2024,Kevin Young,Consumer,West,Office Supplies,Envelopes,684.46,5,0.15,146.6
ORD-14929,09-07-2024,10-07-2024,Fatima Garcia,Consumer,South,Office Supplies,Envelopes,111.5,1,0,29.36
ORD-10404,05-03-2023,08-03-2023,,Home Office, East ,Furniture,Furnishings,2919.42,3,0.15,-301.46
ORD-15033,07-07-2023,08-07-2023,David Smith,Corporate,West,Technology,Copiers,9347.72,6,0.1,2382.46
ORD-18518,01-09-2024,03-09-2024,Sara Johnson,Consumer,West,Office Supplies,Art,269.16,4,0,66.01
ORD-11621,11-05-2022,13-05-2022,John Lee,Home Office,West,Technology,Copiers,252,4,0.3,13.57
ORD-14816,09-03-2023,11-03-2023,Linda Martinez,Corporate,West,Technology,Phones,851.43,2,0.15,70.47
ORD-18950,07-12-2022,08-12-2022,Nina Patel,Home Office,South,Office Supplies,Envelopes,442.32,3,0,32.28
ORD-18382,18-03-2023,23-03-2023,Kevin Johnson,Consumer,East,Technology,Copiers,987.88,4,0.5,77.53
ORD-12635,19-08-2023,20-08-2023,Grace Young,Corporate,Central,Furniture,Furnishings,255.65,3,0.2,53.59
ORD-18954,07-09-2023,08-09-2023,Carlos Khan,Consumer,East,Office Supplies,Paper,404.68,3,0.15,57.87
ORD-19230,10-06-2024,14-06-2024,David Khan,Corporate,West,Office Supplies,Storage,58.14,2,0,11.2
ORD-18428,08-10-2022,15-10-2022,Maria Davis,Home Office,West,Technology,Copiers,2573.48,2,0,-76.21
ORD-10132,08-05-2022,11-05-2022,Priya Davis,Consumer,West,Office Supplies,Envelopes,32.08,2,0.1,5.09
ORD-10361,17-07-2023,18-07-2023,Fatima Walker,Consumer,East,Furniture,Furnishings,832.64,1,0,227.54
ORD-18469,12-05-2023,13-05-2023,Wei Lee,Consumer,West,Technology,Accessories,1590.62,2,0,126.75
ORD-10328,03-07-2022,05-07-2022,Priya Johnson,Corporate,Central,Furniture,Chairs,2928.75,3,0,-154.16
ORD-17116,12-11-2022,15-11-2022,John Wilson,Consumer,Central,Office Supplies,Envelopes,59.54,1,0.4,-6.47
ORD-17630,16-10-2023,23-10-2023,Linda Walker,Consumer,West,Furniture,Tables,1854.44,4,0.3,91.12
ORD-14061,27-10-2022,29-10-2022,Nina Martinez,Corporate,West,Technology,Copiers,4889.16,5,0.1,1448.49
ORD-11380,22-03-2024,27-03-2024,Carlos Clark,Corporate,South,Furniture,Chairs,481.41,1,0.15,-113.72
ORD-12604,11-03-2023,16-03-2023,Priya Wilson,Consumer,East,Technology,Machines,671.2,1,0,149.17
ORD-14373,03-12-2023,04-12-2023,John Chen,Home Office,South,Furniture,Furnishings,753.54,1,0.1,-126.4
ORD-10167,25-07-2022,30-07-2022,Carlos Smith,Consumer,South,Furniture,Chairs,216.38,1,0.3,-81.31
ORD-14834,19-03-2023,21-03-2023,Nina Lewis,Corporate,Central,Technology,Machines,1922.46,1,0.2,-60.59
ORD-18031,19-11-2023,21-11-2023,James Brown,Consumer,Central,Technology,Accessories,6554.56,4,0,2155.02
ORD-17996,14-12-2022,16-12-2022,Maria Khan,Consumer,West,Furniture,Chairs,198.75,3,0.15,-13.46
ORD-12343,08-06-2024,11-06-2024,Kevin Khan,Corporate,Central,Technology,Copiers,4487.92,4,0,-148.2
ORD-11958,20-08-2023,22-08-2023,Sara Martinez,Corporate,West,Office Supplies,Binders,199.7,1,0.1,10.86
ORD-14169,27-05-2023,01-06-2023,Grace Lewis,Consumer,East,Office Supplies,Storage,132.06,1,0.2,16.04
ORD-16106,02-04-2022,06-04-2022,Anna Lee,Consumer,East,Technology,Machines,3135.48,5,0.15,1063.95
ORD-17963,27-12-2022,28-12-2022,John Chen,Consumer,West,Technology,Copiers,598.43,1,0.5,-220.98
ORD-12496,08-11-2023,10-11-2023,Mohammed Smith,Consumer,West,Office Supplies,Envelopes,65.01,1,0.2,21.27
ORD-18254,05-12-2023,10-12-2023,Linda Clark,Corporate,Central,Office Supplies,Art,551.88,3,0.1,26.93
ORD-15105,05-09-2023,08-09-2023,James Lewis,Home Office,East,Office Supplies,Paper,120.58,2,0.1,18.6
ORD-11699,02-11-2022,06-11-2022,Nina Lee,Consumer,Central,Office Supplies,Binders,1137.18,6,0,421.06
ORD-15101,20-08-2023,27-08-2023,Grace Walker,Corporate,West,Furniture,Furnishings,264.05,1,0,19.92
ORD-17880,05-01-2022,09-01-2022,Nina Walker,Consumer,West,Office Supplies,Envelopes,1042.35,5,0,328.36
ORD-13530,12-10-2023,14-10-2023,Sara Young,Home Office,East,Furniture,Furnishings,1951.95,3,0.3,-183.74
ORD-10722,19-03-2023,21-03-2023,Priya Patel,Consumer,East,Furniture,Bookcases,4092.05,5,0,441.22
ORD-18926,09-08-2023,13-08-2023,Sara Brown,Consumer,South,Office Supplies,Paper,138.69,3,0,36.14
ORD-14955,06-12-2023,07-12-2023,Kevin Walker,Home Office,West,Office Supplies,Paper,1357.2,6,0,251.86
ORD-12750,23-10-2023,30-10-2023,Anna Young,Consumer,East,Office Supplies,Storage,38.3,4,0.1,1.61
ORD-15183,05-07-2023,12-07-2023,Sara Johnson,Corporate,Central,Technology,Copiers,345.87,1,0.15,89.44
ORD-14503,01-10-2022,03-10-2022,James Lewis,Consumer,South,Furniture,Furnishings,528.56,1,0.15,-87.31
ORD-12162,02-01-2024,03-01-2024,Linda Wilson,Home Office,Central,Office Supplies,Envelopes,396.03,2,0.15,17.05
ORD-19362,02-04-2022,09-04-2022,Sara Rodriguez,Consumer,West,Office Supplies,Labels,14.91,2,0.15,2.15
ORD-14818,21-12-2024,24-12-2024,Fatima Walker,Consumer,East,Office Supplies,Paper,208.92,1,0.15,51.99
ORD-17248,18-10-2022,19-10-2022,Nina Lewis,Consumer,West,Furniture,Bookcases,763.41,1,0.1,113.5
ORD-12985,15-09-2024,17-09-2024,Fatima Smith,Home Office,Central,Office Supplies,Paper,620.19,4,0.2,147.15
ORD-16117,15-08-2023,16-08-2023,Kevin Lee,Corporate,East,Technology,Copiers,6142.13,6,0.15,461.81
ORD-19440,11-03-2023,13-03-2023,Fatima Walker,Consumer,West,Technology,Machines,135.43,3,0.2,31.69
ORD-15526,01-11-2023,06-11-2023,James Brown,Consumer,East,Office Supplies,Binders,126.68,1,0.1,35.66
ORD-16709,04-12-2023,07-12-2023,Carlos Garcia,Consumer,SOUTH,Office Supplies,Labels,34.24,1,0.1,3.77
ORD-18168,22-08-2024,24-08-2024,Sara Brown,Consumer,Central,Office Supplies,Paper,77.75,1,0.3,1.79
ORD-19709,17-11-2023,20-11-2023,,Home Office,Central,Office Supplies,Labels,163.4,1,0.15,12.21
ORD-17494,01-03-2024,04-03-2024,Tom Young,Corporate,West,Office Supplies,Paper,77.41,1,0.15,20.15
ORD-16178,22-08-2022,26-08-2022,Kevin Clark,Corporate,East,Office Supplies,Labels,67.55,3,0.4,0.07
ORD-16986,06-04-2024,09-04-2024,Mohammed Martinez,Consumer,East,Office Supplies,Labels,217.36,2,0,17.27
ORD-18082,11-09-2023,16-09-2023,Tom Smith,Consumer,East,Furniture,Furnishings,567.92,2,0.15,-143.08
ORD-10755,13-12-2023,14-12-2023,Fatima Wilson,Corporate,South,Technology,Copiers,5039.46,4,0.1,47.6
ORD-10315,05-01-2024,10-01-2024,Maria Johnson,Corporate,Central,Furniture,Chairs,347.28,1,0.15,22.81
ORD-19332,27-09-2023,29-09-2023,Nina Clark,Corporate,East,Office Supplies,Storage,126.49,2,0.1,20.92
ORD-12650,21-09-2022,23-09-2022,Kevin Davis,Consumer,South,Office Supplies,Storage,402.84,4,0,125.13
ORD-17103,07-12-2022,08-12-2022,David Walker,Home Office,East,Technology,Machines,1392.47,1,0.1,5.97
ORD-10214,11-11-2024,13-11-2024,James Lee,Consumer,South,Technology,Accessories,4246.51,2,0.1,627.3
ORD-12256,19-03-2023,24-03-2023,James Walker,Consumer,West,Furniture,Furnishings,1837.89,2,0.2,141.71
ORD-18585,21-11-2024,23-11-2024,James Khan,Corporate,East,Office Supplies,Labels,46.41,1,0.2,-3.99
ORD-12136,19-09-2022,22-09-2022,Wei Walker,Home Office,South,Technology,Accessories,4468.25,3,0.3,302.01
ORD-16235,24-10-2022,27-10-2022,Kevin Young,Corporate,East,Furniture,Furnishings,602.54,2,0,172.64
ORD-12173,18-07-2024,19-07-2024,Maria Walker,Corporate,East,Furniture,Bookcases,1368.38,3,0.15,-121.85
ORD-13938,17-12-2023,21-12-2023,Nina Chen,Home Office,West,Office Supplies,Binders,209.85,1,0,-20.56
ORD-16111,14-08-2023,15-08-2023,Linda Patel,Consumer,West,Office Supplies,Envelopes,391.46,2,0.15,76.1
ORD-17821,08-12-2023,15-12-2023,James Wilson,Consumer,South,Office Supplies,Paper,54.67,1,0.3,-5.28
ORD-16957,20-11-2023,22-11-2023,Anna Khan,Corporate,West,Office Supplies,Storage,76.76,1,0.15,0.37
ORD-14432,25-07-2022,26-07-2022,Maria Martinez,Home Office,East,Office Supplies,Storage,341.78,2,0,107.93
ORD-11509,06-12-2024,09-12-2024,Priya Smith,Home Office,Central,Furniture,Chairs,167.7,1,0.15,-22.72
ORD-11308,01-04-2024,08-04-2024,Fatima Davis,Consumer,West,Office Supplies,Envelopes,76.95,1,0.1,14.28
ORD-10746,24-10-2023,28-10-2023,Kevin Garcia,Corporate,Central,Technology,Phones,4254.14,3,0.2,12.83
ORD-17716,20-04-2022,22-04-2022,Anna Patel,Corporate,East,Office Supplies,Storage,385.61,3,0.15,84.37
ORD-14427,08-08-2023,15-08-2023,Grace Walker,Home Office,South,Furniture,Bookcases,3706.24,4,0.1,-1111.25
ORD-14965,08-11-2023,10-11-2023,Anna Khan,Consumer,West,Furniture,Bookcases,983.7,2,0.4,-141.73
ORD-18080,07-09-2022,09-09-2022,Nina Johnson,Consumer,West,Technology,Accessories,4405.98,2,0,-591.46
ORD-18045,03-02-2022,05-02-2022,Mohammed Chen,Consumer,East,Technology,Machines,413.07,1,0.2,186.9
ORD-18550,11-09-2024,12-09-2024,,Consumer,West,Office Supplies,Storage,396.81,2,0.1,31.53
ORD-16985,07-07-2024,11-07-2024,Fatima Young,Consumer,South,Office Supplies,Art,50.89,1,0.1,4.49
ORD-12494,07-11-2023,09-11-2023,James Garcia,Corporate,East,Office Supplies,Binders,236.93,1,0,62.26
ORD-16561,10-05-2022,12-05-2022,Anna Martinez,Corporate,West,Office Supplies,Paper,187.71,1,0.15,27.97
ORD-16284,25-04-2023,27-04-2023,Kevin Patel,Consumer,West,Technology,Copiers,1735.95,1,0.2,-41.2
ORD-15471,14-12-2022,18-12-2022,Linda Smith,Home Office,Central,Furniture,Chairs,2073.72,2,0,414.07
ORD-17350,27-03-2024,30-03-2024,Tom Patel,Consumer,West,Technology,Copiers,6719.58,5,0.1,-343.66
ORD-14412,07-07-2022,09-07-2022,Anna Walker,Consumer,East,Office Supplies,Envelopes,164.73,3,0,54.86
ORD-12972,23-01-2024,27-01-2024,Kevin Martinez,Consumer,East,Furniture,Furnishings,2752.63,4,0.1,-200.33
ORD-10289,02-04-2024,04-04-2024,Anna Davis,Home Office,East,Furniture,Bookcases,1052.98,6,0.2,-444.57
ORD-11801,03-12-2022,08-12-2022,John Lee,Home Office,east,Furniture,Bookcases,1173.46,2,0.2,-171
ORD-16782,09-10-2024,11-10-2024,Fatima Walker,Corporate,West,Technology,Machines,1149.78,1,0.15,224.84
ORD-12882,21-10-2022,22-10-2022,James Martinez,Consumer,Central,Office Supplies,Paper,383.04,2,0.15,49.08
ORD-18373,14-09-2024,15-09-2024,Priya Wilson,Consumer, West ,Technology,Accessories,1791.7,2,0,400.44
ORD-13181,17-09-2022,18-09-2022,Nina Walker,Consumer,West,Office Supplies,Labels,366.96,3,0,93.06
ORD-18313,04-12-2024,07-12-2024,Wei Johnson,Corporate,East,Office Supplies,Art,60.96,3,0.3,-4.54
ORD-13637,19-12-2024,23-12-2024,Tom Patel,Corporate,East,Technology,Phones,367.33,2,0.3,-8.25
ORD-11058,15-11-2023,17-11-2023,Fatima Young,Consumer,East,Office Supplies,Paper,811.41,4,0.15,2.2
ORD-17165,17-01-2024,18-01-2024,Priya Johnson,Consumer,West,Technology,Accessories,1070.88,6,0,272.48
ORD-13666,17-03-2022,19-03-2022,Wei Clark,Corporate,Central,Office Supplies,Paper,782.4,5,0,181.45
ORD-17484,15-03-2024,20-03-2024,Maria Wilson,Consumer,South,Technology,Phones,1250.7,1,0.3,5.06
ORD-17399,13-12-2022,15-12-2022,Carlos Davis,Corporate,West,Office Supplies,Art,465.32,5,0.3,27.23
ORD-16318,02-09-2024,04-09-2024,Grace Brown,Corporate,East,Office Supplies,Envelopes,82.76,2,0.15,17.88
ORD-11342,26-12-2024,31-12-2024,Priya Clark,Corporate,South,Technology,Accessories,2752.11,2,0.3,206.68
ORD-19686,25-06-2023,26-06-2023,Nina Walker,Corporate,West,Furniture,Tables,2816.83,3,0.2,-1200.78
ORD-12050,12-09-2024,13-09-2024,Sara Johnson,Corporate, South ,Office Supplies,Envelopes,141.93,1,0,40.45
ORD-12832,07-04-2023,10-04-2023,Carlos Garcia,Consumer,South,Technology,Phones,149.18,1,0.3,16.71
ORD-16003,10-12-2022,11-12-2022,Wei Khan,Consumer,East,Office Supplies,Storage,106.62,1,0.2,7.7
ORD-17763,12-11-2024,16-11-2024,Linda Brown,Consumer,East,Furniture,Furnishings,959.36,1,0,34.26
ORD-10073,07-01-2023,11-01-2023,Priya Wilson,Consumer,South,Technology,Phones,4283.68,5,0.2,-422.5
ORD-11489,08-02-2022,12-02-2022,Linda Wilson,Consumer,East,Technology,Machines,289.8,2,0,55.9
ORD-10825,05-12-2024,08-12-2024,Linda Brown,Consumer,East,Furniture,Tables,655.78,1,0,53.83
ORD-14416,01-11-2023,03-11-2023,John Johnson,Consumer,South,Office Supplies,Binders,112.03,4,0.15,15.04
ORD-17137,08-03-2024,12-03-2024,Maria Martinez,Consumer,Central,Office Supplies,Paper,54.93,1,0,11.35
ORD-14081,14-08-2024,16-08-2024,Wei Garcia,Corporate,South,Office Supplies,Paper,87.63,1,0.2,9.6
ORD-10492,11-12-2022,12-12-2022,Kevin Khan,Corporate,East,Technology,Accessories,906.25,1,0.4,-15.88
ORD-10735,22-11-2022,26-11-2022,Kevin Brown,Consumer,East,Technology,Phones,1274,2,0,51.14
ORD-16775,01-12-2022,03-12-2022,David Lewis,Consumer,Central,Office Supplies,Binders,55.61,3,0.2,6.98
ORD-13569,16-06-2022,17-06-2022,Grace Davis,Consumer,East,Office Supplies,Paper,963.56,5,0.15,78.52
ORD-15836,26-08-2022,28-08-2022,Fatima Chen,Consumer,West,Office Supplies,Binders,35.55,2,0.1,7.23
ORD-17376,21-11-2023,28-11-2023,Tom Lewis,Consumer,East,Office Supplies,Binders,217.03,3,0.15,35.26
ORD-10649,12-12-2022,14-12-2022,Nina Martinez,Corporate,South,Office Supplies,Labels,122.27,1,0,-8.37
ORD-15059,01-10-2022,08-10-2022,Fatima Rodriguez,Consumer,Central,Office Supplies,Binders,18.93,1,0,3.98
ORD-18966,01-03-2022,05-03-2022,Kevin Lee,Corporate,East,Office Supplies,Binders,126.16,1,0.2,9.9
ORD-14996,02-08-2022,07-08-2022,Priya Garcia,Consumer,Central,Office Supplies,Labels,277.79,4,0.2,32.55
ORD-13464,18-05-2024,20-05-2024,Carlos Chen,Consumer,Central,Office Supplies,Binders,17.14,1,0.1,2.63
ORD-19733,21-01-2024,25-01-2024,Sara Young,Consumer,East,Office Supplies,Storage,116.73,1,0,19.46
ORD-12748,18-11-2023,22-11-2023,,Consumer,West,Office Supplies,Art,189.48,1,0,59.7
ORD-14351,21-08-2024,25-08-2024,Nina Martinez,Corporate,East,Office Supplies,Envelopes,377.25,2,0.2,4.82
ORD-19493,17-02-2023,18-02-2023,Fatima Clark,Corporate,East,Office Supplies,Paper,179,4,0,66.82
ORD-15976,10-03-2023,13-03-2023,Anna Lewis,Consumer,West,Technology,Accessories,1922.68,2,0,194.37
ORD-16655,21-10-2023,26-10-2023,Grace Walker,Consumer,West,Office Supplies,Labels,281.22,2,0,66.24
ORD-14573,26-12-2023,29-12-2023,Linda Patel,Consumer,South,Technology,Phones,402.93,1,0,104.63
ORD-14221,02-06-2022,05-06-2022,Sara Lewis,Home Office,East,Technology,Machines,4227.9,3,0.15,470.67
ORD-12354,03-11-2022,06-11-2022,,Consumer,Central,Furniture,Chairs,924.8,1,0.2,-159.25
ORD-19376,12-03-2024,19-03-2024,Tom Johnson,Corporate,West,Technology,Machines,2177.18,6,0.2,32.92
ORD-14044,23-09-2023,27-09-2023,Fatima Patel,Corporate,West,Office Supplies,Paper,43.2,1,0.1,9.2
ORD-13759,24-11-2023,26-11-2023,David Garcia,Corporate,East,Furniture,Furnishings,619.65,3,0,83.02
ORD-17162,20-06-2023,22-06-2023,James Martinez,Consumer,West,Technology,Machines,12968.86,6,0.1,1353.47
ORD-10773,20-10-2022,24-10-2022,Carlos Garcia,Consumer,East,Furniture,Bookcases,654.95,1,0.3,-112.31
ORD-10025,05-02-2023,06-02-2023,Grace Khan,Consumer,East,Office Supplies,Binders,47.46,1,0,8.13
ORD-19624,19-09-2022,24-09-2022,Grace Johnson,Consumer,East,Office Supplies,Art,368.8,2,0.2,22.98
ORD-13086,25-08-2022,27-08-2022,Carlos Wilson,Consumer,West,Technology,Copiers,4014.75,4,0.15,44.84
ORD-12057,17-08-2022,20-08-2022,Sara Rodriguez,Consumer,West,Technology,Phones,1766.4,4,0,129.25
ORD-15351,18-11-2024,20-11-2024,David Khan,Consumer,West,Office Supplies,Binders,91.4,1,0.3,5.41
ORD-19535,20-01-2022,22-01-2022,Wei Khan,Corporate,Central,Office Supplies,Labels,145.55,3,0.3,22.23
ORD-13872,09-10-2022,12-10-2022,Anna Davis,Home Office,East,Office Supplies,Labels,218.09,1,0.1,59.55
ORD-16536,16-11-2024,20-11-2024,Tom Chen,Consumer,East,Furniture,Tables,2968.45,5,0,807.22
ORD-12922,06-10-2024,08-10-2024,Anna Patel,Home Office,West,Office Supplies,Storage,203.83,1,0,49.04
ORD-13390,23-07-2023,25-07-2023,Priya Martinez,Corporate,West,Furniture,Tables,485.71,1,0,33.11
ORD-13058,09-02-2024,14-02-2024,Maria Davis,Home Office,East,Furniture,Bookcases,511.28,1,0.15,-173.24
ORD-18496,14-12-2024,15-12-2024,Nina Lewis,Consumer,West,Office Supplies,Storage,251.78,2,0,15.77
ORD-16116,24-03-2022,28-03-2022,David Young,Corporate,East,Technology,Machines,11479.35,5,0,2125.19
ORD-17367,02-01-2022,03-01-2022,Priya Lee,Consumer,Central,Furniture,Bookcases,2587.39,4,0.1,-545.46
ORD-18006,23-02-2024,24-02-2024,Grace Walker,Consumer,West,Furniture,Chairs,590.26,1,0.2,-244.45
ORD-14178,15-04-2022,19-04-2022,David Young,Home Office,South,Office Supplies,Storage,614.76,6,0,113.32
ORD-12366,11-07-2024,12-07-2024,John Rodriguez,Corporate,West,Technology,Accessories,4987.28,2,0,-99.8
ORD-10657,12-04-2023,15-04-2023,Grace Johnson,Home Office,West,Office Supplies,Storage,582.8,5,0,53.76
ORD-19177,24-12-2024,27-12-2024,David Brown,Consumer,East,Technology,Phones,126.91,1,0.1,21.31
ORD-11785,16-11-2023,18-11-2023,Anna Walker,Home Office,East,Office Supplies,Storage,190.02,1,0,60.55
ORD-19330,27-01-2023,29-01-2023,Priya Khan,Corporate,West,Office Supplies,Art,308.11,2,0.15,45.09
ORD-17320,04-07-2024,07-07-2024,David Young,Consumer,East,Office Supplies,Binders,152.54,3,0.2,20.23
ORD-19659,09-08-2022,11-08-2022,Maria Walker,Consumer,West,Office Supplies,Envelopes,383.47,2,0.15,64.55
ORD-16734,17-10-2024,19-10-2024,John Chen,Consumer,South,Office Supplies,Envelopes,144.74,2,0.1,6.5
ORD-18890,06-08-2023,11-08-2023,Mohammed Johnson,Consumer,South,Office Supplies,Paper,225.39,2,0.5,-33.04
ORD-17312,10-03-2023,12-03-2023,Anna Chen,Home Office,East,Office Supplies,Labels,88.2,5,0.2,6.79
ORD-15150,02-07-2023,03-07-2023,Linda Walker,Consumer,West,Office Supplies,Paper,254.63,2,0.15,38.44
ORD-19658,19-02-2022,23-02-2022,Wei Khan,Consumer,East,Technology,Machines,166.1,1,0.3,-12.46
ORD-15756,16-06-2024,20-06-2024,Carlos Young,Home Office,Central,Technology,Copiers,337.89,5,,-5.5
ORD-19133,19-04-2022,20-04-2022,Fatima Young,Consumer,West,Office Supplies,Art,29.25,1,0,9.63
ORD-17775,08-04-2023,10-04-2023,Carlos Khan,Consumer,West,Office Supplies,Art,620.09,4,0.3,93.45
ORD-18587,16-08-2023,18-08-2023,Carlos Brown,Home Office, West ,Furniture,Furnishings,624.59,1,0.1,-95.39
ORD-17389,10-07-2022,13-07-2022,Tom Lee,Consumer,East,Furniture,Furnishings,5399.25,5,0,861.01
ORD-16570,18-08-2022,23-08-2022,Sara Patel,Home Office,Central,Technology,Accessories,2666,3,0.5,-505.23
ORD-14835,23-05-2022,25-05-2022,David Lewis,Corporate,Central,Furniture,Bookcases,2516.95,3,0.15,-258.14
ORD-19321,12-03-2024,14-03-2024,Maria Khan,Corporate,West,Office Supplies,Paper,274.74,2,0,41.22
ORD-10909,15-07-2022,17-07-2022,Anna Khan,Corporate,East,Technology,Machines,1064.94,6,0,213.54
ORD-15691,09-11-2022,11-11-2022,David Davis,Consumer,Central,Office Supplies,Storage,234.46,4,0.2,22.4
ORD-14803,13-08-2024,18-08-2024,Carlos Patel,Consumer,East,Office Supplies,Binders,1162.62,6,0.1,235.11
ORD-11978,26-07-2022,28-07-2022,Mohammed Khan,Home Office,East,Office Supplies,Envelopes,431.39,2,0.1,69.27
ORD-10932,10-09-2023,14-09-2023,Sara Johnson,Home Office,West,Office Supplies,Envelopes,464.79,3,0.3,-52.85
ORD-14705,04-11-2023,08-11-2023,Maria Lewis,Home Office,East,Furniture,Chairs,535.67,1,0,-23.11
ORD-11974,14-09-2023,16-09-2023,David Lee,Corporate,East,Office Supplies,Art,111.62,2,0,22.96
ORD-11945,01-11-2022,03-11-2022,Nina Khan,Corporate,South,Technology,Machines,1290.12,3,0,116.16
ORD-16746,13-12-2022,14-12-2022,Priya Khan,Corporate,South,Office Supplies,Art,108.43,2,0.1,18.76
ORD-11420,14-06-2023,16-06-2023,Fatima Lewis,Home Office,East,Office Supplies,Binders,176.44,2,0.1,17.06
ORD-11536,13-08-2024,17-08-2024,James Brown,Home Office,West,Technology,Phones,5437.5,3,0,412.3
ORD-18265,22-10-2024,26-10-2024,Priya Davis,Corporate,West,Office Supplies,Envelopes,120.41,3,0.2,7.85
ORD-17141,04-11-2022,09-11-2022,Linda Martinez,Consumer,Central,Office Supplies,Envelopes,366.37,2,0.1,134.6
ORD-16109,17-11-2023,21-11-2023,Nina Martinez,Home Office,East,Office Supplies,Paper,83.86,2,0,16.29
ORD-15848,27-01-2024,28-01-2024,,Corporate,Central,Office Supplies,Paper,956,4,0,266.11
ORD-17511,14-07-2022,15-07-2022,Anna Patel,Consumer,Central,Office Supplies,Art,784.83,4,0.2,97.62
ORD-15563,01-05-2022,02-05-2022,Carlos Johnson,Corporate,East,Office Supplies,Envelopes,188.53,1,0,21.15
ORD-10225,11-03-2024,13-03-2024,Sara Smith,Home Office,West,Office Supplies,Art,116.46,1,0.15,4.2
ORD-11030,20-08-2022,23-08-2022,Wei Clark,Corporate,West,Office Supplies,Storage,207.87,3,0.1,69.21
ORD-11071,08-12-2022,09-12-2022,Tom Davis,Consumer,South,Technology,Machines,2944.66,2,0.4,-1037.48
ORD-16136,25-11-2024,26-11-2024,Fatima Brown,Home Office,Central,Office Supplies,Envelopes,112,5,0.2,13.06
ORD-12556,21-05-2024,23-05-2024,Mohammed Garcia,Consumer,West,Office Supplies,Storage,98.57,3,0.2,15.32
ORD-15949,24-01-2023,29-01-2023,Priya Clark,Corporate,East,Office Supplies,Binders,544.75,4,0.15,94.4
ORD-15890,13-10-2023,17-10-2023,Anna Martinez,Consumer,South,Technology,Copiers,2604.73,3,0.4,-25.77
ORD-17733,07-01-2023,12-01-2023,Priya Smith,Consumer,East,Office Supplies,Binders,258.58,2,0,13.64
ORD-17547,14-12-2024,16-12-2024,Linda Martinez,Corporate,South,Technology,Phones,2707.18,3,0.15,445.74
ORD-18418,13-10-2024,15-10-2024,Mohammed Chen,Corporate,East,Office Supplies,Paper,593.64,5,0.1,101
ORD-11349,18-04-2024,20-04-2024,John Khan,Consumer,West,Office Supplies,Paper,606.9,4,0.15,15.77
ORD-16383,14-04-2024,15-04-2024,Kevin Johnson,Home Office,South,Office Supplies,Paper,343.86,2,0,114.21
ORD-15789,06-07-2022,08-07-2022,Nina Lewis,Corporate,East,Furniture,Furnishings,3218,4,0,-660
ORD-17888,26-09-2022,27-09-2022,Grace Clark,Corporate,Central,Office Supplies,Binders,166.38,2,0,39.55
ORD-18929,09-10-2024,10-10-2024,Linda Wilson,Consumer,South,Technology,Copiers,2342.6,5,0,704.45
ORD-15375,16-12-2022,17-12-2022,Fatima Lee,Home Office,East,Technology,Copiers,778.38,1,0.2,19.18
ORD-13561,04-10-2023,09-10-2023,David Young,Consumer,West,Technology,Accessories,14287.68,6,0,4806.6
ORD-12765,24-05-2023,28-05-2023,James Davis,Corporate,south,Office Supplies,Binders,139.01,1,0,37.77
ORD-19404,02-03-2024,03-03-2024,Nina Garcia,Home Office,East,Office Supplies,Storage,129.76,2,0,40.28
ORD-12492,16-01-2024,17-01-2024,Grace Martinez,Corporate,East,Furniture,Furnishings,1457.82,4,0.1,-155.46
ORD-16539,03-06-2023,08-06-2023,David Clark,Consumer,West,Office Supplies,Envelopes,44.94,1,0.3,-1.05
ORD-16752,05-02-2024,09-02-2024,Kevin Khan,Home Office,South,Technology,Machines,513.03,1,0.2,90.27
ORD-16324,12-09-2023,15-09-2023,Tom Clark,Corporate,Central,Technology,Accessories,3251.4,3,0,-305.67
ORD-11125,06-07-2022,08-07-2022,,Corporate,East,Office Supplies,Binders,630.5,5,0,100.41
ORD-10243,01-07-2024,03-07-2024,Anna Lewis,Consumer,West,Office Supplies,Art,69.42,1,0.3,8.18
ORD-15972,26-07-2022,27-07-2022,Carlos Young,Consumer,East,Technology,Machines,1704.49,1,0.3,313.32
ORD-12012,06-05-2024,07-05-2024,Maria Patel,Consumer,East,Furniture,Chairs,1501.57,4,0.2,-147.68
ORD-16950,14-02-2023,15-02-2023,Tom Garcia,Consumer,West,Technology,Phones,637.9,1,0.2,19.52
ORD-16560,06-08-2022,09-08-2022,Kevin Patel,Consumer,West,Office Supplies,Paper,101.38,3,0.1,2.69
ORD-18973,09-05-2022,10-05-2022,Carlos Patel,Consumer,East,Office Supplies,Binders,163.68,3,0,48.69
ORD-15646,06-10-2022,09-10-2022,Sara Patel,Corporate,Central,Technology,Accessories,3504.6,3,0.2,309.09
ORD-11216,26-06-2024,30-06-2024,Fatima Young,Corporate,South,Technology,Copiers,1429.91,1,0,51.11
ORD-19179,23-01-2022,25-01-2022,Nina Chen,Home Office,East,Office Supplies,Binders,653.29,4,0.1,27.49
ORD-16851,23-11-2023,26-11-2023,Tom Walker,Corporate,East,Furniture,Bookcases,1474.11,3,0,288.3
ORD-12958,06-04-2023,09-04-2023,Anna Martinez,Consumer,West,Office Supplies,Storage,28.3,1,0.15,3.4
ORD-13349,09-02-2023,10-02-2023,John Patel,Consumer,Central,Office Supplies,Paper,56.72,1,0.15,11.25
ORD-16110,07-05-2022,11-05-2022,Mohammed Patel,Corporate,West,Furniture,Tables,1721.9,2,0.1,40.61
ORD-16340,14-12-2024,19-12-2024,James Rodriguez,Consumer,South,Technology,Phones,2667.78,2,0.15,-373.81
ORD-14363,15-08-2022,16-08-2022,Nina Brown,Consumer,West,Furniture,Furnishings,719.79,1,0,-222.2
ORD-19080,10-12-2023,12-12-2023,Wei Khan,Consumer,East,Technology,Machines,1105.16,1,0,421.52
ORD-17142,11-09-2022,15-09-2022,Nina Brown,Corporate,West,Furniture,Bookcases,604.91,2,0.15,43.17
ORD-10282,25-03-2023,26-03-2023,Fatima Smith,Home Office,West,Technology,Accessories,4205.95,3,0.1,314.79
ORD-17597,26-12-2022,28-12-2022,Priya Young,Consumer,East,Office Supplies,Art,97.18,3,0.2,18.59
ORD-17891,14-04-2024,15-04-2024,James Wilson,Home Office,West,Furniture,Tables,600.49,1,0.4,-263.17
ORD-17342,18-09-2022,20-09-2022,James Johnson,Home Office,Central,Technology,Phones,5859.9,3,0,584.27
ORD-14402,24-10-2024,25-10-2024,Anna Brown,Consumer,west,Technology,Copiers,716.26,4,0.1,165.77
ORD-18479,21-12-2022,22-12-2022,Fatima Smith,Consumer,West,Furniture,Tables,2865.35,4,0.1,-593.29
ORD-13438,16-12-2022,19-12-2022,Fatima Garcia,Consumer,West,Technology,Accessories,475.82,1,0,113.94
ORD-14156,05-10-2022,07-10-2022,James Smith,Corporate,West,Technology,Phones,68.88,1,0,10.2
ORD-15197,23-10-2024,27-10-2024,Anna Chen,Consumer,West,Office Supplies,Art,176.88,2,0,38.16
ORD-15424,17-05-2022,18-05-2022,Carlos Davis,Home Office,East,Furniture,Bookcases,921.47,2,0.2,52.09
ORD-12678,19-11-2022,24-11-2022,Kevin Walker,Consumer, South ,Office Supplies,Storage,277.96,2,0,43.14
ORD-15637,12-10-2024,14-10-2024,,Consumer,West,Office Supplies,Envelopes,36.98,1,0.2,6.59
ORD-13076,11-11-2023,15-11-2023,Carlos Young,Consumer,Central,Technology,Accessories,1169.28,1,0.2,-124.61
ORD-14551,11-02-2024,12-02-2024,Nina Patel,Corporate,East,Technology,Phones,1501.8,3,0,236.62
ORD-15217,19-09-2022,21-09-2022,Priya Davis,Consumer,West,Office Supplies,Paper,441.02,4,0.2,75.6
ORD-12152,09-04-2022,10-04-2022,Maria Khan,Consumer,East,Office Supplies,Storage,37.8,2,0,10.25
ORD-13702,11-06-2024,15-06-2024,Carlos Patel,Corporate,West,Technology,Copiers,1131.6,1,0.1,-144.84
ORD-17696,24-06-2024,01-07-2024,Maria Young,Consumer,West,Office Supplies,Envelopes,652.93,4,0.1,20.75
ORD-11194,20-07-2024,22-07-2024,John Walker,Corporate,East,Technology,Accessories,1210.11,3,0,147.3
ORD-12941,27-01-2024,29-01-2024,Wei Clark,Consumer,East,Technology,Copiers,1159.24,2,0,226.35
ORD-13110,18-12-2022,19-12-2022,Linda Brown,Consumer,East,Office Supplies,Paper,110.86,1,0,24.1
ORD-14193,02-11-2023,03-11-2023,Anna Lee,Consumer,East,Office Supplies,Paper,824.22,4,0.1,160.48
ORD-19477,26-08-2022,31-08-2022,James Rodriguez,Consumer,East,Technology,Copiers,1065.26,1,0.1,-154.15
ORD-15193,09-03-2024,14-03-2024,Anna Rodriguez,Consumer,East,Technology,Phones,1877.85,2,,-265.02
ORD-14553,19-11-2023,24-11-2023,Anna Brown,Consumer,Central,Office Supplies,Binders,69.18,1,0.2,9.39
ORD-15068,14-08-2022,15-08-2022,Grace Wilson,Consumer,Central,Office Supplies,Envelopes,81.97,1,0.15,13.36
ORD-19789,24-08-2023,25-08-2023,Nina Walker,Corporate,West,Technology,Copiers,5812.64,4,0,1591.38
ORD-12470,18-12-2022,20-12-2022,Nina Young,Consumer,Central,Furniture,Furnishings,291.93,1,,60.91
ORD-18851,19-07-2022,26-07-2022,Carlos Chen,Consumer,West,Office Supplies,Binders,99.04,1,0,14.8
ORD-17289,03-05-2023,07-05-2023,Carlos Patel,Home Office,Central,Furniture,Chairs,2092.62,2,0,704.28
ORD-11490,27-06-2023,01-07-2023,Kevin Patel,Home Office,Central,Technology,Phones,173.45,6,0.1,-15.63
ORD-15997,14-08-2023,15-08-2023,,Consumer,East,Technology,Copiers,1875.43,1,0,559.45
ORD-15044,10-09-2023,17-09-2023,Tom Johnson,Consumer,West,Office Supplies,Envelopes,195.37,1,0.2,20.74
ORD-13796,27-12-2024,01-01-2025,Grace Davis,Home Office,West,Technology,Accessories,500.08,1,0.15,85.96
ORD-11077,10-04-2022,17-04-2022,Priya Johnson,Corporate,East,Furniture,Tables,1976.65,2,0.1,-607.11
ORD-10368,15-06-2024,16-06-2024,Mohammed Khan,Corporate,West,Office Supplies,Paper,87.76,4,0,14.08
ORD-12518,04-07-2023,09-07-2023,Carlos Brown,Consumer,Central,Furniture,Tables,2690.45,3,0.2,194.72
ORD-13813,26-08-2024,27-08-2024,Mohammed Patel,Consumer,East,Technology,Copiers,194.99,5,0.15,51.61
ORD-15348,01-12-2023,06-12-2023,Fatima Rodriguez,Corporate,Central,Office Supplies,Art,43.15,1,0.5,2.07
ORD-18089,15-06-2023,16-06-2023,Fatima Davis,Consumer,East,Furniture,Furnishings,618.88,4,0,-31.4
ORD-13691,16-01-2023,17-01-2023,Fatima Martinez,Home Office,East,Furniture,Chairs,578.78,1,0.3,131.7
ORD-16413,19-05-2023,26-05-2023,Mohammed Clark,Consumer,East,Furniture,Bookcases,603.62,2,0.3,-92.7
ORD-13642,04-12-2024,07-12-2024,Anna Garcia,Home Office,East,Furniture,Chairs,3311.88,4,0,-404.67
ORD-18362,17-02-2024,20-02-2024,Fatima Smith,Corporate,West,Furniture,Furnishings,1505.44,3,0.15,442.31
ORD-10823,22-09-2024,24-09-2024,Priya Lewis,Home Office,West,Office Supplies,Binders,240.05,1,0,64.04
ORD-10699,27-10-2023,31-10-2023,Carlos Lee,Corporate,East,Technology,Phones,8314.7,4,0.1,2333.33
ORD-17773,08-02-2022,12-02-2022,Grace Johnson,Consumer,West,Office Supplies,Art,422.11,4,0.15,89.46
ORD-19442,06-04-2022,09-04-2022,Carlos Martinez,Consumer,South,Office Supplies,Paper,78.26,1,0,12.13
ORD-15604,09-12-2024,13-12-2024,Mohammed Garcia,Home Office,West,Technology,Copiers,230.1,1,0.1,28.86
ORD-11379,19-06-2024,24-06-2024,Grace Khan,Consumer,West,Office Supplies,Binders,41.44,2,0.1,7.73
ORD-16069,02-12-2024,03-12-2024,Maria Garcia,Consumer,South,Technology,Copiers,789.38,2,0.2,285.55
ORD-13026,01-02-2022,06-02-2022,Wei Lewis,Consumer,West,Office Supplies,Envelopes,71.1,3,0.4,8.04
ORD-14248,10-08-2022,13-08-2022,Priya Brown,Consumer,West,Office Supplies,Binders,12.84,1,0,3.08
ORD-13425,16-11-2023,18-11-2023,Anna Chen,Consumer,South,Technology,Machines,3078.07,4,0.3,-670.4
ORD-15331,16-12-2024,18-12-2024,James Davis,Consumer,South,Office Supplies,Envelopes,315.04,4,0.5,-3.05
ORD-10228,12-11-2023,19-11-2023,Carlos Brown,Home Office,East,Technology,Copiers,4767.92,2,0,1446.99
ORD-13490,12-09-2024,16-09-2024,Kevin Martinez,Corporate,Central,Office Supplies,Paper,99.1,1,0,30.91
ORD-19048,11-09-2022,16-09-2022,Nina Brown,Consumer,South,Furniture,Chairs,431.62,1,0.5,-78.86
ORD-12472,06-06-2022,07-06-2022,Sara Davis,Consumer,East,Office Supplies,Paper,542.73,3,0.1,68.62
ORD-11953,09-11-2024,13-11-2024,Nina Chen,Home Office,West,Office Supplies,Paper,293.28,3,0.2,97.54
ORD-19673,14-08-2022,17-08-2022,John Brown,Consumer,Central,Office Supplies,Paper,30.96,1,0.2,-0.07
ORD-13631,15-12-2022,16-12-2022,Kevin Walker,Consumer,West,Furniture,Chairs,930.43,2,0.2,-257.5
ORD-16979,16-01-2022,17-01-2022,Sara Lee,Corporate,Central,Office Supplies,Labels,130.49,1,0.3,13.02
ORD-18062,11-12-2022,16-12-2022,Mohammed Young,Home Office,Central,Technology,Accessories,898.83,2,0.2,-45.46
ORD-18348,09-02-2022,11-02-2022,Fatima Walker,Consumer,Central,Technology,Accessories,6230.16,4,0.15,396.96
ORD-16766,21-10-2022,22-10-2022,Sara Clark,Corporate,West,Furniture,Furnishings,2616.45,4,0.2,252.74
ORD-19345,06-12-2023,08-12-2023,James Martinez,Consumer,Central,Office Supplies,Labels,185.43,1,0,34.5
ORD-19197,16-11-2023,19-11-2023,Tom Young,Corporate,West,Office Supplies,Binders,414.04,2,0,74.49
ORD-15675,02-06-2023,05-06-2023,John Khan,Corporate,West,Furniture,Furnishings,4475.5,6,0.15,-546.9
ORD-13101,13-12-2024,14-12-2024,Carlos Lee,Consumer,West,Office Supplies,Storage,99.34,2,0.1,24.3
ORD-16825,21-04-2024,22-04-2024,Grace Clark,Consumer,South,Furniture,Chairs,156.69,1,0.15,20.75
ORD-15094,22-07-2024,23-07-2024,Sara Clark,Corporate,West,Furniture,Bookcases,1972.06,2,0,217.05
ORD-13119,25-09-2023,27-09-2023,Anna Johnson,Consumer,Central,Office Supplies,Paper,166.81,1,0.2,0.3
ORD-10930,09-07-2024,10-07-2024,Carlos Walker,Consumer,South,Furniture,Furnishings,1544.07,3,0,133.46
ORD-11598,10-07-2024,12-07-2024,Anna Walker,Consumer,South,Furniture,Bookcases,1281.98,2,0,-123.92
ORD-14678,22-02-2023,23-02-2023,Grace Wilson,Corporate,South,Technology,Accessories,3083.44,4,0,1103.33
ORD-18219,04-01-2024,05-01-2024,Maria Davis,Home Office,Central,Office Supplies,Labels,12.54,1,0.15,-0.96
ORD-17168,05-06-2024,06-06-2024,Priya Wilson,Consumer,south,Office Supplies,Paper,48.94,1,0,12.99
ORD-16515,08-12-2024,13-12-2024,Maria Clark,Consumer,West,Furniture,Bookcases,2102.36,2,0,-853.82
ORD-14368,12-09-2023,14-09-2023,Kevin Chen,Corporate,South,Office Supplies,Envelopes,75.52,1,0.15,7.53
ORD-19600,23-08-2024,26-08-2024,John Clark,Consumer,West,Furniture,Chairs,790.53,1,0,-51.11
ORD-12186,22-10-2024,27-10-2024,Mohammed Johnson,Consumer,West,Office Supplies,Labels,351.19,3,0.15,40.34
ORD-16312,20-03-2022,23-03-2022,David Young,Corporate,East,Office Supplies,Paper,979.75,5,0,211.03
ORD-13416,15-02-2022,18-02-2022,Fatima Lewis,Corporate,West,Technology,Accessories,4060.2,3,0.2,424.04
ORD-15687,16-04-2023,23-04-2023,Wei Garcia,Corporate,South,Technology,Phones,3039.63,3,0,124.92
ORD-12946,27-06-2024,29-06-2024,Linda Khan,Consumer,East,Furniture,Bookcases,237.43,3,0.2,16.21
ORD-11376,15-04-2022,18-04-2022,,Home Office,West,Technology,Accessories,778.75,4,0.1,118.5
ORD-15813,07-06-2024,09-06-2024,James Walker,Consumer,West,Furniture,Chairs,2198.16,4,0,750.31
ORD-14773,21-08-2024,25-08-2024,Fatima Lewis,Corporate,Central,Office Supplies,Storage,442.03,2,0.1,77.98
ORD-18493,07-03-2022,12-03-2022,Priya Rodriguez,Home Office,Central,Office Supplies,Envelopes,19.83,1,0,3.77
ORD-10057,10-08-2023,17-08-2023,Fatima Brown,Corporate,West,Office Supplies,Labels,5.09,1,0.1,0.84
ORD-15211,26-10-2024,29-10-2024,Anna Lewis,Corporate,East,Office Supplies,Art,313.53,3,0,17.85
ORD-19723,07-02-2022,10-02-2022,John Patel,Consumer,West,Office Supplies,Paper,381.09,3,0.3,42.85
ORD-14760,04-02-2024,05-02-2024,Tom Clark,Home Office,South,Technology,Accessories,1681.72,4,0,2.33
ORD-19059,04-08-2023,06-08-2023,Fatima Rodriguez,Consumer,East,Office Supplies,Paper,26.16,2,0.2,1.41
ORD-12063,19-12-2022,24-12-2022,Grace Lewis,Consumer,East,Furniture,Chairs,814.06,1,0.2,65.78
ORD-17298,07-09-2024,12-09-2024,Wei Davis,Corporate,West,Office Supplies,Paper,54.04,1,0.5,0.61
ORD-18074,27-04-2024,28-04-2024,James Davis,Consumer,Central,Office Supplies,Storage,109.85,1,0.1,23.31
ORD-19639,16-10-2022,18-10-2022,James Clark,Corporate,East,Technology,Copiers,1175.05,1,0.15,347.15
ORD-13224,21-04-2022,23-04-2022,Sara Clark,Consumer,CENTRAL,Furniture,Bookcases,4208.68,5,0.2,-1790.05
ORD-14116,19-09-2023,20-09-2023,Maria Walker,Corporate,West,Technology,Phones,888.73,1,0.3,97.96
ORD-12370,12-06-2024,13-06-2024,Wei Smith,Consumer,East,Office Supplies,Binders,298.24,4,0.2,23.54
ORD-17286,12-08-2023,14-08-2023,Wei Martinez,Home Office,Central,Furniture,Chairs,875.41,4,0.1,-42.35
ORD-14112,21-01-2023,25-01-2023,Sara Johnson,Home Office,East,Office Supplies,Art,238.46,5,0.1,28.12
ORD-15776,10-10-2023,12-10-2023,James Davis,Home Office,South,Technology,Copiers,300.19,2,0.1,-15.89
ORD-12276,01-08-2024,05-08-2024,Anna Wilson,Consumer,West,Office Supplies,Binders,755.16,5,0.3,-61.61
ORD-17474,01-12-2022,05-12-2022,Carlos Chen,Consumer,Central,Office Supplies,Art,129.18,1,0.1,-3.92
ORD-11793,22-10-2024,26-10-2024,Fatima Young,Corporate,East,Office Supplies,Storage,38.99,1,0.15,4.25
ORD-16329,15-10-2024,18-10-2024,Wei Walker,Consumer,Central,Technology,Copiers,1855.35,5,0,203.45
ORD-18603,17-06-2022,18-06-2022,Fatima Chen,Consumer,East,Technology,Copiers,1193.44,1,0.4,146.96
ORD-12265,03-06-2024,07-06-2024,,Consumer,Central,Office Supplies,Binders,349.15,5,0,126.89
ORD-14113,19-12-2024,22-12-2024,Kevin Rodriguez,Corporate,Central,Furniture,Bookcases,729.81,1,0.15,-28.93
ORD-19212,22-11-2022,24-11-2022,Carlos Young,Consumer,Central,Office Supplies,Storage,57.76,2,0,6.7
ORD-18908,17-12-2024,21-12-2024,James Rodriguez,Consumer,East,Office Supplies,Art,281.61,2,0.3,55.67
ORD-13184,09-11-2023,12-11-2023,Tom Johnson,Home Office,West,Office Supplies,Art,522.23,3,0.1,147.49
ORD-10041,24-07-2022,29-07-2022,John Lee,Consumer,West,Office Supplies,Envelopes,1221.54,6,0,348
ORD-19008,06-08-2023,08-08-2023,Fatima Davis,Corporate,East,Technology,Machines,6996.45,4,0.2,1362.42
ORD-10838,23-12-2023,27-12-2023,David Smith,Consumer, West ,Office Supplies,Paper,1095.9,6,0,244.86
ORD-15632,15-03-2023,18-03-2023,Linda Patel,Corporate,East,Furniture,Tables,2450.95,5,0.5,-626.45
ORD-15498,21-03-2022,26-03-2022,Grace Clark,Corporate,West,Office Supplies,Labels,90.8,5,0,22.09
ORD-12182,12-09-2023,14-09-2023,Grace Patel,Corporate,East,Technology,Machines,1428.89,1,0.15,-202.73
ORD-11729,08-10-2022,13-10-2022,Mohammed Khan,Home Office,Central,Furniture,Chairs,979.74,4,0.2,-306.06
ORD-14683,16-04-2024,17-04-2024,Wei Rodriguez,Corporate,South,Office Supplies,Binders,351.36,3,0.2,120.51
ORD-18837,24-11-2023,28-11-2023,Sara Martinez,Home Office,East,Furniture,Furnishings,128.34,1,0,20.83
ORD-15182,19-08-2024,23-08-2024,Tom Martinez,Consumer,South,Furniture,Chairs,5340.46,6,0.15,1033.61
ORD-13758,05-04-2024,08-04-2024,Linda Davis,Corporate,Central,Office Supplies,Storage,185,4,0,26.5
ORD-16965,01-01-2022,03-01-2022,John Chen,Consumer,Central,Technology,Machines,3394.71,3,0,627.93
ORD-12970,19-07-2022,23-07-2022,Anna Walker,Consumer,Central,Office Supplies,Envelopes,511.26,3,0,170.99
ORD-19192,20-09-2024,22-09-2024,Nina Brown,Consumer,Central,Technology,Accessories,1280.71,2,0.15,282.3
ORD-13190,02-07-2023,05-07-2023,Grace Martinez,Consumer,Central,Office Supplies,Labels,738.88,4,0,171.55
ORD-17299,12-09-2022,19-09-2022,Fatima Martinez,Corporate,East,Office Supplies,Labels,64.67,1,0,5.96
ORD-12079,18-04-2023,19-04-2023,Carlos Martinez,Consumer,West,Office Supplies,Art,204.72,1,0.15,32.49
ORD-15931,07-07-2022,09-07-2022,Wei Davis,Corporate,East,Office Supplies,Envelopes,110.96,2,0,30.89
ORD-11764,26-12-2023,28-12-2023,Grace Rodriguez,Corporate,East,Office Supplies,Labels,216.75,1,0.1,0.4
ORD-15872,22-04-2024,24-04-2024,David Johnson,Home Office,Central,Furniture,Furnishings,729.84,1,0.1,-141.52
ORD-13537,04-05-2022,06-05-2022,Sara Lee,Consumer,East,Office Supplies,Binders,221.72,4,0.1,21.75
ORD-10195,11-02-2024,14-02-2024,Carlos Patel,Corporate,West,Office Supplies,Binders,267.64,2,0,65.85
ORD-12016,05-09-2023,08-09-2023,Grace Brown,Corporate,East,Furniture,Tables,1561.52,6,0.15,-380.31
ORD-15904,19-05-2022,21-05-2022,Grace Johnson,Consumer,South,Furniture,Bookcases,669.33,2,0.1,150.89
ORD-11447,26-11-2022,27-11-2022,Wei Martinez,Corporate,Central,Furniture,Furnishings,2766.54,4,0.3,-1084.43
ORD-14264,25-01-2023,28-01-2023,Mohammed Clark,Home Office,East,Technology,Machines,9395.96,5,0.2,-587.38
ORD-10093,13-08-2023,15-08-2023,Kevin Martinez,Corporate,South,Office Supplies,Binders,43.55,1,0,9.74
ORD-12326,20-02-2022,22-02-2022,Linda Lee,Consumer,South,Technology,Phones,1573.76,3,0.3,-230.12
ORD-11644,04-12-2022,09-12-2022,Linda Walker,Consumer,West,Office Supplies,Labels,171.93,1,0.1,25.99
ORD-19140,04-06-2022,08-06-2022,Wei Johnson,Corporate,East,Office Supplies,Art,146.8,1,0.4,3.63
ORD-13151,15-11-2023,16-11-2023,Wei Lewis,Consumer,East,Technology,Machines,1308.77,1,0.15,329.88
ORD-15870,10-10-2024,13-10-2024,Priya Smith,Consumer,South,Office Supplies,Paper,196.6,4,0.1,53.76
ORD-13411,25-06-2022,29-06-2022,Wei Davis,Consumer,West,Office Supplies,Paper,419.08,2,0,44.13
ORD-10772,23-03-2022,24-03-2022,Carlos Khan,Consumer,Central,Office Supplies,Binders,81.47,1,0,15.79
ORD-19687,05-11-2022,08-11-2022,James Garcia,Corporate,Central,Office Supplies,Paper,148.04,1,0.3,9.37
ORD-12622,25-04-2022,26-04-2022,Tom Rodriguez,Consumer,South,Furniture,Tables,1274.44,5,0.1,-64.68
ORD-17751,15-03-2024,22-03-2024,Nina Patel,Consumer,South,Office Supplies,Labels,447.44,3,0.4,31.95
ORD-14129,12-03-2022,13-03-2022,Nina Smith,Consumer,East,Office Supplies,Art,61.89,1,0.4,-8.33
ORD-11987,19-07-2023,20-07-2023,David Chen,Home Office,East,Office Supplies,Storage,31.13,1,0.15,4.85
ORD-10474,25-05-2023,26-05-2023,Nina Wilson,Consumer,EAST,Office Supplies,Paper,20.21,2,0.15,3.19
ORD-13153,11-12-2023,14-12-2023,Tom Rodriguez,Consumer,East,Office Supplies,Envelopes,586.11,3,0,17.94
ORD-13465,03-03-2022,05-03-2022,Wei Johnson,Consumer,East,Office Supplies,Storage,246.51,3,0.15,4.62
ORD-10397,06-08-2024,10-08-2024,Tom Patel,Consumer,East,Technology,Phones,10757.02,5,0.1,4132.29
ORD-19588,14-10-2022,18-10-2022,Wei Lee,Corporate,Central,Office Supplies,Binders,307.16,2,0.3,5.26
ORD-12943,18-05-2024,19-05-2024,James Davis,Consumer,West,Office Supplies,Labels,50.2,4,0,8.43
ORD-14465,24-02-2023,25-02-2023,Grace Young,Consumer,East,Technology,Copiers,574.97,1,0.1,-14.49
ORD-14882,12-09-2024,17-09-2024,James Garcia,Corporate,East,Office Supplies,Binders,102.21,1,0.1,1.42
ORD-15329,12-12-2022,17-12-2022,Maria Lee,Corporate,South,Office Supplies,Storage,609.66,3,0,191.42
ORD-12236,25-06-2024,26-06-2024,Mohammed Clark,Corporate,East,Technology,Copiers,3015.66,3,0,903.42
ORD-19527,23-11-2024,25-11-2024,Kevin Chen,Consumer,Central,Technology,Copiers,1843.11,4,0.15,-200.26
ORD-16154,04-07-2023,06-07-2023,Sara Davis,Corporate,East,Office Supplies,Binders,430.14,2,0,46.85
ORD-18150,13-05-2022,14-05-2022,Mohammed Smith,Consumer,Central,Office Supplies,Binders,710.12,4,0.15,165.45
ORD-18229,20-01-2022,21-01-2022,Kevin Patel,Home Office,East,Furniture,Furnishings,2302.44,4,0,-549.19
ORD-18993,05-09-2022,09-09-2022,Tom Young,Corporate,East,Office Supplies,Binders,67.14,1,0.15,0.86
ORD-15874,27-10-2022,01-11-2022,Nina Khan,Corporate,Central,Office Supplies,Labels,99.52,2,0,13.66
ORD-18070,03-07-2022,10-07-2022,Tom Patel,Home Office,East,Furniture,Tables,456.34,3,0.4,-227.21
ORD-11765,27-10-2023,29-10-2023,Carlos Rodriguez,Corporate,East,Office Supplies,Storage,385.75,3,0.2,40.22
ORD-13216,08-09-2022,,Wei Lee,Consumer,West,Furniture,Chairs,364.06,1,0.4,-211.43
ORD-17259,23-06-2022,26-06-2022,Nina Walker,Consumer,East,Office Supplies,Binders,170.6,1,0.1,5.97
ORD-12220,09-04-2024,10-04-2024,Kevin Patel,Corporate,Central,Technology,Accessories,1955.8,5,0.3,-163.63
ORD-11689,27-11-2024,30-11-2024,Grace Clark,Corporate,South,Office Supplies,Envelopes,117.52,2,0.1,9.92
ORD-16663,17-11-2024,18-11-2024,John Patel,Corporate,West,Technology,Accessories,5982.06,3,0,1354.2
ORD-17418,19-07-2024,22-07-2024,David Lewis,Consumer,South,Furniture,Bookcases,356.19,5,0.3,-12.7
ORD-18781,01-06-2022,05-06-2022,Maria Patel,Consumer,east,Office Supplies,Art,71.08,1,0,26.96
ORD-13138,08-07-2024,13-07-2024,Linda Brown,Corporate,West,Office Supplies,Storage,674.93,6,0.2,118.05
ORD-15591,01-08-2022,02-08-2022,James Clark,Consumer,West,Office Supplies,Envelopes,101.47,4,0.3,-1.42
ORD-19342,10-09-2022,12-09-2022,Linda Wilson,Corporate,West,Technology,Accessories,611.42,2,0.3,0.5
ORD-11238,19-01-2023,21-01-2023,Nina Lewis,Consumer,West,Technology,Copiers,305.19,3,0,80.33
ORD-15723,26-12-2022,30-12-2022,Kevin Wilson,Corporate,West,Technology,Machines,406.5,2,0.5,-100.86
ORD-16089,05-09-2022,07-09-2022,Tom Walker,Home Office,Central,Furniture,Chairs,1777.36,3,0.1,-540.9
ORD-18712,25-10-2022,26-10-2022,Anna Young,Consumer,South,Office Supplies,Envelopes,105.57,2,0.1,-6.52
ORD-12513,13-12-2024,15-12-2024,Linda Smith,Home Office,Central,Office Supplies,Storage,124.15,5,0.1,24.83
ORD-19049,22-01-2023,24-01-2023,Maria Chen,Consumer,East,Office Supplies,Envelopes,1118.45,6,0.2,280.26
ORD-12462,14-05-2023,19-05-2023,Mohammed Lewis,Home Office,Central,Office Supplies,Binders,164.54,1,0.15,24.97
ORD-17576,16-01-2023,17-01-2023,Nina Young,Consumer,Central,Furniture,Tables,1715.61,3,0.5,-401.39
ORD-11836,09-09-2022,,Grace Walker,Consumer,East,Technology,Accessories,1690.54,2,0.2,-168.82
ORD-19121,05-11-2024,08-11-2024,Carlos Smith,Consumer,Central,Technology,Accessories,783.79,1,0.3,87.3
ORD-16200,17-12-2024,18-12-2024,Mohammed Young,Corporate,South,Office Supplies,Paper,114.7,2,0.3,0.73
ORD-15651,09-10-2022,14-10-2022,,Home Office,East,Furniture,Tables,575.27,1,0,327.79
ORD-10160,23-03-2022,27-03-2022,Priya Patel,Consumer,East,Furniture,Furnishings,3225.64,6,0.4,-1272.04
ORD-13632,26-10-2022,27-10-2022,Nina Khan,Home Office,West,Technology,Phones,3457.82,3,0.3,321.12
ORD-17941,07-04-2022,08-04-2022,Fatima Smith,Home Office,South,Office Supplies,Labels,224.05,2,0.1,81.76
ORD-11971,17-12-2022,21-12-2022,Fatima Smith,Consumer,South,Office Supplies,Envelopes,384.03,3,0,165.39
ORD-17245,07-06-2022,08-06-2022,James Garcia,Corporate,Central,Technology,Phones,929.3,1,0.4,163.83
ORD-13930,24-05-2024,25-05-2024,John Lee,Home Office,Central,Office Supplies,Labels,123.26,1,0.3,10.52
ORD-13860,22-09-2023,24-09-2023,Carlos Lee,Corporate,East,Office Supplies,Art,539.78,4,0.3,62
ORD-14545,14-07-2022,19-07-2022,Grace Brown,Consumer,South,Office Supplies,Labels,120.75,1,0.5,-9.98
ORD-17229,03-09-2022,07-09-2022,David Rodriguez,Consumer,West,Technology,Copiers,670.18,2,0,311.17
ORD-13091,22-05-2024,24-05-2024,Tom Lewis,Consumer,West,Office Supplies,Labels,981.26,6,0.2,74.28
ORD-15233,24-07-2023,28-07-2023,Carlos Brown,Corporate,Central,Technology,Accessories,691.3,1,0,57.03
ORD-17326,23-10-2022,24-10-2022,Carlos Martinez,Corporate,West,Technology,Phones,3457.9,2,0,321.04
ORD-17672,05-12-2024,09-12-2024,Fatima Khan,Corporate,Central,Office Supplies,Binders,13.92,1,0.4,-0.76
ORD-13556,02-07-2024,07-07-2024,Fatima Smith,Consumer,West,Office Supplies,Art,153.62,2,0,12.91
ORD-16344,11-08-2024,15-08-2024,Priya Wilson,Home Office,East,Office Supplies,Art,217.06,2,0.3,29.45
ORD-17588,21-07-2022,22-07-2022,Priya Lee,Consumer,South,Technology,Machines,1346.82,1,0.15,-171
ORD-14322,06-02-2023,10-02-2023,John Clark,Consumer,South,Technology,Accessories,1434.29,1,0.3,35
ORD-19159,23-12-2022,26-12-2022,Nina Lee,Corporate,West,Office Supplies,Storage,152.81,1,,33.95
ORD-10444,20-12-2023,22-12-2023,James Brown,Consumer,South,Furniture,Bookcases,1093.5,3,0,6.8
ORD-10640,01-08-2024,03-08-2024,John Martinez,Corporate,Central,Furniture,Tables,3102.6,3,0,559.7
ORD-13371,10-05-2022,13-05-2022,Maria Patel,Consumer,South,Furniture,Tables,468.02,1,0.15,-50.14
ORD-13256,15-03-2024,18-03-2024,Tom Lewis,Corporate,Central,Furniture,Bookcases,3215.31,5,0.4,-351.61
ORD-13886,20-11-2024,23-11-2024,Grace Garcia,Corporate,West,Furniture,Bookcases,975.06,1,0,-98.47
ORD-12606,11-01-2023,15-01-2023,Priya Khan,Consumer,South,Office Supplies,Storage,53.72,1,0,4.91
ORD-13487,04-11-2022,06-11-2022,John Rodriguez,Consumer,West,Office Supplies,Binders,255.94,6,0.2,25.73
ORD-12921,15-12-2023,17-12-2023,Wei Patel,Consumer,West,Technology,Phones,5644.05,3,0,613.99
ORD-11153,05-08-2023,07-08-2023,Priya Smith,Corporate,west,Technology,Phones,498.55,1,0,-25.37
ORD-13585,07-03-2024,09-03-2024,Anna Patel,Home Office,East,Furniture,Chairs,146.34,2,0.15,2.6
ORD-13588,27-07-2023,29-07-2023,Wei Brown,Consumer,West,Office Supplies,Labels,181.3,1,0.2,-9.24
ORD-13421,07-06-2023,10-06-2023,Grace Young,Consumer,East,Office Supplies,Paper,119.7,1,0,5.65
ORD-13198,12-08-2022,19-08-2022,Fatima Lewis,Consumer,West,Technology,Accessories,1827.26,1,0.15,-57.64
ORD-16370,16-03-2024,17-03-2024,David Johnson,Consumer,West,Office Supplies,Storage,114.42,1,0.1,22.72
ORD-15203,17-08-2023,21-08-2023,Mohammed Brown,Consumer,West,Office Supplies,Binders,295.54,2,0.3,58.07
ORD-11181,11-11-2022,13-11-2022,Mohammed Martinez,Consumer,West,Office Supplies,Labels,116.31,4,0.3,-0.27
ORD-19741,11-10-2022,15-10-2022,Mohammed Young,Corporate,West,Furniture,Furnishings,143.25,1,0.1,-68.13
ORD-18120,21-01-2022,25-01-2022,James Lee,Corporate,Central,Office Supplies,Binders,974.28,4,0,288.27
ORD-10321,16-09-2023,21-09-2023,Nina Khan,Home Office,West,Office Supplies,Art,84.46,1,0,4.96
ORD-19117,06-06-2023,10-06-2023,John Walker,Consumer,East,Office Supplies,Paper,252.7,4,0.5,-36.64
ORD-18624,11-11-2022,13-11-2022,Carlos Martinez,Consumer,West,Technology,Machines,2423.25,2,0.1,471.73
ORD-13818,08-09-2022,12-09-2022,Fatima Smith,Consumer,East,Office Supplies,Paper,139.56,1,0.1,9.16
ORD-16211,26-10-2024,30-10-2024,John Brown,Corporate,Central,Office Supplies,Art,66.31,6,0.1,16.38
ORD-14224,15-05-2024,19-05-2024,Nina Patel,Consumer,West,Technology,Phones,451.68,1,0.2,49.58
ORD-10636,09-07-2024,11-07-2024,Kevin Lewis,Consumer,East,Technology,Copiers,1262.88,3,0,-63.42
ORD-12468,01-09-2022,03-09-2022,Kevin Wilson,Corporate,South,Office Supplies,Art,714.93,3,0,50.86
ORD-12384,07-10-2024,10-10-2024,Carlos Walker,Home Office,West,Office Supplies,Art,764.28,4,0,267.78
ORD-17256,20-10-2022,21-10-2022,Anna Young,Corporate,East,Office Supplies,Art,164.16,3,0.1,36.69
ORD-10279,16-02-2022,20-02-2022,Tom Young,Home Office,South,Technology,Phones,12895.92,6,0,1581.02
ORD-17554,10-12-2024,11-12-2024,Wei Smith,Home Office,South,Technology,Machines,1683.23,1,0.1,243.25
ORD-17797,01-05-2024,02-05-2024,Fatima Garcia,Corporate,West,Office Supplies,Labels,261.46,2,0.3,42
ORD-17126,04-08-2024,09-08-2024,Kevin Walker,Consumer,West,Furniture,Chairs,1062.96,3,0.3,66
ORD-12797,18-07-2023,19-07-2023,Fatima Young,Consumer,West,Furniture,Bookcases,916.13,2,0.1,89.65
ORD-11820,18-12-2023,23-12-2023,,Home Office,East,Technology,Machines,3879.44,2,0,727.53
ORD-19174,19-01-2022,23-01-2022,Maria Martinez,Consumer,South,Technology,Machines,7927.43,5,0.3,929.3
ORD-16969,13-09-2023,17-09-2023,Sara Brown,Consumer,South,Technology,Phones,2208.1,1,0.1,724.99
ORD-19617,22-12-2022,25-12-2022,Priya Khan,Consumer,South,Technology,Copiers,100,1,0.5,-20.87
ORD-11143,17-01-2023,21-01-2023,Sara Brown,Consumer,Central,Technology,Accessories,404.23,4,0.15,46.07
ORD-11294,14-06-2022,18-06-2022,Nina Patel,Corporate,South,Office Supplies,Labels,146.99,4,0.1,22.3
ORD-17959,19-07-2022,24-07-2022,Sara Rodriguez,Consumer, South ,Furniture,Bookcases,1629.8,5,0,360.46
ORD-15505,06-05-2024,07-05-2024,Priya Walker,Consumer,West,Office Supplies,Labels,285.58,3,0.1,84.05
ORD-17631,13-11-2023,17-11-2023,John Clark,Corporate,West,Office Supplies,Art,178.56,3,0.3,-13.36
ORD-10913,06-11-2023,11-11-2023,Tom Brown,Corporate,East,Furniture,Furnishings,219.46,1,0,-28.16
ORD-13699,05-07-2023,06-07-2023,Carlos Wilson,Corporate,West,Technology,Machines,7713.24,4,0,2451.26
ORD-16512,22-03-2024,24-03-2024,James Martinez,Consumer,Central,Office Supplies,Envelopes,245.52,2,0,50.97
ORD-12840,05-12-2023,08-12-2023,Maria Lewis,Consumer,East,Technology,Machines,4091.74,3,0.4,903.06
ORD-19293,09-10-2024,11-10-2024,Grace Wilson,Consumer,East,Office Supplies,Envelopes,162.48,1,0.1,34.21
ORD-10120,25-11-2022,30-11-2022,Kevin Martinez,Corporate,Central,Technology,Copiers,2946.17,3,0.4,221.61
ORD-14072,19-10-2024,21-10-2024,Mohammed Lewis,Consumer,West,Office Supplies,Art,811.37,5,0.15,221.56
ORD-12435,25-09-2024,27-09-2024,Nina Clark,Consumer,South,Technology,Phones,849.26,2,0,116.08
ORD-11586,17-03-2023,20-03-2023,Mohammed Brown,Corporate,Central,Office Supplies,Storage,99.34,1,0.5,-18.55
ORD-18466,27-07-2022,30-07-2022,Sara Patel,Home Office,west,Furniture,Tables,1129.93,2,0.4,-338.17
ORD-14853,07-06-2023,12-06-2023,Sara Davis,Corporate,South,Office Supplies,Art,399.18,3,0.15,49.93
ORD-14133,16-06-2024,19-06-2024,Anna Smith,Consumer,West,Office Supplies,Binders,8.46,1,0,2.28
ORD-15465,19-02-2022,21-02-2022,Maria Clark,Consumer,West,Office Supplies,Labels,157.92,3,0.15,39.63
ORD-14513,15-06-2024,17-06-2024,Mohammed Davis,Corporate,South,Technology,Machines,2020.12,1,0,545.37
ORD-10111,03-06-2023,06-06-2023,Grace Lewis,Corporate,Central,Furniture,Furnishings,1316.08,3,0.15,-214.65
ORD-11246,13-05-2022,17-05-2022,Carlos Lee,Home Office,West,Office Supplies,Storage,37.18,1,0.2,4.6
ORD-13655,15-11-2023,16-11-2023,Maria Rodriguez,Corporate,South,Furniture,Tables,2386.7,3,0.15,-460.06
ORD-19465,21-12-2022,24-12-2022,Priya Smith,Corporate,West,Technology,Accessories,5094.29,6,0.2,-313.48
ORD-13226,01-09-2024,02-09-2024,Anna Martinez,Consumer,east,Furniture,Furnishings,1191.18,2,0.2,-119.63
ORD-11244,17-12-2022,22-12-2022,James Rodriguez,Corporate,East,Office Supplies,Art,958.05,5,0,286.2
ORD-12581,27-08-2023,01-09-2023,Mohammed Lee,Consumer,West,Technology,Machines,803.7,1,0.1,176.66
ORD-14341,10-07-2023,13-07-2023,Sara Smith,Corporate,Central,Technology,Phones,4654.4,4,0.15,724.35
ORD-17360,19-12-2022,22-12-2022,David Johnson,Consumer,West,Technology,Machines,1892.34,1,0.2,302.94
ORD-19236,19-12-2023,24-12-2023,Mohammed Chen,Corporate,West,Office Supplies,Envelopes,337.48,3,0.5,-113.44
ORD-11847,07-04-2024,09-04-2024,Grace Brown,Consumer,West,Technology,Machines,1494.21,2,0.3,209.09
ORD-13619,01-12-2023,02-12-2023,David Rodriguez,Corporate,Central,Office Supplies,Envelopes,83.76,2,0,24.48
ORD-19585,27-11-2023,30-11-2023,Grace Young,Consumer,South,Technology,Machines,4634.2,4,0.3,-139.1
ORD-11295,03-05-2024,10-05-2024,Grace Lee,Home Office,East,Office Supplies,Storage,33.68,1,0,7.22
ORD-18892,26-01-2024,27-01-2024,Kevin Lee,Corporate,East,Technology,Accessories,2484.91,1,0,139.92
ORD-19715,02-06-2023,03-06-2023,Priya Davis,Consumer,West,Office Supplies,Binders,65.48,1,0,9.45
ORD-12771,09-07-2024,12-07-2024,Kevin Rodriguez,Consumer,central,Furniture,Furnishings,2362.95,5,0,293.53
ORD-13428,06-03-2022,,Maria Johnson,Consumer,West,Technology,Machines,145.84,2,0,41.84
ORD-14289,12-08-2024,14-08-2024,Nina Walker,Consumer,Central,Office Supplies,Paper,107.95,1,0.15,21.89
ORD-11726,23-02-2022,24-02-2022,Fatima Johnson,Home Office,Central,Furniture,Tables,2660.31,3,0,874.58
ORD-14442,09-08-2022,13-08-2022,Wei Patel,Consumer,South,Technology,Copiers,3963.94,2,0.1,367.63
ORD-19198,08-08-2024,12-08-2024,Wei Brown,Consumer,South,Furniture,Chairs,424.63,1,0.15,40.65
ORD-15802,19-11-2023,24-11-2023,Carlos Patel,Consumer,West,Technology,Accessories,1958.72,1,0,816.61
ORD-10035,26-11-2022,27-11-2022,David Rodriguez,Consumer,West,Office Supplies,Labels,229.94,4,0.4,22.61
ORD-13836,08-03-2023,09-03-2023,John Johnson,Consumer,West,Office Supplies,Binders,15.24,2,0.4,1.21
ORD-13444,05-05-2022,07-05-2022,Linda Patel,Consumer,West,Technology,Accessories,1672.46,1,0.1,106.67
ORD-14727,23-07-2024,27-07-2024,David Smith,Consumer,Central,Technology,Copiers,5371.96,4,0.1,1137.92
ORD-11721,04-04-2023,05-04-2023,John Lewis,Consumer,West,Office Supplies,Art,14.35,1,0.15,1.76
ORD-17744,17-08-2024,19-08-2024,Carlos Lee,Consumer,Central,Office Supplies,Storage,871.95,5,0,148.16
ORD-19277,14-10-2024,17-10-2024,Mohammed Young,Home Office,South,Furniture,Bookcases,1963.33,2,0.15,-138.12
ORD-12129,26-06-2022,28-06-2022,John Rodriguez,Corporate,West,Office Supplies,Art,358.32,5,0.15,16.76
ORD-10848,04-07-2023,09-07-2023,David Clark,Consumer,West,Technology,Machines,2490.88,2,0,806.44
ORD-16338,07-09-2023,08-09-2023,Linda Chen,Consumer,East,Technology,Accessories,2213.56,2,0,-41.88
ORD-11632,18-01-2024,20-01-2024,Mohammed Garcia,Consumer,South,Technology,Machines,562.81,1,0.1,140.15
ORD-11394,15-12-2023,17-12-2023,Maria Clark,Consumer,SOUTH,Office Supplies,Storage,323.47,3,0.15,-6.18
ORD-14301,16-11-2024,20-11-2024,Sara Patel,Consumer,South,Office Supplies,Binders,515.97,3,0.1,77.92
ORD-17986,27-12-2023,01-01-2024,Grace Davis,Consumer,South,Office Supplies,Envelopes,243.43,3,0.1,91.55
ORD-11618,15-03-2023,16-03-2023,Nina Khan,Corporate, West ,Office Supplies,Art,954.48,4,0,276.39
ORD-17953,07-09-2023,10-09-2023,Maria Smith,Consumer,West,Office Supplies,Storage,391.44,4,0.3,-21.28
ORD-12992,04-11-2023,06-11-2023,Linda Wilson,Home Office,Central,Technology,Copiers,1539.03,6,0.15,135.56
ORD-11895,21-02-2023,25-02-2023,Tom Brown,Consumer,West,Technology,Accessories,35.16,1,0.15,-1.53
ORD-11542,10-07-2024,11-07-2024,Kevin Chen,Consumer,Central,Office Supplies,Storage,108.55,1,0.3,21.18
ORD-10679,25-12-2022,27-12-2022,Carlos Clark,Consumer,East,Office Supplies,Art,41.56,4,0,16.57
ORD-11727,23-07-2022,25-07-2022,Sara Garcia,Corporate,West,Technology,Accessories,3100.93,2,0.2,724.36
ORD-13811,02-05-2023,05-05-2023,Wei Johnson,Corporate,South,Office Supplies,Storage,1087.94,6,0.1,39.92
ORD-17448,21-12-2024,23-12-2024,Sara Patel,Corporate,West,Office Supplies,Paper,80.46,2,0.15,8.24
ORD-17918,08-11-2023,09-11-2023,Sara Wilson,Consumer,SOUTH,Office Supplies,Binders,65.62,1,0.15,5.7
ORD-10627,23-10-2022,28-10-2022,Nina Garcia,Consumer,East,Office Supplies,Paper,103.73,1,0.1,10.61
ORD-17887,08-02-2024,11-02-2024,John Walker,Consumer,Central,Technology,Phones,6053,6,0.3,-308.59
ORD-18456,20-08-2023,25-08-2023,Tom Walker,Home Office,South,Furniture,Tables,805.79,1,0,-41.38
ORD-17451,13-04-2024,15-04-2024,James Rodriguez,Consumer,East,Office Supplies,Binders,151.6,1,0.1,11.77
ORD-14948,15-04-2024,19-04-2024,Mohammed Khan,Consumer,West,Office Supplies,Binders,1057.86,6,0.1,86.24
ORD-15250,27-06-2024,29-06-2024,Tom Garcia,Consumer,South,Technology,Machines,50.6,1,0,-3.31
ORD-13401,17-08-2023,20-08-2023,Grace Khan,Home Office,Central,Technology,Copiers,2122.87,1,0.15,607.86
ORD-13815,15-11-2022,17-11-2022,Anna Garcia,Consumer,West,Office Supplies,Storage,60.44,1,0.5,-8.51
ORD-15393,23-09-2024,24-09-2024,Anna Clark,Corporate,South,Office Supplies,Envelopes,43.89,2,0.2,8.6
ORD-17641,03-09-2024,05-09-2024,Kevin Wilson,Home Office,East,Technology,Machines,1249.07,1,0.15,250.9
ORD-10448,10-11-2023,11-11-2023,Tom Davis,Consumer,West,Technology,Copiers,9552.12,4,,1437.23
ORD-10207,03-11-2022,10-11-2022,John Rodriguez,Home Office,Central,Office Supplies,Storage,594.5,4,0.2,110.72
ORD-15064,06-02-2023,08-02-2023,James Lewis,Consumer,Central,Furniture,Tables,53.96,1,0.4,-12.75
ORD-15682,02-08-2022,07-08-2022,Maria Johnson,Corporate,South,Office Supplies,Binders,59.76,2,0.5,0.04
ORD-10981,27-03-2024,29-03-2024,James Johnson,Corporate,East,Office Supplies,Art,23.61,1,0.2,3.83
ORD-17935,18-08-2022,22-08-2022,John Chen,Home Office,East,Office Supplies,Binders,404.84,3,0.3,22.25
ORD-14750,10-01-2022,12-01-2022,David Martinez,Corporate,Central,Office Supplies,Envelopes,51.47,1,0.15,6.47
ORD-16705,05-09-2022,09-09-2022,Wei Johnson,Consumer,East,Office Supplies,Paper,90.19,1,0.15,-6.03
ORD-15387,19-06-2022,21-06-2022,Priya Young,Corporate,East,Technology,Accessories,1334.14,2,0.5,-39.92
ORD-12980,16-09-2023,19-09-2023,Fatima Garcia,Consumer,Central,Office Supplies,Labels,1035.26,6,0.2,10.45
ORD-18811,16-11-2023,21-11-2023,James Lee,Consumer,Central,Technology,Accessories,1468.38,1,0,83.03
ORD-15110,25-01-2024,26-01-2024,Sara Johnson,Home Office,South,Office Supplies,Envelopes,26.95,1,0,8.6
ORD-16594,05-03-2024,09-03-2024,Nina Johnson,Corporate,East,Office Supplies,Paper,97.38,4,0.3,3.28
ORD-19237,04-02-2023,05-02-2023,Anna Rodriguez,Home Office,East,Technology,Machines,3858.55,5,0,679.59
ORD-15311,26-12-2022,29-12-2022,Wei Smith,Home Office,East,Technology,Phones,1318.61,1,0.15,201.31
ORD-14907,25-01-2022,27-01-2022,Carlos Garcia,Corporate,East,Office Supplies,Envelopes,255.31,4,0.1,38.02
ORD-18958,06-12-2023,07-12-2023,Linda Lee,Consumer,West,Office Supplies,Paper,130.2,1,0.3,2.95
ORD-19732,23-11-2022,26-11-2022,Kevin Smith,Corporate,Central,Technology,Copiers,41.86,1,0.1,12.97
ORD-15355,24-06-2023,26-06-2023,Linda Khan,Consumer,East,Office Supplies,Binders,425.9,2,0,204.48
ORD-11266,06-05-2024,08-05-2024,Sara Johnson,Corporate,Central,Technology,Machines,81.25,1,0,13.27
ORD-13476,15-09-2022,16-09-2022,Linda Lewis,Home Office,Central,Office Supplies,Paper,688.89,3,0,132.15
ORD-12848,01-09-2023,04-09-2023,Mohammed Rodriguez,Consumer,East,Office Supplies,Storage,54.55,3,0.2,-2.07
ORD-17144,14-10-2022,16-10-2022,David Clark,Home Office,West,Technology,Phones,4893,4,0,764.46
ORD-19119,07-03-2023,09-03-2023,Grace Garcia,Consumer,Central,Office Supplies,Art,955.35,5,0.1,109.36
ORD-11770,13-06-2024,14-06-2024,John Garcia,Consumer,Central,Office Supplies,Binders,221.38,1,0,52.51
ORD-17838,22-08-2022,23-08-2022,Nina Brown,Consumer,South,Office Supplies,Envelopes,155.11,3,0.2,24.76
ORD-14622,01-05-2022,05-05-2022,Carlos Lee,Consumer,East,Technology,Machines,2116.02,1,0,-50.37
ORD-12019,04-03-2023,06-03-2023,James Chen,Consumer,South,Office Supplies,Art,289.38,5,0.15,65.76
ORD-18793,05-03-2024,07-03-2024,Mohammed Davis,Corporate,West,Furniture,Chairs,1468.14,2,0,-642.03
ORD-14964,03-02-2022,07-02-2022,Anna Young,Consumer,East,Office Supplies,Labels,129.68,1,0.15,24.05
ORD-15049,02-07-2024,03-07-2024,Kevin Davis,Corporate,West,Furniture,Furnishings,2916.88,5,0.5,-384.95
ORD-19463,06-09-2022,09-09-2022,Wei Clark,Home Office,East,Office Supplies,Storage,89.08,1,0.4,-2.22
ORD-12973,17-12-2023,18-12-2023,John Wilson,Consumer,West,Office Supplies,Paper,735.43,6,0.1,63.74
ORD-15814,08-10-2023,10-10-2023,Nina Chen,Consumer,South,Office Supplies,Envelopes,75.48,1,0,8.35
ORD-11585,22-12-2024,23-12-2024,Linda Wilson,Consumer,East,Office Supplies,Labels,227.36,2,0,78.04
ORD-19579,24-09-2023,26-09-2023,Grace Johnson,Consumer,South,Technology,Copiers,2988.21,3,0,767.2
ORD-19019,20-05-2023,21-05-2023,Carlos Garcia,Home Office,West,Technology,Copiers,1700.73,1,0.3,-17.82
ORD-16275,03-06-2023,06-06-2023,Grace Walker,Consumer,Central,Furniture,Tables,1006.16,2,0.2,-106.91
ORD-19254,05-11-2022,12-11-2022,Anna Walker,Consumer,West,Technology,Machines,257.06,2,0,30.9
ORD-18642,14-10-2023,18-10-2023,Kevin Garcia,Home Office,South,Technology,Copiers,1274.74,1,0.1,-92.64
ORD-11052,18-05-2022,19-05-2022,Carlos Young,Consumer,West,Technology,Accessories,10729.04,6,0.1,-607.51
ORD-17493,18-09-2022,20-09-2022,Sara Lewis,Consumer,West,Office Supplies,Envelopes,49.26,2,0.2,5.41
ORD-18324,19-12-2022,20-12-2022,Mohammed Martinez,Consumer,East,Office Supplies,Paper,1131.36,6,0,49.39
ORD-14533,07-07-2023,10-07-2023,Carlos Rodriguez,Consumer,West,Office Supplies,Paper,66.99,1,0.2,7.69
ORD-17677,27-04-2023,29-04-2023,James Lee,Consumer,West,Technology,Phones,4579.05,4,0.15,276.97
ORD-13526,06-11-2024,10-11-2024,Kevin Lee,Corporate,West,Office Supplies,Binders,646.05,3,0,74.56
ORD-13049,26-11-2024,27-11-2024,James Martinez,Consumer,East,Office Supplies,Binders,331.63,2,0.3,-1.4
ORD-18980,20-09-2023,25-09-2023,Maria Lewis,Home Office,East,Furniture,Tables,1782.95,3,0.1,-67.56
ORD-12108,13-01-2022,16-01-2022,Linda Brown,Consumer,East,Furniture,Tables,598.51,1,0.2,97.3
ORD-11085,15-12-2024,17-12-2024,Anna Chen,Home Office,West,Technology,Machines,89.04,2,0,9.32
ORD-18707,20-10-2022,22-10-2022,Wei Lee,Consumer,West,Furniture,Furnishings,710.73,1,0.1,12.64
ORD-17984,10-01-2023,13-01-2023,Fatima Davis,Consumer,South,Office Supplies,Envelopes,278.5,4,0.1,-11.41
ORD-10766,16-09-2023,19-09-2023,James Wilson,Consumer,West,Technology,Machines,1479.56,1,0.3,-258.63
ORD-11746,10-11-2024,14-11-2024,Carlos Walker,Corporate,East,Office Supplies,Labels,31.28,1,0.15,1.32
ORD-19096,15-08-2024,18-08-2024,Mohammed Khan,Home Office,Central,Office Supplies,Art,121.82,1,0.5,-11.69
ORD-11008,22-11-2023,24-11-2023,Linda Davis,Consumer,South,Office Supplies,Paper,270.77,6,0.2,-48.96
ORD-15224,11-02-2022,18-02-2022,Priya Young,Corporate,East,Office Supplies,Storage,98.77,2,0.2,23.26
ORD-10622,16-10-2023,17-10-2023,Anna Young,Corporate,East,Office Supplies,Storage,480.2,3,0.1,172.46
ORD-15988,12-11-2023,13-11-2023,John Patel,Consumer,West,Furniture,Chairs,3320.24,4,0.15,-87.3
ORD-13928,19-03-2023,22-03-2023,David Khan,Corporate,Central,Office Supplies,Labels,755.2,4,0,33.64
ORD-15620,11-12-2024,12-12-2024,Wei Lee,Consumer,Central,Technology,Phones,2476.56,3,0.15,-328.97
ORD-15915,19-11-2023,26-11-2023,James Wilson,Corporate,West,Office Supplies,Binders,417.18,3,0,48.23
ORD-15807,12-11-2024,17-11-2024,Kevin Davis,Consumer,South,Furniture,Furnishings,453.16,2,0,22.06
ORD-15703,11-04-2022,14-04-2022,Priya Martinez,Corporate,West,Office Supplies,Labels,56.04,1,0,13.45
ORD-13356,25-03-2024,28-03-2024,Maria Chen,Consumer,East,Office Supplies,Binders,19.08,1,0,4.22
ORD-13507,24-04-2024,25-04-2024,Fatima Rodriguez,Corporate,West,Office Supplies,Binders,353.2,2,0,71.09
ORD-14894,24-05-2022,25-05-2022,Grace Chen,Home Office,West,Office Supplies,Envelopes,407.52,4,0,71.98
ORD-15992,19-06-2023,24-06-2023,Sara Rodriguez,Corporate,East,Office Supplies,Storage,41.9,3,0.3,2.7
ORD-19567,13-08-2024,14-08-2024,Linda Patel,Corporate,Central,Technology,Accessories,696.04,1,0.1,323.61
ORD-13430,02-07-2024,09-07-2024,Linda Johnson,Corporate,Central,Technology,Machines,1642.06,2,0.5,-198.71
ORD-18501,17-06-2024,18-06-2024,Priya Davis,Consumer,South,Office Supplies,Art,298.4,6,0.15,34.51
ORD-12791,02-04-2022,05-04-2022,Fatima Johnson,Consumer,Central,Technology,Machines,4951.03,3,0.2,-67.85
ORD-12621,02-12-2024,03-12-2024,John Patel,Consumer,West,Office Supplies,Binders,63.1,1,0.5,2.05
ORD-16048,01-12-2022,02-12-2022,Carlos Clark,Home Office,Central,Office Supplies,Art,163.59,1,0.15,8.3
ORD-17629,10-12-2023,15-12-2023,Carlos Rodriguez,Corporate,South,Office Supplies,Labels,236.17,2,0.4,-37.69
ORD-13615,25-10-2023,27-10-2023,Sara Johnson,Consumer,West,Furniture,Chairs,906.75,1,0,-38.5
ORD-14637,17-05-2023,21-05-2023,Grace Rodriguez,Consumer,Central,Office Supplies,Art,213.94,2,0,59.36
ORD-11962,03-02-2023,07-02-2023,Nina Lee,Consumer,West,Office Supplies,Binders,296.34,2,0,60.5
ORD-15933,03-06-2022,06-06-2022,Fatima Patel,Corporate,East,Office Supplies,Binders,349.61,2,0.1,62.75
ORD-18912,16-07-2024,17-07-2024,Grace Smith,Consumer,Central,Technology,Copiers,2856.25,6,0.15,50.54
ORD-15240,09-02-2022,14-02-2022,Priya Martinez,Corporate,West,Furniture,Bookcases,200.68,2,0,-4.35
ORD-15018,22-05-2022,24-05-2022,Kevin Smith,Home Office,Central,Office Supplies,Storage,75.84,1,0,25.97
ORD-14060,17-11-2023,20-11-2023,James Wilson,Consumer,South,Furniture,Chairs,1463.5,3,0.15,-71.94
ORD-19280,23-07-2024,24-07-2024,Mohammed Lewis,Corporate,West,Furniture,Furnishings,1959.34,3,0.4,-1000.83
ORD-14608,08-10-2024,10-10-2024,Grace Lee,Home Office,Central,Office Supplies,Labels,201.98,2,0.4,-5.44
ORD-16835,05-07-2022,07-07-2022,Priya Khan,Consumer,South,Office Supplies,Envelopes,545.21,3,0.1,-14.22
ORD-16923,17-10-2024,20-10-2024,Wei Rodriguez,Home Office,East,Office Supplies,Paper,303.31,2,0.15,41.87
ORD-13942,24-08-2022,26-08-2022,Carlos Brown,Corporate,South,Furniture,Furnishings,103.85,1,0.1,0.2
ORD-19454,23-03-2024,25-03-2024,Mohammed Young,Corporate,East,Technology,Copiers,954.14,2,0,48.47
ORD-18227,17-12-2024,19-12-2024,Linda Johnson,Corporate,Central,Office Supplies,Binders,181.37,4,0.4,15.41
ORD-10691,23-05-2022,26-05-2022,Mohammed Smith,Consumer,West,Furniture,Bookcases,537.52,1,0,0.89
ORD-14822,03-03-2022,08-03-2022,Mohammed Brown,Corporate,East,Furniture,Bookcases,1047.14,4,0.3,441.41
ORD-12479,24-09-2022,26-09-2022,James Rodriguez,Consumer,Central,Technology,Copiers,2054.59,2,0.15,-200.11
ORD-11455,10-01-2023,15-01-2023,Linda Lee,Consumer,West,Office Supplies,Envelopes,420.36,3,0.3,49.91
ORD-16132,15-06-2022,20-06-2022,David Lewis,Corporate,Central,Furniture,Tables,1240.56,6,0,277.23
ORD-15304,17-03-2024,21-03-2024,Fatima Wilson,Consumer,Central,Technology,Machines,8048.92,4,0.1,4218.07
ORD-15012,25-10-2024,29-10-2024,Kevin Davis,Home Office,South,Technology,Machines,5795.8,5,0,1247.56
ORD-17460,18-08-2023,21-08-2023,Kevin Garcia,Corporate,South,Office Supplies,Binders,41.95,1,0.3,-2.67
ORD-13978,25-11-2023,02-12-2023,Fatima Chen,Consumer,South,Office Supplies,Art,744.42,3,0,96.34
ORD-16680,13-01-2022,15-01-2022,Kevin Brown,Corporate,West,Technology,Phones,4277.25,5,0,2078.65
ORD-15215,10-11-2024,11-11-2024,Tom Chen,Consumer,South,Office Supplies,Art,216.9,1,0,11.6
ORD-12026,09-05-2023,12-05-2023,James Martinez,Corporate,Central,Office Supplies,Envelopes,300.87,2,0.3,32.23
ORD-16212,07-04-2023,09-04-2023,Carlos Johnson,Consumer,West,Technology,Copiers,1161.58,2,0,361.95
ORD-17999,23-06-2023,25-06-2023,James Young,Home Office,West,Office Supplies,Labels,242.59,3,0.5,-43.88
ORD-19258,16-09-2022,19-09-2022,Grace Patel,Consumer,East,Technology,Machines,439.78,3,0.1,34.01
ORD-13341,09-01-2024,14-01-2024,David Khan,Consumer,East,Furniture,Chairs,2017.14,2,0,363.54
ORD-11048,20-07-2022,23-07-2022,Kevin Johnson,Home Office,Central,Office Supplies,Paper,351.27,2,0.15,27.72
ORD-16153,21-12-2022,24-12-2022,Anna Garcia,Home Office,Central,Technology,Accessories,775.56,2,0,122.62
ORD-15128,04-01-2023,07-01-2023,David Wilson,Consumer,East,Office Supplies,Labels,464.4,2,0,62.76
ORD-15971,21-05-2023,23-05-2023,Tom Lewis,Consumer,East,Technology,Phones,8318.56,5,0.1,-364.16
ORD-16250,27-07-2024,30-07-2024,Carlos Johnson,Corporate,West,Technology,Machines,503.5,1,0.1,188.9
ORD-15062,06-05-2022,13-05-2022,Sara Khan,Corporate,West,Furniture,Furnishings,575.35,2,0.15,-226.76
ORD-10798,05-08-2023,06-08-2023,Sara Clark,Consumer,Central,Office Supplies,Art,309.87,2,0.2,11.12
ORD-13665,24-07-2022,26-07-2022,Nina Wilson,Consumer,West,Office Supplies,Envelopes,80.08,1,0.3,-3.69
ORD-12956,01-07-2022,03-07-2022,James Martinez,Corporate,East,Office Supplies,Storage,224.2,2,0,3.55
ORD-18522,04-06-2024,07-06-2024,David Johnson,Home Office,East,Office Supplies,Storage,125.08,2,0,37.96
ORD-14108,06-10-2022,09-10-2022,David Clark,Corporate,Central,Office Supplies,Paper,693.4,4,0.1,95.98
ORD-12728,21-08-2022,24-08-2022,Linda Patel,Consumer,East,Office Supplies,Envelopes,186.24,1,0.1,3.27
ORD-11310,17-03-2023,19-03-2023,Fatima Young,Consumer,East,Furniture,Chairs,2192.85,3,0.15,-433.14
ORD-19405,09-06-2023,13-06-2023,Fatima Brown,Consumer,East,Furniture,Chairs,725.87,1,0,110.72
ORD-11755,06-10-2023,07-10-2023,John Smith,Consumer,West,Office Supplies,Storage,271.95,2,0.15,36.09
ORD-17593,01-08-2024,02-08-2024,Tom Wilson,Consumer,Central,Furniture,Tables,2393.16,3,0.2,508.82
ORD-17659,01-03-2024,05-03-2024,Linda Clark,Consumer,East,Office Supplies,Envelopes,199.9,2,0.15,62.13
ORD-13629,11-01-2023,18-01-2023,Fatima Smith,Home Office,West,Furniture,Furnishings,3621.56,4,0.1,-628.03
ORD-16751,16-08-2023,23-08-2023,Priya Rodriguez,Corporate,West,Office Supplies,Envelopes,370.57,3,0.15,13.78
ORD-11412,02-10-2022,04-10-2022,Maria Smith,Corporate,East,Technology,Machines,1550.04,3,0,54.55
ORD-17045,03-06-2024,10-06-2024,John Walker,Consumer,Central,Office Supplies,Binders,255.28,3,0.5,9.76
ORD-19721,06-12-2024,09-12-2024,Priya Martinez,Home Office,Central,Office Supplies,Binders,4.78,1,0.5,-0.14
ORD-17664,26-03-2024,28-03-2024,Mohammed Lee,Consumer,South,Furniture,Bookcases,648.06,2,0.15,-219.19
ORD-19242,22-08-2024,25-08-2024,Grace Garcia,Corporate,South,Office Supplies,Storage,74.15,3,0.15,15.74
ORD-11674,20-12-2023,22-12-2023,Kevin Davis,Home Office,East,Office Supplies,Binders,48.77,1,0,11.57
ORD-18507,19-10-2024,24-10-2024,Priya Garcia,Consumer,West,Furniture,Chairs,842,1,0,139.72
ORD-12939,17-09-2022,21-09-2022,Anna Smith,Home Office,South,Office Supplies,Storage,6.38,1,0.2,0.31
ORD-18306,20-12-2023,23-12-2023,Fatima Khan,Consumer,South,Furniture,Chairs,2118.31,2,0.1,-66.42
ORD-16988,04-11-2023,11-11-2023,Kevin Lewis,Consumer,central,Office Supplies,Storage,114.55,1,0.4,-12.51
ORD-14323,15-06-2024,16-06-2024,John Lee,Consumer,South,Office Supplies,Paper,605.67,3,0,63.27
ORD-15673,09-12-2022,13-12-2022,Nina Khan,Corporate,East,Office Supplies,Art,144.48,3,0,22.48
ORD-18184,10-10-2024,15-10-2024,Sara Chen,Consumer,East,Furniture,Furnishings,1342.53,6,0.3,356.98
ORD-19433,20-03-2023,21-03-2023,Carlos Chen,Home Office,South,Office Supplies,Art,104.47,2,0.1,5.07
ORD-16575,18-03-2024,19-03-2024,James Chen,Consumer,East,Office Supplies,Art,467.58,3,0,148.64
ORD-17928,12-05-2024,16-05-2024,Mohammed Young,Consumer,Central,Technology,Accessories,3866.99,2,0.1,227.14
ORD-14220,02-07-2024,04-07-2024,Tom Khan,Consumer,South,Office Supplies,Art,116.48,2,0.1,3.01
ORD-12211,26-04-2023,30-04-2023,Sara Lewis,Consumer,Central,Office Supplies,Storage,290.08,2,0.2,-2.4
ORD-19706,17-02-2023,20-02-2023,Grace Clark,Home Office,South,Furniture,Tables,5033.2,5,0,-1906.68
ORD-15668,27-03-2024,03-04-2024,Mohammed Wilson,Consumer,Central,Furniture,Furnishings,492.42,1,0.2,74.7
ORD-12075,27-11-2022,01-12-2022,David Patel,Corporate,Central,Office Supplies,Labels,120.49,1,0.1,7.02
ORD-17475,06-01-2024,07-01-2024,Wei Martinez,Corporate,Central,Office Supplies,Binders,74.39,1,0.1,13.88
ORD-16974,22-12-2023,25-12-2023,Mohammed Clark,Consumer,South,Office Supplies,Binders,251.82,2,0.3,38.94
ORD-16014,13-04-2022,18-04-2022,Anna Patel,Consumer,West,Technology,Phones,2886.21,2,0.3,277.93
ORD-14320,19-12-2024,23-12-2024,Maria Patel,Consumer,East,Office Supplies,Labels,227.52,3,0,38.71
ORD-19593,26-01-2024,30-01-2024,Nina Brown,Corporate,East,Office Supplies,Paper,402.76,2,0,102.49
ORD-15641,02-01-2024,04-01-2024,David Garcia,Consumer,West,Technology,Accessories,3784.32,5,0.1,663.89
ORD-17857,24-11-2023,27-11-2023,Wei Clark,Consumer,West,Office Supplies,Envelopes,42.06,2,0.15,2.41
ORD-19319,07-11-2022,10-11-2022,Maria Martinez,Home Office,East,Office Supplies,Paper,124.27,1,0,26.8
ORD-11562,04-06-2023,07-06-2023,Fatima Rodriguez,Consumer,South,Office Supplies,Binders,15.5,1,0.4,0.61
ORD-19662,13-01-2022,15-01-2022,Carlos Rodriguez,Corporate,West,Technology,Copiers,708.08,4,0.15,-2.79
ORD-17099,04-11-2023,08-11-2023,John Garcia,Corporate,West,Office Supplies,Binders,287.72,2,0.15,75.3
ORD-13462,16-08-2022,17-08-2022,Carlos Young,Consumer,West,Technology,Accessories,5919.86,3,0.1,1848.03
ORD-12497,20-08-2022,24-08-2022,Nina Smith,Consumer,East,Office Supplies,Envelopes,404.55,3,0,22.32
ORD-14374,15-07-2023,16-07-2023,Sara Brown,Consumer,Central,Technology,Copiers,3580.21,2,0.2,-242.78
ORD-19536,06-02-2023,11-02-2023,James Chen,Consumer,East,Technology,Machines,4757.42,2,0,807.89
ORD-11822,10-03-2023,15-03-2023,Maria Patel,Consumer,West,Furniture,Bookcases,763.81,2,0.2,-54.13
ORD-15944,18-12-2024,21-12-2024,David Chen,Corporate,East,Office Supplies,Binders,128.81,1,0.1,26.74
ORD-10313,01-09-2022,02-09-2022,Tom Smith,Home Office,Central,Technology,Machines,2176.31,2,0.1,108.51
ORD-18112,19-10-2022,22-10-2022,James Wilson,Corporate,West,Technology,Accessories,1406.39,1,0.15,-61.86
ORD-13609,17-08-2022,20-08-2022,Anna Young,Consumer,Central,Office Supplies,Envelopes,101.47,1,0.15,32.02
ORD-17919,08-02-2022,09-02-2022,James Lewis,Consumer,East,Office Supplies,Labels,144.95,1,0,24.86
ORD-12712,21-07-2022,25-07-2022,Carlos Patel,Consumer,South,Office Supplies,Labels,785.8,4,0,240.25
ORD-19195,08-04-2022,12-04-2022,Grace Walker,Home Office,Central,Furniture,Furnishings,349.66,3,0.2,-26.54
ORD-15418,26-04-2023,30-04-2023,Mohammed Martinez,Corporate,East,Furniture,Furnishings,1327.07,2,0.2,-176.13
ORD-15715,24-06-2023,25-06-2023,Linda Lewis,Home Office,east,Office Supplies,Storage,1275.97,6,0.1,95.67
ORD-17273,16-08-2023,21-08-2023,Priya Brown,Home Office,West,Office Supplies,Storage,192.27,3,0.1,52.59
ORD-16811,15-03-2024,17-03-2024,James Khan,Corporate,Central,Technology,Machines,814.51,1,0,147.54
ORD-18118,05-09-2023,07-09-2023,Tom Khan,Consumer,East,Furniture,Chairs,3180.68,5,0.2,-234.77
ORD-14677,27-01-2023,28-01-2023,Carlos Chen,Corporate,East,Technology,Copiers,1961.82,4,0.2,-22.33
ORD-16228,14-11-2023,17-11-2023,Priya Lee,Consumer,East,Office Supplies,Art,31.73,1,0.4,-3.94
ORD-19514,15-07-2022,17-07-2022,Linda Garcia,Corporate,South,Office Supplies,Art,708.64,6,0.1,117.74
ORD-10126,12-03-2024,13-03-2024,Tom Wilson,Corporate,West,Furniture,Tables,1183.54,5,0.1,66.11
ORD-13519,12-02-2023,19-02-2023,David Johnson,Corporate,South,Furniture,Furnishings,395.78,1,0,21.85
ORD-18342,19-11-2023,22-11-2023,Fatima Lewis,Consumer,East,Office Supplies,Paper,391.07,2,0.15,72
ORD-15985,13-08-2022,14-08-2022,James Young,Consumer,East,Technology,Copiers,4737.39,3,0.1,311.63
ORD-14613,21-11-2023,24-11-2023,Priya Garcia,Corporate,South,Office Supplies,Envelopes,231.39,1,0,68.1
ORD-16493,18-08-2023,20-08-2023,David Young,Consumer,Central,Office Supplies,Storage,167.74,4,0.2,16.13
ORD-18364,20-01-2023,24-01-2023,Mohammed Wilson,Consumer,East,Technology,Copiers,2311.58,3,0.1,785.26
ORD-17867,18-03-2022,23-03-2022,Anna Chen,Corporate,South,Office Supplies,Labels,279.05,2,0.1,17.76
ORD-15795,02-05-2023,04-05-2023,Maria Johnson,Consumer,East,Technology,Machines,4802.06,3,0.1,-587.94
ORD-12222,24-01-2022,31-01-2022,John Lewis,Corporate,West,Technology,Copiers,6104.7,4,0.15,-132.11
ORD-18605,18-10-2023,25-10-2023,Tom Rodriguez,Consumer,West,Technology,Phones,732.91,1,0.4,27.38
ORD-16936,27-08-2024,28-08-2024,Fatima Patel,Consumer,Central,Office Supplies,Binders,207.24,1,0.1,38.05
ORD-15492,01-08-2022,06-08-2022,John Garcia,Consumer,west,Furniture,Tables,2249.9,3,0.2,111.96
ORD-12418,08-03-2024,10-03-2024,David Johnson,Corporate,East,Furniture,Tables,3046.4,4,0.3,744.49
ORD-11272,12-10-2024,15-10-2024,Wei Martinez,Corporate,East,Technology,Machines,47.72,1,0,14.5
ORD-10285,16-01-2023,17-01-2023,Grace Rodriguez,Consumer,East,Office Supplies,Art,432.77,2,0.1,166.02
ORD-13218,02-07-2023,04-07-2023,Linda Clark,Consumer,West,Technology,Phones,6879.21,3,0,2955.01
ORD-15792,11-12-2022,13-12-2022,Kevin Garcia,Consumer,West,Office Supplies,Paper,426.3,2,0,94.26
ORD-16328,08-11-2023,11-11-2023,Carlos Martinez,Consumer,East,Furniture,Chairs,1399.68,3,0.5,-160.93
ORD-18284,12-08-2023,14-08-2023,Anna Johnson,Consumer,Central,Technology,Accessories,1430,1,0.1,7.21
ORD-17414,22-07-2024,26-07-2024,Maria Rodriguez,Home Office,East,Office Supplies,Storage,884.15,5,,250.75
ORD-16386,02-08-2022,04-08-2022,Sara Brown,Consumer,South,Technology,Machines,4680.26,4,0.3,-43.77
ORD-10171,20-02-2024,22-02-2024,Linda Martinez,Consumer,West,Office Supplies,Storage,109.84,2,0,23.31
ORD-16300,13-08-2023,18-08-2023,Nina Patel,Home Office,Central,Office Supplies,Binders,744.91,4,0.15,108.33
ORD-19705,19-07-2023,22-07-2023,David Patel,Corporate,Central,Office Supplies,Storage,106.06,1,0.15,24.24
ORD-18248,08-11-2023,09-11-2023,James Chen,Corporate,South,Furniture,Tables,631.21,6,0.1,-50.08
ORD-19510,27-11-2024,02-12-2024,Anna Garcia,Consumer,East,Office Supplies,Labels,137.11,1,0.3,-16.83
ORD-13514,21-08-2022,25-08-2022,Nina Smith,Consumer,East,Office Supplies,Art,12.67,2,0.5,-1.51
ORD-18196,23-08-2024,25-08-2024,David Johnson,Consumer,Central,Technology,Machines,1599.4,2,0.4,314.08
ORD-10250,10-05-2024,13-05-2024,Linda Chen,Corporate,Central,Office Supplies,Envelopes,726.87,3,0,120.17
ORD-11667,05-08-2024,08-08-2024,Wei Lee,Home Office,Central,Office Supplies,Envelopes,440.5,2,0,49.86
ORD-16165,04-04-2022,06-04-2022,Kevin Martinez,Consumer,East,Office Supplies,Envelopes,777.28,5,0.3,152.42
ORD-12089,02-11-2024,05-11-2024,David Patel,Corporate,South,Technology,Accessories,6008.74,4,0.2,-61.88
ORD-14144,24-10-2024,26-10-2024,Grace Wilson,Consumer,South,Furniture,Chairs,1686.96,2,0,114.81
ORD-16175,05-08-2024,09-08-2024,Anna Martinez,Home Office,South,Furniture,Bookcases,503.07,1,0.4,-245.48
ORD-13970,02-06-2022,04-06-2022,Maria Smith,Corporate,West,Technology,Copiers,4498.4,2,0,1024.49
ORD-14207,04-01-2022,08-01-2022,John Martinez,Corporate,Central,Technology,Copiers,586.61,1,0.2,50.03
ORD-19575,13-11-2022,16-11-2022,Sara Wilson,Corporate,East,Office Supplies,Envelopes,180.53,2,,-7.41
ORD-11464,10-12-2023,13-12-2023,Nina Smith,Consumer,East,Office Supplies,Paper,168.09,3,0,46.76
ORD-10612,26-04-2024,28-04-2024,Mohammed Lewis,Corporate,East,Technology,Accessories,2693.09,6,0.4,-21.77
ORD-18093,14-08-2024,16-08-2024,Wei Chen,Home Office,East,Office Supplies,Envelopes,399.74,2,0,141.85
ORD-12114,20-07-2022,24-07-2022,John Martinez,Consumer,Central,Technology,Machines,7934.72,4,0,1524.17
ORD-17098,04-01-2023,06-01-2023,Linda Smith,Consumer,South,Furniture,Furnishings,3486.42,6,0,624.5
ORD-16135,03-02-2024,06-02-2024,Priya Young,Corporate,Central,Furniture,Chairs,94.14,1,0.1,-0.67
ORD-12751,14-08-2023,18-08-2023,Fatima Wilson,Consumer,West,Furniture,Tables,809.38,1,0,-167.31
ORD-14768,06-11-2023,08-11-2023,Wei Davis,Corporate,West,Office Supplies,Paper,428.43,3,0,101.39
ORD-10881,07-01-2024,08-01-2024,Grace Lee,Consumer,West,Technology,Machines,4223.04,3,0,-222.68
ORD-19127,02-01-2024,05-01-2024,John Patel,Corporate,Central,Technology,Machines,3486.49,4,0.1,681.57
ORD-16113,21-11-2023,25-11-2023,Kevin Walker,Consumer,South,Technology,Copiers,1146.9,1,0,-89.59
ORD-11232,08-12-2022,11-12-2022,Kevin Young,Corporate,East,Technology,Machines,398.79,1,0.15,35.76
ORD-11158,01-12-2022,03-12-2022,Mohammed Chen,Consumer,West,Technology,Copiers,3118.36,4,0,-176.02
ORD-16977,09-09-2022,12-09-2022,Kevin Young,Consumer,East,Furniture,Bookcases,468.23,3,0.1,-125.77
ORD-17668,19-06-2023,21-06-2023,Mohammed Smith,Consumer,East,Technology,Copiers,493.98,1,0.2,-6.43
ORD-19232,26-03-2024,30-03-2024,Tom Chen,Corporate,South,Furniture,Furnishings,590.85,1,0.1,-109
ORD-17674,04-07-2024,09-07-2024,Mohammed Khan,Consumer,Central,Furniture,Chairs,790.83,2,0.5,-243.4
ORD-14877,24-08-2023,29-08-2023,David Garcia,Corporate,East,Office Supplies,Labels,105.28,2,0.15,-1.74
ORD-14128,08-08-2022,09-08-2022,Kevin Lewis,Consumer,South,Technology,Phones,40.15,1,0.15,-0.69
ORD-16978,20-06-2023,21-06-2023,David Davis,Consumer,East,Office Supplies,Art,13.52,2,0.2,-0.61
ORD-16919,18-12-2022,20-12-2022,Carlos Martinez,Home Office,West,Furniture,Furnishings,913.06,4,0.2,-183.42
ORD-11337,20-07-2024,23-07-2024,Maria Davis,Consumer,West,Office Supplies,Labels,65.95,4,0.2,-1
ORD-18698,25-03-2024,26-03-2024,Fatima Garcia,Consumer,West,Office Supplies,Labels,109.69,3,0.4,-4.17
ORD-19168,25-11-2023,30-11-2023,Tom Patel,Consumer,East,Furniture,Tables,881.38,2,0.15,-143.35
ORD-10959,23-02-2024,28-02-2024,Kevin Clark,Consumer,East,Office Supplies,Envelopes,424.35,3,0,103.81
ORD-10200,23-04-2023,25-04-2023,James Clark,Consumer,East,Furniture,Chairs,1900.68,3,0,115.47
ORD-15374,11-02-2023,12-02-2023,Grace Lewis,Consumer,East,Office Supplies,Binders,177.79,2,0.3,35.65
ORD-15786,19-05-2023,24-05-2023,James Lee,Consumer,South,Office Supplies,Labels,161.22,2,0.3,19.58
ORD-16897,07-07-2024,08-07-2024,Sara Patel,Consumer,West,Furniture,Furnishings,1124.09,2,0.3,49.53
ORD-14978,25-11-2022,27-11-2022,Tom Garcia,Consumer,Central,Technology,Copiers,111.96,1,0.1,-7.68
ORD-12886,20-04-2023,22-04-2023,Fatima Johnson,Corporate,east,Office Supplies,Envelopes,451.48,4,0,95.95
ORD-10567,10-11-2024,14-11-2024,Fatima Smith,Consumer,West,Office Supplies,Art,381.77,3,0.2,63.26
ORD-13424,17-08-2022,21-08-2022,David Khan,Consumer,EAST,Office Supplies,Art,135.23,1,0.15,5.12
ORD-18178,04-01-2023,06-01-2023,Carlos Young,Corporate,West,Furniture,Tables,1271.58,2,0,106.87
ORD-12710,26-06-2024,30-06-2024,Kevin Martinez,Corporate,West,Furniture,Chairs,378,1,0.2,-67.74
ORD-14633,27-09-2024,30-09-2024,Linda Lewis,Home Office,Central,Furniture,Chairs,3873.16,4,0,-218.07
ORD-12582,22-05-2023,25-05-2023,Grace Chen,Corporate,East,Furniture,Tables,2532.04,4,0,383.7
ORD-16860,09-02-2023,13-02-2023,John Smith,Consumer,West,Technology,Phones,347.58,2,0.1,68.5
ORD-10344,12-10-2024,15-10-2024,Linda Patel,Corporate,Central,Technology,Machines,1989.5,1,0.2,455.01
ORD-15200,04-10-2023,05-10-2023,Nina Walker,Consumer,East,Office Supplies,Art,91.38,2,0.15,8.42
ORD-18163,08-05-2022,12-05-2022,Anna Martinez,Consumer,East,Office Supplies,Envelopes,200.77,2,0.15,50.11
ORD-10572,21-08-2023,23-08-2023,Carlos Walker,Consumer,West,Office Supplies,Envelopes,715.98,3,0,258.27
ORD-19795,14-08-2024,18-08-2024,Anna Rodriguez,Corporate,West,Office Supplies,Art,41.3,1,0,-0.07
ORD-16237,17-06-2023,24-06-2023,Kevin Brown,Consumer,West,Technology,Accessories,955.91,1,0.3,144.93
ORD-16033,11-05-2022,15-05-2022,Carlos Lee,Consumer,South,Technology,Copiers,2502.5,2,0.2,58.33
ORD-18886,12-01-2024,14-01-2024,David Davis,Consumer,East,Office Supplies,Binders,87.44,2,0.2,9.43
ORD-15371,17-07-2022,19-07-2022,Mohammed Chen,Corporate,East,Office Supplies,Storage,180.13,4,0.2,31.73
ORD-19123,11-12-2024,15-12-2024,Maria Garcia,Consumer,South,Office Supplies,Binders,8.3,1,0.2,0.96
ORD-18574,03-03-2023,07-03-2023,John Lee,Consumer,Central,Office Supplies,Labels,413.16,2,0,95.99
ORD-15359,23-02-2022,25-02-2022,Nina Rodriguez,Consumer,Central,Office Supplies,Envelopes,69.43,1,0.4,5.07
ORD-15361,26-12-2024,30-12-2024,Tom Chen,Corporate,East,Furniture,Chairs,425.1,1,0.5,35.74
ORD-13955,09-09-2023,10-09-2023,Nina Walker,Consumer,Central,Technology,Accessories,1307.81,1,0.1,310.49
ORD-10373,07-02-2022,11-02-2022,Anna Martinez,Corporate,Central,Office Supplies,Art,251.88,3,0.1,73.83
ORD-19649,03-08-2024,04-08-2024,Nina Patel,Consumer,East,Office Supplies,Envelopes,263.94,2,0,76.16
ORD-15964,06-05-2023,07-05-2023,Sara Smith,Consumer,East,Technology,Accessories,1693.57,1,0.2,102.94
ORD-19257,17-04-2023,20-04-2023,Carlos Young,Consumer,East,Furniture,Tables,225.48,1,0.3,-98.58
ORD-14166,19-11-2024,20-11-2024,Linda Lewis,Consumer,West,Office Supplies,Binders,196.06,1,0.2,-16.41
ORD-10929,27-05-2023,30-05-2023,James Wilson,Home Office,Central,Technology,Copiers,3514.21,4,0.1,731.7
ORD-19425,09-05-2024,10-05-2024,Mohammed Walker,Consumer,East,Technology,Machines,9660.36,4,0,2493.19
ORD-14844,08-03-2024,11-03-2024,Sara Johnson,Corporate,West,Furniture,Tables,552.53,1,0.15,158.92
ORD-15300,09-11-2024,13-11-2024,Carlos Brown,Consumer,East,Office Supplies,Labels,432,3,0,85.97
ORD-11788,22-07-2022,26-07-2022,Sara Davis,Consumer,South,Technology,Accessories,1754.4,3,0.15,664.67
ORD-10966,23-06-2023,25-06-2023,David Rodriguez,Corporate,West,Technology,Phones,633.29,3,0.2,-73.29
ORD-19400,21-06-2024,22-06-2024,John Chen,Consumer,West,Furniture,Chairs,553.05,5,0,7.64
ORD-17324,09-11-2022,12-11-2022,John Brown,Consumer,East,Technology,Phones,1014.99,1,0,208.73
ORD-15644,11-03-2022,13-03-2022,Fatima Young,Consumer,South,Office Supplies,Binders,955.6,4,0,326.69
ORD-12702,01-01-2022,08-01-2022,Priya Patel,Consumer,Central,Furniture,Tables,250.6,5,0,38.72
ORD-17792,14-04-2023,19-04-2023,John Patel,Consumer,South,Technology,Machines,5867.83,3,0.15,-212.25
ORD-18312,13-06-2023,14-06-2023,Carlos Garcia,Consumer,South,Technology,Copiers,1620.92,1,0.15,-211.34
ORD-11381,18-12-2023,21-12-2023,Wei Davis,Corporate,East,Office Supplies,Binders,290.38,2,0.4,-35.07
ORD-13232,20-05-2024,21-05-2024,Fatima Wilson,Consumer, West ,Office Supplies,Labels,926.21,6,0.1,239.44
ORD-16718,11-03-2023,15-03-2023,Fatima Young,Home Office,Central,Furniture,Tables,476.28,6,0,61.97
ORD-10517,08-06-2024,09-06-2024,John Khan,Corporate,east,Furniture,Chairs,257.04,2,0.4,4
ORD-14369,05-12-2023,07-12-2023,James Martinez,Consumer,West,Office Supplies,Envelopes,326.8,2,0.2,3.72
ORD-10229,26-09-2023,27-09-2023,Carlos Davis,Corporate,Central,Office Supplies,Binders,240.23,2,0.5,-21.15
ORD-19054,05-11-2022,10-11-2022,David Lee,Consumer,West,Office Supplies,Binders,366.68,3,0.3,0.3
ORD-12175,25-06-2022,26-06-2022,Maria Chen,Consumer,South,Office Supplies,Paper,183.96,2,0.1,44.71
ORD-10360,08-01-2022,11-01-2022,Sara Wilson,Home Office,West,Office Supplies,Labels,131.28,5,0.2,-21.65
ORD-12372,26-05-2023,30-05-2023,Carlos Clark,Corporate,East,Technology,Accessories,2350.13,3,0.15,459.02
ORD-19589,24-03-2023,25-03-2023,Wei Davis,Corporate,West,Office Supplies,Art,434.92,2,0,154.12
ORD-10801,12-04-2024,13-04-2024,David Walker,Consumer,East,Office Supplies,Labels,115.84,1,0.5,-12.74
ORD-16363,27-04-2024,29-04-2024,Maria Khan,Consumer,South,Office Supplies,Binders,149,1,0.1,10.17
ORD-12077,20-05-2024,22-05-2024,Kevin Young,Consumer,West,Furniture,Furnishings,1493.38,2,0.2,-433.27
ORD-14639,24-06-2023,29-06-2023,Tom Garcia,Corporate,East,Technology,Machines,1961.4,2,0,512
ORD-15694,05-02-2023,08-02-2023,Fatima Martinez,Corporate,West,Office Supplies,Labels,230.72,3,0.1,16.43
ORD-11466,17-05-2023,21-05-2023,David Khan,Consumer,East,Office Supplies,Labels,262.33,3,0.1,5.99
ORD-14408,26-03-2022,28-03-2022,John Smith,Consumer,South,Office Supplies,Envelopes,277.15,2,0.4,-24.53
ORD-12642,24-11-2023,29-11-2023,Sara Patel,Corporate,Central,Office Supplies,Binders,160.46,1,0.2,4.46
ORD-15948,09-07-2023,14-07-2023,Grace Wilson,Consumer,East,Office Supplies,Binders,192.07,1,0.15,41.68
ORD-11792,21-08-2022,25-08-2022,Grace Patel,Consumer,Central,Office Supplies,Labels,86.61,1,0.2,11.67
ORD-15145,09-11-2022,11-11-2022,Anna Lewis,Consumer,east,Office Supplies,Envelopes,794.92,4,0,173.26
ORD-11362,16-06-2024,17-06-2024,Nina Walker,Corporate,South,Furniture,Tables,1193.16,3,0,-338.48
ORD-16075,23-04-2024,25-04-2024,Nina Garcia,Consumer, East ,Office Supplies,Binders,103.93,2,0.4,2.47
ORD-11254,25-07-2022,27-07-2022,Anna Khan,Corporate,East,Office Supplies,Storage,126.36,2,0.4,-3.93
ORD-16259,24-12-2023,28-12-2023,Fatima Garcia,Home Office,West,Technology,Phones,7990,4,0,2655.91
ORD-15234,16-10-2024,18-10-2024,Carlos Walker,Consumer,West,Office Supplies,Paper,56.99,4,0.1,14.87
ORD-10006,27-11-2024,28-11-2024,Linda Davis,Consumer,West,Technology,Copiers,1026.13,1,0.1,309.71
ORD-19419,20-01-2023,24-01-2023,Fatima Martinez,Consumer,South,Office Supplies,Envelopes,198.29,2,0.15,27.57
ORD-11850,06-06-2023,10-06-2023,Grace Clark,Home Office,Central,Office Supplies,Art,503.38,4,0.3,-39.95
ORD-12857,17-05-2022,22-05-2022,John Patel,Consumer,South,Technology,Machines,663.92,1,0.2,112.43
ORD-17423,17-11-2023,20-11-2023,Linda Young,Corporate,East,Furniture,Tables,360.42,2,0,-49.71
ORD-18674,06-11-2022,10-11-2022,Tom Johnson,Consumer,South,Office Supplies,Labels,177.05,1,0.2,19.25
ORD-16375,27-12-2023,30-12-2023,Maria Patel,Corporate,West,Technology,Machines,6604.3,4,0.15,-689.23
ORD-10280,03-05-2022,04-05-2022,Nina Patel,Corporate,West,Office Supplies,Art,165.31,1,0,46.65
ORD-18809,12-04-2023,15-04-2023,David Chen,Corporate,West,Office Supplies,Art,183.12,4,0,9.37
ORD-12779,25-06-2022,02-07-2022,David Davis,Corporate,West,Office Supplies,Paper,34.03,1,0.5,-1.68
ORD-16385,05-11-2023,06-11-2023,Anna Johnson,Corporate,East,Office Supplies,Art,122.27,1,0,3.56
ORD-18375,13-03-2022,15-03-2022,Tom Smith,Corporate,South,Technology,Accessories,1493.56,1,0,129.58
ORD-15230,07-12-2023,09-12-2023,Kevin Chen,Consumer,West,Furniture,Bookcases,1682.93,3,0.2,-277.8
ORD-14565,20-12-2023,25-12-2023,Anna Lewis,Consumer,Central,Office Supplies,Binders,201.14,1,0,44.79
ORD-11129,02-09-2023,03-09-2023,Tom Rodriguez,Consumer,East,Office Supplies,Envelopes,21.35,1,0.1,5.34
ORD-18171,23-02-2023,24-02-2023,Maria Rodriguez,Corporate,East,Office Supplies,Labels,17.99,1,0.2,0.29
ORD-12823,12-07-2023,13-07-2023,Mohammed Lewis,Home Office,West,Furniture,Tables,732.97,3,0.15,6.35
ORD-19693,07-01-2024,09-01-2024,Linda Patel,Consumer,Central,Office Supplies,Paper,114,1,0.2,20.37
ORD-17218,14-12-2023,17-12-2023,Tom Johnson,Consumer,West,Technology,Copiers,1652.16,1,0,539.05
ORD-11702,22-11-2022,26-11-2022,Grace Rodriguez,Consumer,West,Technology,Machines,5182.61,3,0.3,73.97
ORD-16881,24-06-2022,29-06-2022,Maria Clark,Corporate,WEST,Office Supplies,Art,217.67,3,0.5,-4.39
ORD-11387,12-05-2024,13-05-2024,Linda Brown,Corporate,South,Office Supplies,Binders,110.99,1,0,16.78
ORD-14276,15-09-2022,22-09-2022,David Smith,Consumer,East,Furniture,Bookcases,502.06,3,0.2,8.89
ORD-16361,25-04-2022,27-04-2022,Fatima Martinez,Home Office,West,Furniture,Chairs,628.24,1,0.3,-11.13
ORD-17497,10-03-2023,12-03-2023,Priya Davis,Corporate,south,Office Supplies,Binders,74.76,2,0,28.2
ORD-14067,27-05-2024,29-05-2024,Priya Patel,Consumer,West,Furniture,Chairs,1009.61,1,0.15,-410.67
ORD-10486,02-11-2023,06-11-2023,David Patel,Consumer,West,Furniture,Furnishings,1756.85,2,0.15,-280.29
ORD-15093,12-06-2023,14-06-2023,Kevin Rodriguez,Home Office,West,Office Supplies,Art,134.87,2,0.1,27.65
ORD-15474,17-06-2023,18-06-2023,Linda Smith,Consumer,East,Technology,Copiers,1793.66,2,0,189.48
ORD-18424,10-10-2022,12-10-2022,Nina Chen,Corporate,East,Office Supplies,Art,198.94,1,0.1,35.26
ORD-13743,08-02-2023,10-02-2023,Nina Garcia,Consumer,West,Office Supplies,Envelopes,315.34,2,0.3,19.99
ORD-13375,18-11-2023,20-11-2023,Kevin Johnson,Consumer,Central,Furniture,Tables,210.38,1,0.2,-53.44
ORD-14527,27-03-2022,31-03-2022,Kevin Clark,Home Office,South,Office Supplies,Labels,120.66,1,0,39.59
ORD-15804,26-12-2022,30-12-2022,Tom Davis,Consumer,East,Technology,Accessories,897.35,1,0.3,92.98
ORD-10569,16-12-2023,17-12-2023,Nina Lee,Home Office,South,Office Supplies,Labels,264.54,3,0.15,87.71
ORD-11500,27-06-2022,30-06-2022,Carlos Smith,Consumer,West,Furniture,Chairs,2963.88,3,0,397.77
ORD-10087,13-01-2023,15-01-2023,Tom Smith,Consumer,East,Office Supplies,Binders,364.65,5,0,16.1
ORD-13960,01-03-2023,02-03-2023,,Consumer,East,Furniture,Furnishings,252.07,1,0.3,-58.3
ORD-17307,26-03-2022,28-03-2022,Sara Patel,Consumer,East,Technology,Copiers,1222.67,1,0,104.95
ORD-15622,13-04-2024,16-04-2024,Grace Smith,Corporate,South,Office Supplies,Labels,93.38,1,0.3,-5.06
ORD-12528,17-08-2023,21-08-2023,Tom Walker,Corporate,East,Furniture,Tables,485.56,2,0,40.57
ORD-14450,19-10-2023,20-10-2023,Mohammed Walker,Corporate,West,Furniture,Chairs,619.05,1,0,-134.6
ORD-11949,15-06-2022,17-06-2022,Sara Smith,Corporate,West,Technology,Accessories,3982.75,4,0.2,796.93
ORD-11825,21-06-2023,26-06-2023,Anna Brown,Corporate,West,Technology,Machines,1828.6,3,0.3,-388.68
ORD-14138,25-07-2023,27-07-2023,Priya Martinez,Corporate,east,Office Supplies,Art,239.06,2,0.5,-41.18
ORD-15487,11-03-2023,12-03-2023,,Consumer,East,Technology,Copiers,2211.77,3,0.2,9.62
ORD-12573,26-02-2022,01-03-2022,Linda Walker,Home Office,West,Office Supplies,Art,258.94,2,0,51.77
ORD-19027,04-04-2022,06-04-2022,John Brown,Corporate,central,Technology,Machines,1186.84,1,0.1,156.77
ORD-12266,18-09-2022,19-09-2022,Mohammed Chen,Consumer,Central,Technology,Machines,2292.73,2,0.1,327.85
ORD-16372,11-12-2022,15-12-2022,Maria Brown,Consumer,West,Technology,Machines,4957,4,0.15,979.38
ORD-18224,27-11-2023,30-11-2023,John Young,Corporate,South,Technology,Accessories,178.88,2,0,-19.51
ORD-19265,23-10-2023,24-10-2023,,Consumer,East,Technology,Accessories,965.48,2,0,139.42
ORD-15973,13-09-2024,14-09-2024,Wei Brown,Home Office,Central,Office Supplies,Envelopes,155.06,1,0,46.52
ORD-14017,26-03-2024,27-03-2024,Mohammed Wilson,Consumer,Central,Office Supplies,Storage,98.01,1,0.1,19.61
ORD-15413,11-05-2024,13-05-2024,Grace Walker,Corporate,East,Technology,Machines,2989.98,2,0,-125.33
ORD-19482,02-04-2024,03-04-2024,James Smith,Corporate,East,Office Supplies,Binders,49.98,3,0.15,4.43
ORD-11783,16-12-2022,18-12-2022,Kevin Lewis,Corporate,West,Office Supplies,Art,455.35,5,0,118.81
ORD-12819,14-11-2022,15-11-2022,John Young,Consumer,west,Office Supplies,Envelopes,337.07,2,0.1,57.5
ORD-14951,21-08-2023,22-08-2023,Priya Young,Consumer,West,Office Supplies,Binders,42.64,1,0,8.41
ORD-10264,08-03-2022,13-03-2022,Sara Walker,Corporate,West,Office Supplies,Envelopes,25.47,1,0,4.89
ORD-18881,22-11-2024,23-11-2024,Mohammed Smith,Home Office,West,Technology,Machines,147,1,0.1,11.96
ORD-14359,26-11-2024,29-11-2024,Mohammed Chen,Home Office,West,Technology,Phones,136.3,2,0.5,-18.35
ORD-11105,12-04-2022,16-04-2022,James Rodriguez,Consumer,East,Furniture,Chairs,2159.32,2,0.1,-139.09
ORD-14582,16-07-2024,19-07-2024,Nina Clark,Corporate,CENTRAL,Technology,Machines,1176.29,2,0.3,198.4
ORD-16760,07-11-2024,11-11-2024,Kevin Clark,Consumer,East,Office Supplies,Binders,323.68,2,0,67.2
ORD-17815,23-08-2022,25-08-2022,Grace Khan,Consumer,East,Furniture,Chairs,1302.58,6,0.2,-656.64
ORD-15039,09-09-2023,14-09-2023,Grace Walker,Home Office,West,Office Supplies,Art,166.37,1,0.15,37.84
ORD-11584,10-03-2024,14-03-2024,Nina Chen,Home Office,West,Office Supplies,Binders,37.77,1,0.1,8.92
ORD-17980,04-11-2023,06-11-2023,John Khan,Consumer,West,Furniture,Bookcases,3344.46,3,0,-295.75
ORD-11374,03-12-2023,08-12-2023,John Khan,Consumer,West,Office Supplies,Storage,139.35,2,0.15,29.11
ORD-15660,12-09-2022,13-09-2022,David Martinez,Corporate,West,Furniture,Furnishings,5323.97,6,0.1,-147.33
ORD-12428,08-10-2023,09-10-2023,Wei Walker,Consumer,West,Furniture,Furnishings,2853.6,3,0.2,-208.52
ORD-17187,09-03-2023,10-03-2023,Linda Walker,Consumer,East,Technology,Copiers,125.08,1,0,18
ORD-13573,18-08-2024,22-08-2024,Nina Garcia,Corporate,East,Office Supplies,Art,543.56,3,0.1,140.47
ORD-19468,04-12-2022,06-12-2022,Mohammed Garcia,Corporate,South,Office Supplies,Paper,99.57,1,0.3,-0.3
ORD-16296,04-11-2022,08-11-2022,Mohammed Smith,Consumer,East,Office Supplies,Paper,60.96,6,0,13.07
ORD-10637,18-12-2023,23-12-2023,Maria Young,Corporate,east,Furniture,Bookcases,2253.36,4,0.5,-792.22
ORD-18046,12-06-2023,13-06-2023,Nina Davis,Corporate,East,Office Supplies,Paper,146.61,2,0.3,-10.46
ORD-16081,07-08-2023,08-08-2023,Sara Smith,Consumer,West,Furniture,Bookcases,1215.45,3,0,-93.1
ORD-16689,15-02-2023,16-02-2023,Carlos Lewis,Consumer,South,Technology,Copiers,2275.07,2,0.4,-343.22
ORD-15858,03-04-2022,07-04-2022,Kevin Chen,Home Office,West,Office Supplies,Storage,198.4,2,0,50.23
ORD-15314,25-07-2024,27-07-2024,Fatima Patel,Consumer,West,Furniture,Bookcases,32.55,1,0.4,-13.39
ORD-13622,02-04-2024,05-04-2024,David Clark,Consumer,West,Technology,Phones,1439.73,1,0.3,-89.17
ORD-10841,09-12-2023,10-12-2023,Kevin Smith,Consumer,West,Technology,Accessories,629.58,1,0.1,121.52
ORD-12179,18-09-2023,19-09-2023,Wei Lewis,Consumer, West ,Office Supplies,Binders,29.75,1,0.5,-1.73
ORD-18111,07-09-2024,11-09-2024,Kevin Johnson,Corporate,South,Office Supplies,Art,235.7,3,0.15,-2.51
ORD-19578,01-07-2024,02-07-2024,Anna Chen,Consumer,East,Furniture,Tables,703.61,1,0.1,-80.88
ORD-13618,13-10-2024,18-10-2024,Anna Wilson,Consumer,South,Technology,Accessories,960.83,1,0.3,-145.77
ORD-12293,24-11-2022,25-11-2022,Mohammed Smith,Corporate,Central,Office Supplies,Envelopes,100.98,1,0.3,6.59
ORD-16982,07-06-2022,08-06-2022,Anna Smith,Consumer,Central,Office Supplies,Storage,102.36,2,0,24.85
ORD-12894,26-02-2022,02-03-2022,Fatima Clark,Home Office,West,Furniture,Bookcases,250.68,1,0.3,13.71
ORD-18210,23-10-2022,25-10-2022,John Walker,Consumer,West,Technology,Phones,1166.62,2,0.1,164.14
ORD-11469,13-05-2023,14-05-2023,David Johnson,Home Office,Central,Office Supplies,Labels,261.96,2,0,-0.68
ORD-19746,25-11-2023,28-11-2023,Sara Young,Consumer,South,Office Supplies,Envelopes,520.84,3,0.15,11.12
ORD-11767,05-06-2023,07-06-2023,Mohammed Khan,Consumer,East,Office Supplies,Binders,42.8,1,0.2,1.9
ORD-19118,16-06-2022,19-06-2022,Grace Smith,Corporate,Central,Technology,Phones,1051.33,1,0.1,196.16
ORD-12095,07-04-2024,09-04-2024,Kevin Lee,Consumer,South,Office Supplies,Paper,96.71,2,0.5,-0.81
ORD-10565,02-06-2022,07-06-2022,Sara Brown,Consumer,West,Furniture,Furnishings,859.8,1,0,117.49
ORD-18965,21-09-2023,,Kevin Khan,Consumer,East,Furniture,Bookcases,367.98,1,0,95.78
ORD-10118,05-07-2022,12-07-2022,Linda Wilson,Corporate,East,Technology,Accessories,2919.95,2,0.15,350.88
ORD-11062,23-12-2022,26-12-2022,Linda Martinez,Corporate,West,Office Supplies,Storage,141.59,1,0.1,26.8
ORD-16314,22-11-2024,24-11-2024,Kevin Khan,Corporate,West,Office Supplies,Labels,64.94,1,0.5,-0.55
ORD-17013,16-02-2022,19-02-2022,Sara Johnson,Corporate,Central,Office Supplies,Labels,188.38,1,0,44.54
ORD-17012,21-09-2022,26-09-2022,Maria Brown,Consumer,West,Technology,Copiers,2333.04,6,0.2,320.97
ORD-18081,14-11-2022,17-11-2022,Priya Wilson,Corporate,Central,Furniture,Chairs,1948.42,2,0.15,14.51
ORD-17812,18-12-2023,20-12-2023,Fatima Patel,Corporate,West,Technology,Copiers,2268.17,3,0.3,-433.56
ORD-18275,22-09-2022,24-09-2022,Priya Clark,Consumer,Central,Furniture,Tables,445.99,1,0,-32.61
ORD-16724,11-09-2022,14-09-2022,Nina Clark,Consumer,East,Furniture,Furnishings,451.91,1,0.15,-26.83
ORD-11851,07-10-2023,08-10-2023,Kevin Young,Consumer,Central,Furniture,Furnishings,534.95,1,0,111.93
ORD-12931,06-07-2022,08-07-2022,Sara Khan,Consumer,Central,Office Supplies,Storage,668.79,3,0,74.94
ORD-14684,25-11-2024,27-11-2024,Maria Martinez,Consumer,East,Office Supplies,Labels,164.72,1,0.2,20.84
ORD-16001,05-01-2023,09-01-2023,Mohammed Wilson,Consumer,East,Furniture,Furnishings,2061.14,3,0.4,153.62
ORD-14262,16-01-2023,17-01-2023,James Wilson,Consumer,West,Technology,Accessories,552.11,1,0.1,159.08
ORD-16093,05-08-2023,07-08-2023,Kevin Garcia,Consumer,West,Office Supplies,Labels,467.71,3,0.2,17.66
ORD-12530,09-04-2024,10-04-2024,Priya Davis,Consumer,South,Furniture,Chairs,275.83,2,0.1,-74.57
ORD-11610,09-02-2023,10-02-2023,Tom Lewis,Consumer,Central,Technology,Phones,2222.52,1,0,75.08
ORD-17992,01-09-2023,06-09-2023,James Lee,Corporate,East,Office Supplies,Binders,44.45,1,0,3.38
ORD-11629,25-01-2022,26-01-2022,Wei Walker,Consumer,South,Office Supplies,Labels,153.32,2,0,42.37
ORD-19316,16-10-2022,21-10-2022,Maria Rodriguez,Corporate,South,Office Supplies,Envelopes,513.54,3,0.1,49.08
ORD-18316,09-04-2023,12-04-2023,Carlos Khan,Consumer,East,Office Supplies,Labels,738.93,3,0,89.29
ORD-10681,07-04-2022,12-04-2022,John Lee,Corporate,West,Technology,Copiers,4748.42,3,0.3,-1006.79
ORD-10708,02-07-2022,03-07-2022,Wei Chen,Home Office,East,Technology,Accessories,3880.08,3,0,857.3
ORD-15165,13-02-2023,15-02-2023,John Smith,Consumer,East,Office Supplies,Storage,203.74,3,0.4,6.79
ORD-15257,12-06-2022,15-06-2022,Nina Clark,Home Office,Central,Office Supplies,Envelopes,184.87,2,0.3,-15.6
ORD-16971,04-09-2022,08-09-2022,Nina Lee,Consumer,West,Office Supplies,Envelopes,316.91,2,0.1,52.7
ORD-12460,25-12-2023,29-12-2023,Grace Smith,Home Office,West,Office Supplies,Binders,161.84,2,0.15,17.91
ORD-13719,24-01-2022,28-01-2022,Linda Patel,Corporate,Central,Technology,Phones,730.86,1,0.1,92.33
ORD-12502,21-02-2024,23-02-2024,Carlos Young,Consumer,West,Furniture,Tables,519.75,3,0.4,-2.26
ORD-11399,10-05-2024,13-05-2024,,Corporate,West,Technology,Accessories,661.57,1,0.1,63.34
ORD-12988,24-04-2024,28-04-2024,Tom Chen,Corporate,Central,Furniture,Bookcases,1429.88,5,0.1,-100.17
ORD-15073,14-11-2022,15-11-2022,John Khan,Consumer,South,Office Supplies,Paper,106.92,1,0.15,-10.83
ORD-15142,14-12-2023,15-12-2023,Tom Lewis,Corporate,West,Furniture,Tables,3932.04,4,0,147.34
ORD-11546,18-07-2023,21-07-2023,Priya Brown,Home Office,South,Technology,Copiers,1623.81,1,0,357.24
ORD-18419,22-04-2023,23-04-2023,James Smith,Consumer,West,Office Supplies,Paper,140.91,1,0.15,11.38
ORD-18321,03-10-2024,08-10-2024,Anna Chen,Consumer,south,Office Supplies,Labels,341.85,4,0.3,12.49
ORD-16804,18-12-2024,20-12-2024,,Corporate,West,Office Supplies,Paper,288.56,2,0.2,14.13
ORD-10589,27-09-2024,29-09-2024,Anna Lee,Consumer,East,Office Supplies,Art,323.42,4,0.1,88.11
ORD-18245,24-03-2024,29-03-2024,Mohammed Brown,Consumer,West,Technology,Phones,1653.96,1,0.15,-269.35
ORD-17503,09-03-2022,10-03-2022,Tom Lee,Corporate,South,Office Supplies,Paper,87.16,3,0.1,1.51
ORD-17337,07-12-2022,12-12-2022,Nina Davis,Consumer,Central,Technology,Accessories,2049.92,5,0.3,484.85
ORD-18072,16-11-2023,23-11-2023,Grace Johnson,Consumer,west,Furniture,Tables,298.94,1,0.1,4.63
ORD-12080,25-06-2024,29-06-2024,Nina Smith,Corporate,East,Office Supplies,Art,86.78,2,0,24.2
ORD-17206,23-07-2022,27-07-2022,Linda Young,Consumer,East,Office Supplies,Labels,17.02,1,0,1.87
ORD-16487,10-11-2023,14-11-2023,Anna Khan,Consumer,Central,Furniture,Chairs,2415.96,3,0,276.83
ORD-15239,09-03-2024,13-03-2024,,Home Office,West,Furniture,Chairs,735.32,1,0.3,-178.15
ORD-12536,13-10-2022,15-10-2022,John Young,Consumer,South,Furniture,Tables,713.31,3,0.1,-218.37
ORD-12469,13-09-2023,14-09-2023,Tom Brown,Corporate,West,Technology,Accessories,491.36,3,0.15,-0.55
ORD-12665,20-09-2024,22-09-2024,Grace Wilson,Consumer,East,Office Supplies,Storage,114.89,2,0.1,15.47
ORD-10873,09-02-2023,11-02-2023,Tom Patel,Home Office,West,Office Supplies,Storage,373.77,5,,55.93
ORD-10356,21-08-2022,23-08-2022,Mohammed Johnson,Consumer,Central,Furniture,Bookcases,428.29,2,0.2,-58.95
ORD-17518,11-10-2022,12-10-2022,Nina Young,Consumer,West,Technology,Phones,1807.98,1,0.1,-50.93
ORD-11323,24-11-2023,27-11-2023,Linda Rodriguez,Corporate,West,Office Supplies,Storage,140.99,2,0.3,3.42
ORD-12205,06-09-2022,07-09-2022,Nina Garcia,Consumer,Central,Technology,Accessories,3975.99,3,0,637.99
ORD-14461,20-11-2022,22-11-2022,James Johnson,Corporate,South,Office Supplies,Paper,684.96,4,0.3,35.51
ORD-19229,14-11-2022,19-11-2022,Kevin Johnson,Consumer,Central,Furniture,Furnishings,1435.42,4,0.2,-78.43
ORD-12534,04-08-2022,08-08-2022,John Clark,Consumer,South,Technology,Accessories,4756.32,2,0,-916.41
ORD-11815,20-05-2022,23-05-2022,Carlos Rodriguez,Home Office,East,Office Supplies,Art,207.68,5,0.1,21.81
ORD-19530,07-03-2024,11-03-2024,Nina Brown,Corporate,West,Technology,Phones,1282.11,1,0.15,123.05
ORD-19512,24-09-2022,27-09-2022,Sara Walker,Consumer,East,Office Supplies,Storage,271.52,4,0.15,31.62
ORD-17159,10-12-2023,11-12-2023,Sara Smith,Consumer,Central,Technology,Machines,2637.82,3,0.15,530.38
ORD-15610,23-03-2023,27-03-2023,Carlos Smith,Home Office,Central,Office Supplies,Art,6.38,1,0.15,-0.1
ORD-19209,21-05-2023,23-05-2023,Maria Lewis,Consumer,East,Furniture,Tables,2722.94,3,0.15,-439.61
ORD-19231,04-11-2022,05-11-2022,Maria Martinez,Consumer,East,Furniture,Furnishings,1104.19,2,0.2,-77.2
ORD-16321,01-06-2022,03-06-2022,Mohammed Johnson,Corporate,East,Furniture,Bookcases,2190.3,3,0,464.92
ORD-10399,23-12-2022,27-12-2022,Carlos Lee,Corporate,Central,Technology,Phones,728.39,1,0.15,207.65
ORD-10638,25-06-2023,28-06-2023,Wei Rodriguez,Consumer,West,Technology,Phones,831.36,1,0,285.56
ORD-12118,24-11-2023,28-11-2023,Wei Smith,Consumer,Central,Technology,Copiers,2806.43,6,0.15,73.97
ORD-19087,24-06-2024,25-06-2024,Carlos Walker,Corporate,East,Office Supplies,Paper,108.78,1,0.1,22.36
ORD-17962,16-04-2022,19-04-2022,Sara Wilson,Corporate,South,Office Supplies,Envelopes,144.11,2,0.1,24.54
ORD-11261,02-04-2023,04-04-2023,Carlos Brown,Corporate,East,Furniture,Furnishings,1245.78,3,0.15,41.97
ORD-19459,09-07-2024,13-07-2024,Nina Davis,Consumer,East,Technology,Accessories,5935.72,4,0,1444.26
ORD-14676,15-07-2023,17-07-2023,Anna Patel,Corporate,Central,Office Supplies,Envelopes,447.62,4,0.2,47.3
ORD-12632,15-12-2022,16-12-2022,Priya Wilson,Corporate,West,Furniture,Furnishings,1987.84,4,0.5,-606.1
ORD-19652,15-01-2024,20-01-2024,Carlos Wilson,Consumer,Central,Technology,Phones,1340.92,2,0.4,-150.62
ORD-12944,18-11-2022,22-11-2022,James Walker,Consumer,West,Technology,Copiers,592.81,1,0,82.34
ORD-19004,27-03-2023,01-04-2023,Priya Davis,Consumer,West,Technology,Machines,1194.09,1,0.3,-161.39
ORD-10887,20-06-2023,21-06-2023,Tom Garcia,Consumer,Central,Furniture,Bookcases,157.13,1,0.4,-5.72
ORD-13139,19-04-2022,22-04-2022,John Smith,Consumer,Central,Furniture,Furnishings,578.93,2,0.2,82.7
ORD-16080,20-09-2022,21-09-2022,Fatima Wilson,Consumer,East,Office Supplies,Storage,145.02,1,0,17.92
ORD-10113,05-11-2023,07-11-2023,Nina Lee,Consumer,Central,Technology,Accessories,2194.7,4,0.1,-105.24
ORD-14357,16-03-2022,18-03-2022,Tom Walker,Consumer,West,Office Supplies,Art,235.12,5,0.1,45.01
ORD-10267,26-03-2024,29-03-2024,James Wilson,Corporate, East ,Office Supplies,Paper,258.82,2,0,106.93
ORD-12881,15-12-2024,19-12-2024,David Lee,Corporate,Central,Furniture,Chairs,509.32,1,0,77.09
ORD-11499,05-11-2022,06-11-2022,James Clark,Home Office,Central,Furniture,Chairs,511.23,3,0,-81.08
ORD-11313,22-09-2024,27-09-2024,Fatima Khan,Home Office,East,Office Supplies,Paper,300.48,2,0.3,-51.48
ORD-12371,07-09-2023,14-09-2023,James Johnson,Consumer,Central,Furniture,Chairs,4884.03,5,0.1,571.71
ORD-13423,09-10-2023,10-10-2023,Kevin Wilson,Corporate,Central,Furniture,Tables,5257.8,5,0,1988.74
ORD-18073,22-12-2023,23-12-2023,Carlos Smith,Consumer,East,Office Supplies,Envelopes,184.65,1,0.15,15.79
ORD-16125,25-11-2024,28-11-2024,Fatima Lee,Corporate,East,Furniture,Bookcases,505.02,1,0,154.19
ORD-18713,22-12-2024,24-12-2024,Fatima Davis,Consumer,Central,Technology,Copiers,790.1,2,0.4,-155.61
ORD-15845,02-01-2023,07-01-2023,Carlos Clark,Consumer,West,Technology,Phones,1461.92,4,0,-68.64
ORD-17453,01-10-2022,05-10-2022,Tom Martinez,Consumer,Central,Office Supplies,Storage,213.23,1,0.1,57.76
ORD-16900,02-10-2023,05-10-2023,Fatima Martinez,Home Office,Central,Office Supplies,Art,66.91,1,0.1,1.61
ORD-12566,24-10-2022,27-10-2022,Nina Lewis,Corporate,West,Technology,Machines,129.5,2,0.2,29.97
ORD-16334,19-04-2023,21-04-2023,John Rodriguez,Consumer,West,Technology,Accessories,221.78,1,0,14.01
ORD-13445,06-11-2023,08-11-2023,Wei Brown,Home Office,Central,Furniture,Chairs,1648.7,2,0.3,-344.44
ORD-10792,06-03-2023,07-03-2023,John Davis,Home Office, West ,Technology,Phones,525.52,1,0,31.29
ORD-15969,12-07-2022,14-07-2022,Fatima Davis,Consumer,Central,Technology,Machines,1613.01,3,0.1,-185.12
ORD-12565,21-10-2022,22-10-2022,Kevin Patel,Home Office,Central,Technology,Machines,6634.82,3,0.1,990.26
ORD-12834,06-05-2024,08-05-2024,Wei Garcia,Consumer,Central,Furniture,Tables,2781.77,3,0.15,200.32
ORD-19210,07-05-2023,10-05-2023,Maria Brown,Corporate,West,Office Supplies,Binders,1208.44,6,0.15,118.65
ORD-18117,21-01-2023,22-01-2023,John Brown,Home Office,east,Office Supplies,Art,443.83,3,0.15,93.14
ORD-14740,02-03-2024,03-03-2024,Grace Patel,Consumer,Central,Technology,Phones,790.78,1,0.1,37.46
ORD-13806,19-06-2024,21-06-2024,Anna Wilson,Consumer,West,Office Supplies,Art,210.27,1,0.15,18.63
ORD-11695,17-11-2023,20-11-2023,Grace Garcia,Corporate,South,Furniture,Furnishings,55.2,1,0.2,2.72
ORD-14147,07-04-2024,08-04-2024,Nina Davis,Consumer,West,Office Supplies,Storage,83.6,2,0,27.47
ORD-17491,23-06-2024,25-06-2024,Mohammed Brown,Home Office,East,Furniture,Furnishings,1040.05,2,0.4,-422.73
ORD-15824,23-11-2024,24-11-2024,Linda Brown,Corporate,East,Office Supplies,Paper,248.89,1,0,61.56
ORD-18107,19-03-2024,21-03-2024,Carlos Garcia,Consumer,South,Technology,Machines,877.19,3,0.4,-96.38
ORD-15758,18-12-2022,20-12-2022,Carlos Martinez,Corporate,East,Furniture,Bookcases,449.2,1,0.1,1.09
ORD-11778,26-01-2022,31-01-2022,Wei Brown,Consumer,Central,Office Supplies,Labels,174.52,1,0.2,0.87
ORD-12055,26-07-2024,29-07-2024,Linda Rodriguez,Consumer,Central,Office Supplies,Binders,371.97,2,0.2,79.38
ORD-14770,16-08-2024,23-08-2024,Sara Johnson,Home Office,South,Office Supplies,Labels,249.92,1,0,57.53
ORD-18256,02-08-2024,04-08-2024,Carlos Lee,Consumer,East,Technology,Accessories,6758.05,5,0.15,100.85
ORD-12196,11-07-2022,18-07-2022,Linda Lee,Consumer,East,Office Supplies,Binders,4.08,1,0.4,-0.06
ORD-19606,15-01-2024,18-01-2024,Fatima Lewis,Consumer,East,Technology,Accessories,3108.34,2,0,594.69
ORD-16611,05-11-2024,09-11-2024,Nina Garcia,Consumer,Central,Furniture,Tables,104.27,1,0.15,13.33
ORD-13187,04-07-2024,08-07-2024,Priya Rodriguez,Corporate,West,Technology,Accessories,1493.16,2,0.3,-158.92
ORD-11627,14-05-2023,17-05-2023,David Khan,Corporate,East,Office Supplies,Storage,139.32,1,0.1,1.26
ORD-11331,10-10-2023,13-10-2023,,Home Office,East,Office Supplies,Art,812.56,4,0.1,203.29
ORD-12226,03-02-2024,05-02-2024,John Johnson,Home Office,East,Furniture,Tables,179.07,1,0.4,-67.83
ORD-19596,18-11-2022,19-11-2022,Tom Lee,Corporate,Central,Furniture,Furnishings,2800.12,4,0,-28.97
ORD-17488,20-10-2022,21-10-2022,Tom Rodriguez,Corporate,West,Technology,Copiers,4213.48,3,0.4,240.02
ORD-14492,22-10-2023,26-10-2023,Anna Young,Corporate,East,Office Supplies,Envelopes,345.66,2,0.15,91.83
ORD-10278,14-09-2022,17-09-2022,James Khan,Home Office,west,Technology,Copiers,3142.43,2,0.15,393.09
ORD-16761,04-07-2024,05-07-2024,Carlos Walker,Consumer,East,Technology,Machines,2233.44,3,0,782.53
ORD-14146,18-07-2022,22-07-2022,,Consumer,West,Office Supplies,Art,59.58,2,0,7.93
ORD-16960,06-10-2022,07-10-2022,Maria Clark,Corporate,West,Office Supplies,Storage,85.17,1,0.5,-10.62
ORD-14518,09-07-2023,11-07-2023,John Chen,Consumer,South,Office Supplies,Art,155.24,4,0,53.25
ORD-17092,26-06-2024,30-06-2024,Priya Lee,Corporate,West,Office Supplies,Storage,109.1,3,0.2,10.46
ORD-19094,02-08-2024,06-08-2024,Fatima Walker,Corporate,Central,Technology,Copiers,639.28,3,0.1,71.28
ORD-11728,19-02-2022,24-02-2022,Wei Smith,Consumer,East,Furniture,Bookcases,825.74,3,0.2,-85.4
ORD-10661,27-11-2024,04-12-2024,Tom Chen,Consumer,SOUTH,Furniture,Bookcases,402.24,3,0.2,-30.11
ORD-14908,08-08-2022,09-08-2022,Grace Smith,Corporate,CENTRAL,Office Supplies,Art,63.36,1,0.1,23.32
ORD-17826,09-06-2024,12-06-2024,Kevin Brown,Consumer,East,Office Supplies,Storage,162.98,1,0.1,61.99
ORD-17667,25-09-2024,27-09-2024,Kevin Chen,Consumer,West,Office Supplies,Paper,58.54,1,0.1,6.61
ORD-14158,08-05-2024,11-05-2024,Grace Brown,Consumer,East,Office Supplies,Binders,178.99,6,,1.6
ORD-10434,04-03-2022,06-03-2022,John Lewis,Consumer,Central,Office Supplies,Binders,220.05,5,0.1,13.82
ORD-11271,17-09-2024,22-09-2024,Priya Khan,Corporate,Central,Furniture,Furnishings,259.86,2,0,44.34
ORD-10077,25-03-2023,27-03-2023,Linda Lewis,Consumer,Central,Office Supplies,Labels,215.86,5,0.1,34.09
ORD-16382,06-12-2024,08-12-2024,Kevin Young,Consumer,West,Technology,Accessories,5974.63,3,0.2,1109.52
ORD-16559,05-02-2023,08-02-2023,Kevin Walker,Consumer,Central,Office Supplies,Paper,283.39,2,0.1,74.52
ORD-11256,23-12-2022,,Kevin Walker,Corporate,West,Office Supplies,Binders,139.51,1,0.2,11.6
ORD-11046,06-10-2024,09-10-2024,Tom Smith,Consumer,Central,Office Supplies,Envelopes,82.11,3,0,15.68
ORD-14919,03-11-2024,04-11-2024,Tom Martinez,Corporate,Central,Furniture,Furnishings,691.77,1,0,181.63
ORD-12938,04-01-2022,09-01-2022,Maria Johnson,Corporate,East,Office Supplies,Paper,48.58,2,0,16.84
ORD-12743,07-11-2023,,Nina Martinez,Consumer,East,Furniture,Chairs,540.84,2,0,112.61
ORD-16686,26-12-2023,29-12-2023,Mohammed Walker,Corporate,West,Furniture,Bookcases,312.22,3,0.15,-125.7
ORD-13784,16-12-2022,19-12-2022,David Clark,Home Office,Central,Office Supplies,Paper,604.96,4,,92.9
ORD-17114,03-08-2023,10-08-2023,Carlos Martinez,Corporate,South,Office Supplies,Labels,298.9,5,0.3,84.3
ORD-14781,22-02-2023,23-02-2023,Maria Brown,Corporate,Central,Furniture,Chairs,908.71,4,0.1,-174.38
ORD-16989,25-03-2022,28-03-2022,Tom Lee,Consumer,Central,Technology,Copiers,9861.48,6,0.1,1056.43
ORD-10546,10-04-2024,12-04-2024,David Johnson,Corporate,Central,Office Supplies,Storage,54.34,2,0,7.41
ORD-16832,03-12-2023,05-12-2023,Kevin Garcia,Corporate,Central,Technology,Phones,3926.54,2,0,745.01
ORD-13831,08-12-2024,09-12-2024,Grace Chen,Consumer,West,Furniture,Furnishings,1254.58,2,0.1,-126.46
ORD-13915,17-08-2024,21-08-2024,David Garcia,Consumer,East,Technology,Machines,2888.38,5,0.15,1187.78
ORD-13456,15-04-2023,19-04-2023,Kevin Martinez,Home Office,Central,Office Supplies,Binders,21.8,4,0,2.73
ORD-14007,26-12-2022,30-12-2022,John Johnson,Consumer,West,Office Supplies,Labels,78.17,1,0.5,-1.69
ORD-11124,01-11-2023,02-11-2023,Mohammed Garcia,Consumer,Central,Office Supplies,Storage,506,4,0,182.28
ORD-17817,08-09-2023,12-09-2023,Anna Lee,Consumer,Central,Office Supplies,Labels,78.44,1,0.1,13.13
ORD-10767,25-10-2024,27-10-2024,David Martinez,Consumer,Central,Office Supplies,Envelopes,318.44,3,0.1,2.84
ORD-11174,03-10-2024,04-10-2024,Mohammed Chen,Consumer,East,Furniture,Furnishings,3677.04,4,0,1360.77
ORD-18772,23-09-2024,24-09-2024,Grace Davis,Consumer,South,Office Supplies,Art,46.58,1,0.5,-4.26
ORD-18358,14-03-2022,17-03-2022,Mohammed Wilson,Consumer,East,Furniture,Furnishings,989.81,1,0,-47.03
ORD-18320,02-01-2022,05-01-2022,David Patel,Consumer,South,Technology,Accessories,2937.57,3,0.1,-430.51
ORD-10262,10-05-2022,12-05-2022,Sara Brown,Consumer,East,Office Supplies,Labels,182.2,2,0.1,35.85
ORD-11019,06-05-2022,10-05-2022,,Corporate,West,Office Supplies,Storage,164.69,1,0,42.41
ORD-15047,26-03-2023,29-03-2023,Grace Lee,Consumer,South,Office Supplies,Labels,47.68,1,0.15,7.2
ORD-13874,12-11-2022,13-11-2022,Carlos Young,Home Office,Central,Office Supplies,Envelopes,636.99,4,,101.58
ORD-14738,13-07-2024,14-07-2024,Sara Wilson,Corporate,East,Office Supplies,Labels,634.61,4,0.1,113.53
ORD-11012,01-10-2024,02-10-2024,John Martinez,Corporate,West,Furniture,Chairs,1086,4,0.4,-391.44
ORD-10736,05-08-2023,10-08-2023,David Martinez,Corporate,East,Furniture,Tables,928.04,1,0.1,-73.01
ORD-12240,10-01-2024,14-01-2024,Kevin Rodriguez,Consumer,East,Office Supplies,Binders,51.52,2,0.2,12.62
ORD-15547,17-12-2022,20-12-2022,Nina Davis,Home Office,East,Technology,Accessories,667.58,1,0,77.64
ORD-15647,02-04-2023,03-04-2023,Kevin Smith,Corporate,east,Office Supplies,Paper,9.4,2,0.1,2.58
ORD-15708,13-02-2023,16-02-2023,Wei Khan,Corporate,South,Furniture,Furnishings,2399.26,2,0,-203.05
ORD-14456,14-08-2024,16-08-2024,John Lee,Consumer,Central,Office Supplies,Binders,21.83,2,0.3,0.02
ORD-13868,12-07-2024,13-07-2024,James Walker,Consumer,West,Office Supplies,Paper,62.64,2,0.15,9.23
ORD-13109,17-12-2023,22-12-2023,Nina Clark,Home Office,Central,Office Supplies,Labels,741.81,3,0,118.99
ORD-19792,18-02-2024,19-02-2024,James Lee,Consumer,Central,Office Supplies,Envelopes,286.73,3,0.3,1.28
ORD-13006,17-07-2023,19-07-2023,James Khan,Consumer,Central,Office Supplies,Paper,128.07,1,0.1,36.26
ORD-14680,22-11-2022,23-11-2022,Anna Martinez,Consumer,Central,Office Supplies,Art,137.17,2,0.4,3.41
ORD-16526,02-10-2023,03-10-2023,David Martinez,Corporate,West,Furniture,Bookcases,319.6,2,0.2,21.77
ORD-12910,25-01-2022,30-01-2022,David Lewis,Home Office,East,Office Supplies,Art,26.65,1,0.3,2.62
ORD-14557,23-10-2024,27-10-2024,Kevin Lee,Consumer,Central,Furniture,Bookcases,459.77,1,0.15,-127.45
ORD-15878,06-06-2023,13-06-2023,Priya Martinez,Home Office,West,Office Supplies,Binders,251.76,3,0.15,1.54
ORD-14763,08-12-2022,12-12-2022,Fatima Lewis,Home Office,West,Office Supplies,Binders,294.54,4,0.15,48.69
ORD-13120,23-05-2022,24-05-2022,Maria Walker,Corporate,Central,Furniture,Bookcases,1278.08,4,0,-186.7
ORD-18341,25-10-2022,28-10-2022,Nina Johnson,Home Office,East,Office Supplies,Art,260.48,5,0.2,28.78
ORD-14716,15-09-2024,17-09-2024,Wei Young,Consumer,East,Technology,Machines,507.14,2,0,84.82
ORD-16588,04-03-2024,07-03-2024,Priya Johnson,Corporate,West,Office Supplies,Paper,153.81,1,0.15,17.15
ORD-11505,13-12-2024,14-12-2024,John Johnson,Home Office,West,Office Supplies,Art,105.57,2,0.3,6.55
ORD-16039,16-09-2023,23-09-2023,Anna Lee,Consumer,East,Office Supplies,Labels,73.38,1,0.1,14
ORD-15007,23-09-2024,25-09-2024,John Walker,Consumer,Central,Office Supplies,Art,247.46,2,0.2,65.61
ORD-13240,03-01-2022,05-01-2022,James Wilson,Consumer,West,Office Supplies,Art,961.32,4,0,379.56
ORD-14519,26-09-2023,29-09-2023,Carlos Rodriguez,Corporate,South,Office Supplies,Labels,69.89,1,0.5,-14.31
ORD-14235,12-05-2024,13-05-2024,Nina Brown,Consumer,South,Technology,Machines,10262.78,6,0.2,1316.15
ORD-10414,05-12-2022,06-12-2022,Mohammed Clark,Corporate,East,Furniture,Chairs,2082.56,3,0.15,1056.63
ORD-16687,03-08-2022,08-08-2022,Maria Lee,Corporate,East,Furniture,Furnishings,1075.55,4,0.2,-382.74
ORD-18546,21-08-2023,23-08-2023,Grace Khan,Consumer,Central,Technology,Phones,3173.32,2,0.15,-86.82
ORD-11423,05-06-2022,08-06-2022,Fatima Chen,Consumer,Central,Office Supplies,Envelopes,276.28,2,0,46.54
ORD-17831,14-08-2024,18-08-2024,David Rodriguez,Corporate,West,Furniture,Bookcases,732.69,1,0.2,-43.42
ORD-15978,15-02-2022,16-02-2022,Mohammed Lee,Home Office,SOUTH,Office Supplies,Envelopes,189.48,1,0.1,-3.23
ORD-16007,18-03-2023,23-03-2023,David Martinez,Home Office,East,Office Supplies,Paper,80.16,2,0.15,7.61
ORD-12299,09-11-2023,14-11-2023,John Garcia,Corporate,West,Furniture,Chairs,380.2,5,0.2,3.75
ORD-11929,25-08-2022,28-08-2022,Maria Chen,Consumer,East,Office Supplies,Storage,28.46,6,0.2,-1.28
ORD-15609,06-09-2023,10-09-2023,Mohammed Johnson,Corporate,East,Furniture,Chairs,1750.09,2,0.1,549.86
ORD-15027,14-04-2024,16-04-2024,James Chen,Consumer,South,Office Supplies,Envelopes,91.82,1,0,13.82
ORD-12508,14-11-2022,16-11-2022,Tom Chen,Home Office,West,Office Supplies,Art,539.34,3,0,98.9
ORD-10156,04-08-2022,05-08-2022,Fatima Davis,Consumer,Central,Technology,Machines,4797.52,3,0.15,888.19
ORD-15951,16-03-2022,18-03-2022,Fatima Lewis,Consumer,East,Furniture,Bookcases,217.7,4,0.15,17.51
ORD-12795,08-03-2024,13-03-2024,Anna Rodriguez,Home Office,West,Office Supplies,Binders,230.18,2,0,28.48
ORD-17477,12-06-2023,19-06-2023,Linda Brown,Consumer,West,Furniture,Bookcases,287.73,1,0,-24.65
ORD-16483,26-08-2023,27-08-2023,Priya Martinez,Consumer,West,Office Supplies,Paper,352.34,3,0.2,-16.95
ORD-12540,07-02-2022,10-02-2022,John Lee,Corporate,East,Technology,Machines,711.62,2,0,251.73
ORD-10669,20-07-2022,23-07-2022,Kevin Chen,Consumer,East,Technology,Machines,3701.7,4,0.1,52.26
ORD-11022,18-07-2022,23-07-2022,Priya Clark,Home Office,South,Technology,Accessories,1951.15,1,0,217.94
ORD-14645,04-01-2022,06-01-2022,Anna Lewis,Consumer,East,Furniture,Chairs,1836.58,2,0,-233.25
ORD-19181,20-11-2023,22-11-2023,Priya Garcia,Consumer,West,Office Supplies,Paper,371.62,4,0.2,12.87
ORD-15220,07-11-2024,08-11-2024,Maria Khan,Consumer,Central,Technology,Phones,4016.74,2,0,-454.25
ORD-19185,03-05-2022,05-05-2022,Mohammed Clark,Corporate,East,Office Supplies,Envelopes,693.48,3,0,205.4
ORD-12320,02-08-2023,05-08-2023,Priya Patel,Corporate,West,Technology,Accessories,1181.29,1,0.1,460.32
ORD-19282,01-08-2024,03-08-2024,Priya Wilson,Consumer,East,Office Supplies,Storage,473.5,2,0,74.29
ORD-11652,01-10-2022,08-10-2022,Sara Johnson,Consumer,Central,Office Supplies,Paper,50.56,1,0.1,17.59
ORD-10883,06-04-2024,09-04-2024,Mohammed Wilson,Consumer,Central,Office Supplies,Envelopes,335.96,2,0.3,12.61
ORD-10033,16-08-2024,18-08-2024,John Lee,Consumer,East,Office Supplies,Art,947.28,4,0,150.32
ORD-14103,17-08-2024,19-08-2024,,Home Office,East,Office Supplies,Art,34.55,2,0.3,-3.36
ORD-18753,07-12-2023,09-12-2023,Tom Martinez,Consumer,West,Office Supplies,Envelopes,347.18,2,0.1,96.28
ORD-10668,23-11-2022,26-11-2022,Maria Khan,Corporate,East,Office Supplies,Envelopes,126.35,5,0.3,14.37
ORD-19343,11-11-2024,12-11-2024,Anna Smith,Consumer,East,Technology,Machines,210.02,6,0.4,-42.99
ORD-12608,14-01-2022,15-01-2022,Fatima Lewis,Consumer,South,Office Supplies,Storage,146.48,1,0.1,34.8
ORD-16759,27-06-2024,28-06-2024,Sara Rodriguez,Home Office,East,Furniture,Tables,2135.12,2,0,147.22
ORD-11909,17-03-2024,22-03-2024,Anna Lewis,Corporate,West,Furniture,Bookcases,178.17,3,0,16.1
ORD-18292,13-10-2024,16-10-2024,Wei Lewis,Corporate,West,Technology,Accessories,1077.08,2,0,5.02
ORD-16621,04-03-2024,06-03-2024,Kevin Wilson,Consumer,West,Office Supplies,Binders,194.25,5,0.4,28.71
ORD-15095,26-08-2023,28-08-2023,Tom Walker,Corporate,East,Office Supplies,Binders,17.26,1,0.15,3.67
ORD-17830,14-07-2022,16-07-2022,Anna Smith,Consumer,Central,Office Supplies,Paper,120.96,1,0.15,7.26
ORD-16544,21-11-2023,24-11-2023,David Smith,Home Office,West,Technology,Machines,7047.56,4,0,2870.11
ORD-14171,03-04-2022,07-04-2022,Wei Clark,Consumer,South,Office Supplies,Envelopes,98.13,1,0,30.87
ORD-12449,21-04-2022,25-04-2022,Nina Walker,Consumer,Central,Furniture,Bookcases,2857.9,4,0.15,446.48
ORD-13054,12-02-2023,19-02-2023,Kevin Clark,Consumer,East,Office Supplies,Binders,391.66,2,0.2,28.92
ORD-17971,07-12-2024,11-12-2024,Nina Young,Home Office,East,Technology,Copiers,89.03,1,0.1,-8.71
ORD-17811,11-07-2022,14-07-2022,Priya Wilson,Corporate,Central,Office Supplies,Storage,193.36,2,0.1,5.02
ORD-11493,17-12-2024,21-12-2024,Grace Johnson,Consumer,East,Technology,Machines,5664.87,3,0,1798.6
ORD-15567,19-11-2022,20-11-2022,Wei Brown,Consumer,East,Office Supplies,Art,116.21,1,0,12.08
ORD-11736,08-01-2022,10-01-2022,David Patel,Home Office,Central,Office Supplies,Art,119.52,1,0.1,11.73
ORD-11879,10-04-2022,11-04-2022,Anna Khan,Consumer,East,Office Supplies,Paper,822.68,4,0,145.83
ORD-10598,26-07-2023,28-07-2023,Kevin Wilson,Corporate,South,Furniture,Furnishings,357.72,3,0.1,-37.17
ORD-16023,06-11-2023,09-11-2023,Maria Garcia,Consumer,West,Technology,Copiers,1917.78,1,0.2,-33.41
ORD-11258,03-08-2022,04-08-2022,Sara Smith,Consumer,East,Technology,Accessories,185.58,2,0.1,79.93
ORD-19279,12-11-2023,14-11-2023,Priya Clark,Home Office,Central,Technology,Accessories,4429.25,3,0.15,479.65
ORD-17637,04-08-2022,05-08-2022,Linda Khan,Corporate,East,Office Supplies,Art,143.83,2,0.4,-9.66
ORD-13305,26-10-2022,29-10-2022,Maria Wilson,Consumer,West,Technology,Phones,3424.25,2,0.3,-159.86
ORD-19307,06-06-2022,11-06-2022,Grace Smith,Home Office,Central,Furniture,Tables,508.68,1,0,71.78
ORD-16304,14-08-2022,16-08-2022,Grace Young,Consumer,West,Furniture,Chairs,533.23,1,0,216.49
ORD-17075,12-04-2023,13-04-2023,Wei Lee,Consumer,East,Office Supplies,Envelopes,106.49,3,0.2,-1.35
ORD-17309,04-02-2022,07-02-2022,Anna Lewis,Corporate,Central,Office Supplies,Envelopes,216.96,2,0,21.2
ORD-10789,07-04-2024,11-04-2024,Grace Khan,Consumer,Central,Technology,Accessories,7778.08,4,0.2,1245.17
ORD-12880,12-12-2024,16-12-2024,Nina Johnson,Consumer,Central,Office Supplies,Binders,205.56,2,0.1,56.77
ORD-19495,01-04-2024,04-04-2024,David Johnson,Consumer,West,Technology,Accessories,1156.22,1,0.3,-6.73
ORD-14756,13-12-2023,16-12-2023,Kevin Johnson,Consumer,West,Technology,Phones,2545.66,2,0,844.02
ORD-10294,06-08-2024,10-08-2024,Linda Lee,Home Office,West,Office Supplies,Art,149.74,2,0.3,31.88
ORD-12957,02-11-2022,04-11-2022,Tom Chen,Consumer,Central,Office Supplies,Art,674.72,4,0.3,-51.04
ORD-11322,21-07-2023,22-07-2023,Maria Young,Consumer,West,Office Supplies,Binders,247.06,1,0,100.17
ORD-17886,02-05-2023,05-05-2023,Nina Khan,Corporate,East,Office Supplies,Art,306.2,5,0.5,29.08
ORD-17192,17-04-2022,18-04-2022,John Young,Consumer,west,Furniture,Bookcases,408.53,1,0.15,-98.59
ORD-12774,15-02-2024,19-02-2024,James Khan,Corporate,Central,Office Supplies,Paper,433.58,2,0,179.21
ORD-17106,19-10-2024,23-10-2024,Sara Khan,Consumer,East,Technology,Accessories,1157.47,1,0.15,59.12
ORD-18742,25-09-2024,26-09-2024,Kevin Smith,Home Office,East,Technology,Accessories,1798.42,2,0.1,69.24
ORD-17540,12-05-2023,19-05-2023,Maria Rodriguez,Home Office,South,Technology,Phones,982.41,1,0,220.07
ORD-13173,14-08-2024,17-08-2024,Anna Khan,Home Office,East,Technology,Machines,1397.12,1,0.1,361.09
ORD-17983,14-10-2024,15-10-2024,Kevin Smith,Corporate,South,Office Supplies,Art,102.38,2,0,20.61
ORD-12487,27-04-2023,28-04-2023,James Lee,Consumer,East,Furniture,Bookcases,1351.49,4,0.2,-115.89
ORD-16196,27-10-2022,28-10-2022,Maria Smith,Consumer,Central,Furniture,Tables,741.36,1,0,27.14
ORD-15619,26-12-2024,28-12-2024,John Chen,Consumer,East,Furniture,Tables,1249.5,2,0.15,84.12
ORD-13084,03-02-2024,05-02-2024,Kevin Clark,Consumer,East,Office Supplies,Envelopes,127.57,1,0,8.11
ORD-13828,09-12-2023,12-12-2023,Tom Lewis,Home Office,East,Furniture,Bookcases,618.6,1,0.1,87.6
ORD-10944,07-09-2023,11-09-2023,Mohammed Davis,Home Office,Central,Office Supplies,Labels,413.66,4,0.2,-18.54
ORD-18385,20-08-2023,21-08-2023,Fatima Chen,Consumer,East,Office Supplies,Paper,101.18,2,0,17.78
ORD-17645,09-10-2024,11-10-2024,Grace Wilson,Corporate,West,Office Supplies,Storage,259.35,3,0,69.09
ORD-14963,26-01-2024,30-01-2024,Nina Wilson,Corporate,Central,Office Supplies,Binders,897.24,4,0,150.53
ORD-11145,13-11-2022,14-11-2022,Tom Rodriguez,Corporate,West,Technology,Accessories,1766.16,1,0,247.48
ORD-19267,11-11-2023,13-11-2023,Wei Davis,Consumer,East,Office Supplies,Envelopes,99.58,4,0.1,14.25
ORD-17413,14-02-2022,21-02-2022,Kevin Rodriguez,Consumer,Central,Office Supplies,Art,101.22,1,0.2,30.59
ORD-10002,19-02-2023,21-02-2023,Priya Clark,Consumer,South,Technology,Accessories,270.71,1,0.4,-40.63
ORD-16036,23-05-2022,25-05-2022,Tom Brown,Consumer,West,Technology,Machines,1880.89,1,0,83.73
ORD-16029,12-12-2024,14-12-2024,Nina Walker,Consumer,West,Technology,Phones,11878.16,6,0.15,-418.82
ORD-15060,22-10-2022,25-10-2022,Linda Clark,Corporate,East,Furniture,Bookcases,5271.4,5,0,-139.8
ORD-19245,21-01-2024,26-01-2024,Kevin Wilson,Consumer,East,Office Supplies,Storage,128.91,1,0.1,28.59
ORD-12533,01-02-2024,02-02-2024,Grace Clark,Consumer,West,Furniture,Tables,3840.88,5,0.2,71.85
ORD-15661,02-10-2024,03-10-2024,Anna Johnson,Corporate,South,Office Supplies,Binders,869.6,5,0.2,-17.02
ORD-10653,13-12-2022,16-12-2022,Fatima Chen,Home Office,Central,Office Supplies,Art,39.94,1,0.15,6.26
ORD-15456,12-08-2023,14-08-2023,Sara Walker,Home Office,Central,Office Supplies,Envelopes,896.75,5,0,213.38
ORD-16737,23-07-2023,25-07-2023,Nina Khan,Corporate,West,Technology,Phones,774.69,1,0,14.47
ORD-17176,24-04-2022,01-05-2022,Carlos Walker,Corporate,South,Technology,Copiers,1597.97,3,0.1,154.71
ORD-19084,21-12-2023,22-12-2023,Sara Khan,Corporate,West,Office Supplies,Storage,62.39,2,0.1,-1.88
ORD-13463,20-12-2023,22-12-2023,Sara Brown,Consumer,South,Technology,Copiers,103.46,1,0.4,24.74
ORD-17355,08-03-2022,09-03-2022,Mohammed Garcia,Corporate,West,Technology,Accessories,1467.7,1,0.2,-357.63
ORD-10744,10-08-2023,12-08-2023,Carlos Walker,Home Office,East,Technology,Accessories,9511.88,4,0,781.12
ORD-19782,05-08-2022,09-08-2022,Kevin Lewis,Consumer,WEST,Technology,Accessories,1831.51,1,0,458.21
ORD-14355,15-01-2024,16-01-2024,Nina Lewis,Home Office,East,Office Supplies,Art,237.6,1,0,101.42
ORD-12589,01-01-2023,05-01-2023,Kevin Clark,Consumer,WEST,Office Supplies,Paper,70.52,1,0.1,3.98
ORD-14629,18-11-2024,19-11-2024,Maria Davis,Consumer,East,Office Supplies,Binders,184.79,1,0.1,56.47
ORD-17615,05-12-2022,08-12-2022,Wei Clark,Corporate,West,Furniture,Furnishings,2735.95,5,0.3,409.23
ORD-12616,25-09-2022,28-09-2022,Tom Smith,Consumer,East,Office Supplies,Storage,197.8,1,0.2,-16.79
ORD-10633,13-02-2024,15-02-2024,Kevin Rodriguez,Consumer,East,Furniture,Chairs,648.81,3,0,56.86
ORD-14652,18-11-2024,19-11-2024,Tom Johnson,Consumer,West,Office Supplies,Binders,293.42,3,0.4,-21.33
ORD-12968,10-06-2023,11-06-2023,Carlos Chen,Consumer,South,Office Supplies,Art,61.31,2,0.2,12.61
ORD-13504,03-03-2024,05-03-2024,Fatima Davis,Consumer,West,Furniture,Bookcases,1350.6,2,0,-144.68
ORD-18614,19-04-2023,23-04-2023,Wei Lee,Corporate,Central,Technology,Accessories,4785.54,4,0.2,-89.87
ORD-10590,24-12-2022,26-12-2022,,Consumer,West,Technology,Phones,7827.24,4,0,1600.79
ORD-15752,27-06-2023,30-06-2023,Carlos Wilson,Corporate,West,Technology,Phones,573.05,4,0.1,40.34
ORD-15924,26-12-2022,28-12-2022,John Lewis,Consumer,West,Technology,Phones,655.7,1,0.2,-44.57
ORD-10886,20-08-2023,23-08-2023,Sara Johnson,Consumer,Central,Technology,Machines,7121.07,3,0,2311.08
ORD-13690,14-07-2023,16-07-2023,Priya Lee,Consumer,East,Technology,Copiers,748.04,4,0,46.26
ORD-14082,21-07-2023,26-07-2023,Wei Patel,Consumer,East,Office Supplies,Envelopes,89.84,1,0.1,13.01
ORD-19572,25-09-2024,27-09-2024,Nina Garcia,Corporate,West,Furniture,Chairs,3808.64,4,0,405.42
ORD-13998,02-02-2022,04-02-2022,David Smith,Corporate,West,Office Supplies,Binders,134.14,1,0.15,8.07
ORD-14591,04-03-2023,06-03-2023,Priya Garcia,Corporate,South,Office Supplies,Envelopes,31.84,1,0.1,5.5
ORD-13048,09-12-2024,12-12-2024,Wei Brown,Home Office,East,Office Supplies,Binders,297.27,3,0,45.58
ORD-16411,21-12-2022,23-12-2022,Priya Brown,Consumer,West,Furniture,Bookcases,242.9,2,0.15,26.8
ORD-10362,18-12-2022,23-12-2022,Linda Smith,Consumer,East,Office Supplies,Binders,14.86,1,0.2,4.13
ORD-12027,19-07-2023,22-07-2023,Wei Smith,Home Office,Central,Technology,Accessories,4721.27,5,0.1,-432.65
ORD-18303,04-08-2024,06-08-2024,Anna Lee,Corporate,West,Furniture,Furnishings,935.64,1,0.1,134.8
ORD-15246,18-11-2023,22-11-2023,Tom Garcia,Corporate,Central,Furniture,Furnishings,595.81,4,0.3,-60.14
ORD-10828,08-04-2023,10-04-2023,,Consumer,West,Technology,Copiers,1560.93,2,0.2,-59.65
ORD-19750,18-11-2024,20-11-2024,James Chen,Consumer,East,Office Supplies,Art,372.72,2,0,37.03
ORD-10643,12-03-2024,15-03-2024,Wei Garcia,Consumer,East,Office Supplies,Art,23.39,2,0.15,7.04
ORD-19391,06-08-2024,08-08-2024,Linda Young,Consumer,East,Technology,Machines,1095.8,1,0,161.72
ORD-16571,10-06-2022,11-06-2022,Grace Clark,Corporate,East,Office Supplies,Storage,353.61,3,0.15,72.61
ORD-18083,21-07-2022,23-07-2022,John Wilson,Home Office,East,Office Supplies,Binders,336.07,2,0.3,-61.66
ORD-11016,04-11-2022,11-11-2022,John Walker,Corporate,East,Technology,Phones,1667.38,1,0.1,589.56
ORD-10662,27-12-2022,29-12-2022,Linda Brown,Corporate,East,Technology,Accessories,4018.78,2,0,653.8
ORD-15089,08-01-2024,10-01-2024,Tom Patel,Home Office,Central,Office Supplies,Envelopes,145.74,2,0.15,28.56
ORD-14744,23-05-2024,25-05-2024,Carlos Davis,Corporate,West,Office Supplies,Envelopes,33.34,3,0.1,0.74
ORD-12082,06-10-2022,10-10-2022,Priya Martinez,Consumer,East,Furniture,Tables,842.95,1,0.1,52.02
ORD-12167,25-08-2024,27-08-2024,Anna Martinez,Home Office,South,Office Supplies,Envelopes,298.14,2,0.2,-6.92
ORD-10070,19-05-2023,21-05-2023,Sara Lee,Consumer,West,Office Supplies,Envelopes,192.51,1,0,44.46
ORD-18901,21-01-2024,25-01-2024,David Walker,Corporate,East,Office Supplies,Art,213.63,2,0.2,44.18
ORD-15180,18-12-2024,19-12-2024,John Clark,Consumer,South,Technology,Phones,7794.08,5,0.3,-1820.8
ORD-17410,22-06-2023,25-06-2023,Fatima Johnson,Home Office,west,Office Supplies,Envelopes,63.65,3,0.3,2.87
ORD-12626,21-12-2024,24-12-2024,Tom Clark,Corporate,Central,Office Supplies,Art,266.02,2,0.15,40.96
ORD-19318,24-07-2024,26-07-2024,Anna Lee,Corporate,Central,Furniture,Tables,6078.62,6,0.1,-538.58
ORD-18685,10-09-2024,11-09-2024,Carlos Patel,Corporate,East,Office Supplies,Envelopes,192.74,1,0.1,58.62
ORD-13196,18-09-2022,20-09-2022,David Lee,Corporate,West,Furniture,Chairs,2801.19,3,0,340.25
ORD-15408,13-07-2023,16-07-2023,Grace Wilson,Consumer,East,Technology,Accessories,1439.76,3,0,577.02
ORD-16745,14-02-2024,16-02-2024,James Young,Corporate,East,Technology,Accessories,13051.8,6,0,5484.78
ORD-12637,14-06-2022,16-06-2022,Nina Martinez,Corporate,East,Office Supplies,Paper,329.54,2,0.15,40.32
ORD-19755,16-11-2023,17-11-2023,Anna Young,Consumer,South,Furniture,Bookcases,4201.83,5,0.1,322.38
ORD-12221,03-01-2023,06-01-2023,Anna Walker,Corporate,Central,Office Supplies,Labels,339.53,3,0.15,5.6
ORD-17991,20-09-2024,22-09-2024,Priya Young,Consumer,South,Furniture,Bookcases,1949.1,2,0.15,-38.74
ORD-16987,19-11-2022,23-11-2022,John Davis,Consumer,East,Office Supplies,Binders,412.25,5,0.15,38.13
ORD-16592,21-12-2024,23-12-2024,Anna Davis,Consumer,South,Office Supplies,Labels,184.32,2,0,36.41
ORD-15024,04-12-2024,06-12-2024,James Lewis,Consumer,East,Furniture,Furnishings,432.68,1,0.15,34.01
ORD-17097,27-12-2022,03-01-2023,Priya Chen,Consumer,South,Technology,Accessories,7596.04,6,0.15,1043.85
ORD-17462,13-08-2022,15-08-2022,Linda Wilson,Consumer,Central,Office Supplies,Envelopes,189.34,1,0.15,51.72
ORD-16976,11-12-2023,14-12-2023,Fatima Lee,Consumer,South,Furniture,Furnishings,1014.28,1,0,264.17
ORD-12895,25-03-2023,27-03-2023,Sara Walker,Home Office,East,Technology,Accessories,1102.85,2,0.3,94.78
ORD-14058,13-04-2022,14-04-2022,Nina Smith,Home Office,East,Office Supplies,Paper,112.42,1,0.1,26.48
ORD-19768,04-05-2023,05-05-2023,Carlos Rodriguez,Corporate,West,Furniture,Tables,560.46,1,0.1,-86.51
ORD-18644,16-11-2022,17-11-2022,James Chen,Home Office,East,Furniture,Chairs,110.14,2,0,2.09
ORD-12656,04-02-2024,08-02-2024,Kevin Rodriguez,Consumer,East,Technology,Machines,2182.92,1,0.1,325.94
ORD-18664,10-03-2022,13-03-2022,Priya Johnson,Consumer,South,Office Supplies,Binders,672.06,3,0.1,101.14
ORD-13412,02-12-2023,04-12-2023,Grace Lewis,Consumer,East,Technology,Phones,5356.47,3,0,735.88
ORD-18666,25-10-2022,30-10-2022,Mohammed Rodriguez,Home Office,Central,Technology,Phones,4049.92,3,0.1,1467.75
ORD-10009,25-11-2023,26-11-2023,Carlos Lewis,Consumer,West,Office Supplies,Envelopes,383.99,4,0.3,46.99
ORD-18938,17-08-2022,20-08-2022,David Garcia,Corporate,east,Office Supplies,Storage,159.38,2,0.3,6.22
ORD-16815,12-04-2022,17-04-2022,Fatima Garcia,Consumer,West,Office Supplies,Envelopes,110.62,3,0.2,5.91
ORD-12453,03-12-2024,07-12-2024,Sara Wilson,Home Office,East,Furniture,Tables,198.28,1,0,6.04
ORD-19309,10-03-2022,11-03-2022,Sara Walker,Corporate,Central,Office Supplies,Storage,33.56,3,0.1,6.35
ORD-15574,06-01-2023,07-01-2023,Linda Martinez,Consumer,West,Furniture,Chairs,1402.06,2,0.2,-201.74
ORD-13065,13-09-2023,15-09-2023,Fatima Lewis,Consumer,South,Furniture,Chairs,279.74,2,0.2,75.49
ORD-16554,06-11-2022,10-11-2022,Tom Chen,Consumer,West,Office Supplies,Storage,22.83,1,0,7.85
ORD-15533,17-10-2023,20-10-2023,Wei Khan,Consumer,West,Office Supplies,Binders,170.1,3,0.3,26.86
ORD-11956,08-02-2023,10-02-2023,Sara Walker,Consumer,Central,Office Supplies,Paper,157.37,1,0.15,13.19
ORD-18357,22-01-2024,23-01-2024,Sara Lee,Consumer,East,Furniture,Chairs,713.38,1,0.2,-24.07
ORD-17036,06-09-2023,09-09-2023,John Young,Consumer,Central,Office Supplies,Paper,573.38,4,0.15,97.55
ORD-17247,27-10-2023,28-10-2023,John Patel,Consumer,West,Furniture,Chairs,218.72,4,0,-2.61
ORD-19614,07-05-2023,08-05-2023,Priya Davis,Home Office,East,Furniture,Chairs,918.2,1,0.15,39.28
ORD-19431,20-12-2023,21-12-2023,Grace Walker,Corporate,Central,Office Supplies,Storage,104.02,1,0.2,25.37
ORD-11482,05-05-2024,08-05-2024,Mohammed Clark,Consumer,South,Technology,Machines,4330.44,3,0.15,-0.89
ORD-14244,26-09-2022,03-10-2022,Tom Brown,Corporate,Central,Office Supplies,Binders,393.2,3,0.1,55.38
ORD-18214,01-01-2024,04-01-2024,Wei Chen,Corporate,West,Technology,Copiers,5334.36,4,0.15,-365.36
ORD-12730,19-12-2024,24-12-2024,Sara Davis,Consumer,West,Office Supplies,Binders,27.33,2,0.2,3.44
ORD-18475,19-04-2023,22-04-2023,Tom Davis,Corporate,West,Technology,Accessories,1847.27,1,0.1,-38.69
ORD-12493,21-12-2023,26-12-2023,David Martinez,Consumer,West,Office Supplies,Binders,465.2,4,0,154.05
ORD-14126,15-11-2022,19-11-2022,Tom Rodriguez,Consumer,West,Office Supplies,Binders,69.22,1,0.2,6.79
ORD-16931,24-06-2023,27-06-2023,Wei Young,Consumer,West,Office Supplies,Labels,69.21,1,0.5,-10.37
ORD-10284,25-09-2022,28-09-2022,Grace Lewis,Consumer,East,Office Supplies,Art,106.39,1,0,9.35
ORD-13417,17-02-2022,21-02-2022,David Patel,Home Office,South,Office Supplies,Labels,377.62,2,0.1,88.93
ORD-12036,09-03-2024,11-03-2024,,Consumer,East,Technology,Machines,560.27,2,0.1,71.65
ORD-10820,03-02-2023,05-02-2023,Nina Patel,Corporate,West,Furniture,Chairs,592.7,3,0.1,70.03
ORD-19486,20-04-2023,22-04-2023,Grace Khan,Consumer,Central,Technology,Phones,3079.55,2,0.3,397.37
ORD-16558,06-11-2022,07-11-2022,Sara Young,Corporate,West,Office Supplies,Labels,53.18,2,0,17.86
ORD-13876,10-05-2024,13-05-2024,Linda Lee,Corporate,West,Office Supplies,Art,62.84,2,0.1,-0.4
ORD-15773,01-09-2024,03-09-2024,Linda Patel,Consumer,Central,Technology,Copiers,60.62,1,0.1,-15.75
ORD-18399,20-08-2023,21-08-2023,Sara Young,Corporate,South,Furniture,Bookcases,2251.98,2,0,493.56
ORD-10524,01-08-2024,05-08-2024,Sara Wilson,Consumer,Central,Technology,Copiers,2725.33,2,0.2,410.21
ORD-10891,18-11-2023,19-11-2023,Wei Khan,Corporate,Central,Office Supplies,Paper,130.34,1,0.3,12.01
ORD-13592,10-05-2024,13-05-2024,Mohammed Davis,Consumer,East,Office Supplies,Art,714,4,0,193.32
ORD-17623,02-09-2022,03-09-2022,Nina Walker,Consumer,EAST,Office Supplies,Art,143.36,3,0.15,-21.37
ORD-14670,02-01-2023,03-01-2023,Nina Clark,Home Office,East,Office Supplies,Art,62.01,1,0.4,-0.23
ORD-16669,25-11-2022,27-11-2022,Maria Clark,Consumer,Central,Office Supplies,Storage,256.07,2,0.4,-41.53
ORD-17662,26-05-2022,28-05-2022,Nina Patel,Consumer,West,Technology,Machines,1100.88,1,0.1,141.4
ORD-11529,07-06-2024,10-06-2024,Carlos Johnson,Consumer,West,Furniture,Tables,854.01,1,0,117.24
ORD-12942,11-07-2022,13-07-2022,Nina Clark,Consumer,South,Furniture,Furnishings,118.52,1,0.1,-19.22
ORD-10498,07-11-2023,09-11-2023,Wei Davis,Consumer,Central,Furniture,Furnishings,462.64,1,0.1,-139.23
ORD-12546,24-12-2024,26-12-2024,Sara Rodriguez,Home Office,East,Office Supplies,Art,17.81,1,0.1,4.29
ORD-12782,09-12-2024,11-12-2024,Carlos Smith,Consumer,Central,Technology,Accessories,9546.72,6,0.2,-527.55
ORD-15079,25-07-2024,26-07-2024,Sara Rodriguez,Consumer,West,Office Supplies,Storage,109.29,1,0.4,-1.04
ORD-15816,03-06-2024,07-06-2024,Nina Lee,Consumer,South,Furniture,Bookcases,2940.38,4,0.2,1372.56
ORD-14246,14-11-2024,18-11-2024,Kevin Khan,Consumer,East,Technology,Phones,5267.12,5,0.2,-234.15
ORD-10379,16-04-2024,20-04-2024,Maria Brown,Consumer,South,Technology,Accessories,1378.41,1,0.3,-37.75
ORD-12580,27-10-2024,29-10-2024,Carlos Martinez,Corporate,East,Office Supplies,Labels,465.32,3,0.15,44.02
ORD-15196,27-07-2022,31-07-2022,Wei Walker,Corporate,West,Office Supplies,Binders,120.39,3,0.15,11.16
ORD-14864,23-03-2024,24-03-2024,Sara Walker,Corporate,Central,Furniture,Tables,1626.26,2,0.1,-160.05
ORD-19193,04-05-2023,,Nina Lee,Home Office,East,Technology,Accessories,1750.22,2,0,-17.06
ORD-17314,21-05-2022,23-05-2022,Mohammed Smith,Consumer,East,Office Supplies,Storage,967.88,4,0,130.58
ORD-10190,12-10-2022,15-10-2022,Maria Patel,Corporate,East,Technology,Phones,101.61,3,0,42.86
ORD-16401,17-12-2024,20-12-2024,Wei Young,Consumer,West,Furniture,Furnishings,1860.19,2,0.1,-109.63
ORD-11720,27-10-2024,31-10-2024,John Khan,Corporate,South,Furniture,Bookcases,1825.24,2,0,237.81
ORD-18288,22-04-2022,27-04-2022,Mohammed Rodriguez,Consumer,Central,Office Supplies,Labels,66.23,1,0.4,-2.27
ORD-16451,08-11-2022,10-11-2022,Anna Khan,Consumer,West,Furniture,Tables,3188.67,3,0,472.25
ORD-10020,01-09-2022,02-09-2022,Anna Johnson,Consumer,East,Office Supplies,Storage,55.84,2,0.4,2.4
ORD-17028,07-11-2024,09-11-2024,Maria Clark,Corporate,East,Office Supplies,Envelopes,402.79,2,0.1,22.66
ORD-18571,09-07-2024,14-07-2024,Fatima Rodriguez,Corporate,East,Technology,Phones,1840.19,2,0.2,246.54
ORD-13888,04-07-2024,07-07-2024,Kevin Patel,Consumer,West,Office Supplies,Storage,575.19,3,0,140.35
ORD-12866,18-02-2022,19-02-2022,Tom Young,Consumer,East,Technology,Phones,1245.74,1,0,216.68
ORD-12046,05-06-2023,07-06-2023,Wei Lee,Corporate,Central,Technology,Accessories,3836.3,2,0.15,-328.25
ORD-17295,02-08-2024,04-08-2024,Anna Young,Corporate,West,Technology,Accessories,6050.64,3,0,711.72
ORD-18941,04-10-2023,09-10-2023,Maria Walker,Consumer,East,Technology,Copiers,3742.09,4,0.3,531.51
ORD-15102,02-05-2024,06-05-2024,Sara Chen,Consumer,West,Technology,Accessories,3478.2,2,0,130.19
ORD-17237,12-08-2024,15-08-2024,Nina Johnson,Home Office,East,Technology,Phones,3670.97,3,0.3,672.23
ORD-19325,08-02-2022,10-02-2022,John Patel,Consumer,West,Office Supplies,Storage,92.23,2,0.1,6.47
ORD-18525,03-02-2024,06-02-2024,Priya Clark,Consumer,Central,Technology,Copiers,1901.8,2,0.3,-127.69
ORD-18946,05-05-2023,07-05-2023,Fatima Martinez,Consumer,Central,Technology,Phones,1718.74,2,0.4,-95.7
ORD-17203,13-11-2023,15-11-2023,Linda Wilson,Consumer,Central,Technology,Copiers,2320.79,1,0,926.84
ORD-10189,09-08-2024,10-08-2024,Anna Davis,Consumer,Central,Office Supplies,Envelopes,72.75,2,0.2,3.09
ORD-18277,14-12-2023,19-12-2023,Carlos Rodriguez,Consumer,West,Technology,Machines,3906.16,2,0.1,236
ORD-14906,17-07-2022,18-07-2022,Carlos Martinez,Consumer,Central,Office Supplies,Binders,186.5,1,0,8.99
ORD-10150,21-12-2024,22-12-2024,Anna Wilson,Consumer,West,Office Supplies,Art,43.38,1,0,5.95
ORD-16432,03-07-2023,07-07-2023,,Home Office,East,Office Supplies,Envelopes,366.1,3,0.15,37.18
ORD-10022,24-04-2024,29-04-2024,,Consumer,West,Technology,Phones,410.44,2,0,-22.2
ORD-11975,02-02-2024,05-02-2024,James Walker,Home Office,East,Office Supplies,Paper,298.65,3,0.1,72.45
ORD-19749,10-09-2023,15-09-2023,Nina Rodriguez,Home Office,Central,Office Supplies,Paper,132.02,1,0.1,29.88
ORD-18730,06-11-2022,08-11-2022,Fatima Garcia,Corporate,West,Office Supplies,Labels,507.7,3,0.15,56.16
ORD-15427,17-11-2023,21-11-2023,Nina Young,Consumer,WEST,Office Supplies,Binders,306.51,3,0,53.38
ORD-16330,17-06-2022,24-06-2022,Wei Wilson,Consumer,South,Office Supplies,Art,61.23,3,0,11.92
ORD-16807,23-05-2024,25-05-2024,James Patel,Corporate,South,Office Supplies,Binders,96.77,1,0.15,20.38
ORD-14753,10-12-2023,12-12-2023,Wei Johnson,Consumer,South,Technology,Copiers,3873.94,2,0.2,460.34
ORD-12355,16-05-2024,18-05-2024,Maria Walker,Consumer,East,Technology,Machines,3818.7,4,0.1,499.52
ORD-17080,25-10-2022,28-10-2022,John Walker,Consumer, East ,Technology,Machines,432.28,2,0,6.32
ORD-16653,02-01-2023,05-01-2023,Maria Smith,Consumer,West,Office Supplies,Binders,170.61,1,0.2,28.71
ORD-11382,20-12-2023,23-12-2023,Nina Garcia,Consumer,South,Office Supplies,Binders,188.35,2,0.1,16.92
ORD-11807,05-03-2023,12-03-2023,David Johnson,Consumer,East,Office Supplies,Labels,386.8,2,0.2,50.39
ORD-18739,11-02-2024,15-02-2024,James Martinez,Consumer,East,Office Supplies,Labels,662.06,5,0.15,63.15
ORD-12798,01-03-2023,02-03-2023,Priya Young,Corporate,South,Furniture,Chairs,5295.65,5,0,-777.91
ORD-10550,22-08-2022,24-08-2022,Sara Chen,Corporate,West,Furniture,Bookcases,1946.98,2,0,6.09
ORD-16690,13-10-2022,20-10-2022,Kevin Garcia,Consumer,East,Furniture,Bookcases,251.94,2,0,-25.51
ORD-12706,04-06-2022,08-06-2022,Anna Patel,Corporate,West,Furniture,Furnishings,1819.89,2,0.2,10.02
ORD-16910,05-07-2022,06-07-2022,Mohammed Patel,Consumer,West,Furniture,Furnishings,844.76,2,0.15,-45.5
ORD-11288,17-03-2023,20-03-2023,Anna Young,Corporate,East,Office Supplies,Envelopes,295.99,2,0.1,67.44
ORD-17885,05-10-2024,08-10-2024,Sara Young,Corporate,West,Office Supplies,Labels,65.73,2,0.2,9.6
ORD-19416,23-02-2023,25-02-2023,Wei Khan,Corporate,West,Office Supplies,Paper,515.34,3,0,145.94
ORD-15035,24-03-2022,27-03-2022,John Garcia,Consumer,East,Office Supplies,Envelopes,255.58,4,0.4,-17.92
ORD-17311,15-03-2024,16-03-2024,Priya Lee,Consumer,South,Office Supplies,Envelopes,51.79,2,0.3,1.58
ORD-12817,11-12-2023,12-12-2023,Priya Wilson,Consumer,Central,Office Supplies,Binders,155.62,3,0.2,26.61
ORD-18104,08-02-2022,10-02-2022,Grace Garcia,Home Office,South,Office Supplies,Labels,43.95,3,0,8.5
ORD-17269,04-09-2022,05-09-2022,Tom Rodriguez,Home Office,East,Furniture,Tables,904.73,1,0.2,-79.16
ORD-17400,21-11-2024,22-11-2024,Maria Davis,Corporate,South,Office Supplies,Binders,145.57,4,0.2,-7.57
ORD-17957,01-10-2022,02-10-2022,Fatima Lewis,Consumer,West,Office Supplies,Art,156.32,1,0.15,13.36
ORD-19199,27-08-2023,29-08-2023,James Brown,Consumer,South,Technology,Phones,3368.52,4,0,901.95
ORD-12103,05-06-2024,08-06-2024,Linda Martinez,Corporate,West,Office Supplies,Paper,5.82,1,0.1,0.41
ORD-15623,27-08-2022,29-08-2022,James Wilson,Consumer,West,Office Supplies,Labels,220.33,2,0.3,-10.01
ORD-14436,13-06-2023,15-06-2023,James Young,Home Office,Central,Furniture,Furnishings,1327.09,2,0.1,-72.19
ORD-12414,06-09-2022,07-09-2022,John Patel,Consumer,Central,Office Supplies,Storage,202.8,3,0.1,22.49
ORD-14990,04-09-2023,06-09-2023,Tom Lee,Consumer,Central,Office Supplies,Binders,237.33,2,0.1,47.64
ORD-12829,18-04-2024,19-04-2024,Nina Wilson,Home Office,Central,Office Supplies,Envelopes,20.85,1,0.2,0.11
ORD-13603,18-10-2022,22-10-2022,Kevin Chen,Home Office,East,Technology,Copiers,1965.36,4,0.5,-471.49
ORD-14516,04-06-2024,06-06-2024,Anna Patel,Corporate,East,Technology,Copiers,960.83,1,0.1,146.08
ORD-14857,20-02-2024,21-02-2024,Nina Garcia,Consumer,South,Office Supplies,Labels,319.73,5,0.15,0.96
ORD-13515,10-04-2024,14-04-2024,John Brown,Consumer,West,Office Supplies,Binders,805.25,4,0.1,194.8
ORD-12389,06-01-2024,08-01-2024,Priya Lee,Corporate,South,Office Supplies,Labels,899.22,6,0,180.75
ORD-17000,08-04-2024,11-04-2024,Linda Chen,Consumer,East,Office Supplies,Binders,38.07,1,0,6.59
ORD-17154,13-10-2022,16-10-2022,Linda Lewis,Consumer,Central,Technology,Machines,2894.34,3,0,1570.69
ORD-10864,23-12-2024,25-12-2024,Wei Rodriguez,Corporate,East,Technology,Copiers,678.7,1,0.15,50.51
ORD-11868,11-10-2022,13-10-2022,Fatima Wilson,Corporate,West,Office Supplies,Paper,94.8,1,0,23.34
ORD-14084,27-08-2023,01-09-2023,Mohammed Davis,Corporate,South,Office Supplies,Storage,110.53,1,0.1,9.04
ORD-10503,05-03-2023,09-03-2023,Mohammed Walker,Home Office,Central,Office Supplies,Paper,134.38,1,0,32.81
ORD-13441,18-09-2022,19-09-2022,James Johnson,Home Office,South,Office Supplies,Paper,283.86,2,0.1,-10.53
ORD-15674,23-10-2024,24-10-2024,Fatima Young,Consumer,South,Office Supplies,Storage,688.1,5,0,205.35
ORD-13804,03-07-2024,04-07-2024,John Young,Corporate,East,Office Supplies,Art,577.3,3,0.2,-3.15
ORD-10769,27-10-2023,28-10-2023,Nina Lee,Corporate,West,Furniture,Furnishings,1009.5,2,0.2,-7.89
ORD-10884,26-10-2022,27-10-2022,Grace Khan,Corporate,East,Office Supplies,Binders,352.16,4,0,60.04
ORD-15656,05-01-2022,08-01-2022,Tom Johnson,Corporate,East,Office Supplies,Paper,898.85,5,0,361.2
ORD-16436,16-06-2022,18-06-2022,Maria Chen,Consumer,East,Technology,Machines,167.88,3,0,22.94
ORD-19041,03-05-2023,10-05-2023,Kevin Smith,Home Office,West,Office Supplies,Labels,375.7,2,0,104.01
ORD-16420,07-10-2024,08-10-2024,Carlos Lee,Consumer,West,Office Supplies,Labels,450.25,4,0.1,18.83
ORD-12526,17-10-2024,24-10-2024,Kevin Young,Consumer,East,Technology,Machines,8511.28,5,0.2,2877.08
ORD-18657,20-09-2024,22-09-2024,David Wilson,Consumer,West,Office Supplies,Paper,183.31,2,0.15,21.02
ORD-12440,17-04-2022,21-04-2022,Kevin Clark,Corporate,west,Furniture,Furnishings,207.62,2,0,18.17
ORD-14005,02-06-2024,03-06-2024,Fatima Clark,Home Office,West,Technology,Machines,4156.06,3,0.1,-18.62
ORD-11286,17-07-2023,22-07-2023,Grace Wilson,Home Office,Central,Furniture,Furnishings,409.26,1,0.2,-68.07
ORD-18211,03-06-2023,05-06-2023,Linda Garcia,Home Office,East,Furniture,Furnishings,3592.08,3,0,-432.52
ORD-15388,25-10-2022,26-10-2022,Wei Smith,Consumer,East,Office Supplies,Paper,85.63,2,0.1,21.35
ORD-13593,18-11-2024,23-11-2024,Sara Brown,Home Office,West,Office Supplies,Binders,55.21,1,0.3,1.63
ORD-10710,03-11-2023,08-11-2023,Nina Brown,Home Office,West,Office Supplies,Labels,182.65,2,0.15,-11.79
ORD-12340,05-10-2023,07-10-2023,Sara Rodriguez,Home Office,West,Office Supplies,Envelopes,54.54,2,0.1,15.48
ORD-11866,17-10-2022,21-10-2022,Maria Rodriguez,Consumer,South,Technology,Accessories,1702.78,1,0.1,447.87
ORD-10098,15-11-2024,17-11-2024,Kevin Rodriguez,Corporate,Central,Office Supplies,Envelopes,598.95,5,0,137.1
ORD-14986,08-12-2022,12-12-2022,Carlos Walker,Consumer,West,Furniture,Tables,1024.74,2,0.15,-136.4
ORD-11401,26-09-2022,28-09-2022,David Davis,Corporate,East,Furniture,Furnishings,993.05,2,0.3,-430.8
ORD-11982,09-03-2023,10-03-2023,Tom Rodriguez,Consumer,East,Technology,Copiers,570.92,2,0.1,88.75
ORD-18690,14-07-2024,18-07-2024,Fatima Clark,Corporate,East,Office Supplies,Paper,124.57,1,0.1,16.08
ORD-15135,08-09-2024,12-09-2024,David Khan,Consumer,West,Furniture,Tables,619.86,1,0.15,-115.95
ORD-14353,04-03-2022,07-03-2022,David Chen,Home Office,Central,Technology,Accessories,1191.44,5,0.3,98.15
ORD-14892,01-09-2024,04-09-2024,David Khan,Home Office,West,Office Supplies,Envelopes,46.99,1,0.1,7.55
ORD-12595,18-03-2024,21-03-2024,Tom Wilson,Corporate,West,Technology,Machines,5672.2,4,0,677.24
ORD-15051,22-08-2024,24-08-2024,Wei Lewis,Corporate,Central,Office Supplies,Envelopes,254.86,4,0.15,95.41
ORD-15158,22-11-2023,26-11-2023,Maria Smith,Consumer,East,Technology,Accessories,1894.18,2,0,39.08
ORD-16355,04-08-2023,05-08-2023,Nina Young,Consumer,East,Technology,Phones,1330.79,1,0.1,172.83
ORD-11250,26-12-2024,29-12-2024,Sara Davis,Home Office,West,Furniture,Furnishings,1203.26,4,0.15,11.81
ORD-14673,03-11-2023,05-11-2023,Wei Rodriguez,Home Office,East,Office Supplies,Art,357.26,3,0.2,16.12
ORD-11465,05-05-2023,07-05-2023,Nina Patel,Consumer,East,Office Supplies,Binders,245.28,4,0,45.2
ORD-17873,18-03-2022,25-03-2022,Linda Garcia,Consumer,South,Office Supplies,Binders,311.69,4,0.1,86.07
ORD-19525,12-06-2024,15-06-2024,Anna Rodriguez,Consumer,East,Office Supplies,Paper,103.34,3,0.3,10.32
ORD-15726,07-08-2023,08-08-2023,James Martinez,Consumer,West,Furniture,Tables,885.21,1,0.15,16.77
ORD-11398,01-09-2023,03-09-2023,Carlos Patel,Home Office,South,Office Supplies,Labels,164.92,1,0.2,2.05
ORD-14766,24-02-2022,27-02-2022,Sara Khan,Corporate,East,Furniture,Furnishings,1483.37,5,0.3,-178.33
ORD-15358,16-06-2022,21-06-2022,Nina Lewis,Consumer,East,Office Supplies,Binders,119.24,1,0.4,4.47
ORD-15522,21-09-2022,24-09-2022,Sara Davis,Corporate,West,Office Supplies,Envelopes,70.28,1,0.1,25.83
ORD-12761,24-11-2024,25-11-2024,Mohammed Wilson,Consumer,Central,Technology,Copiers,382.73,1,0.4,2.22
ORD-19565,23-12-2023,26-12-2023,Nina Lee,Consumer,West,Office Supplies,Storage,265.73,5,0.1,19.59
ORD-16086,02-10-2024,05-10-2024,Maria Martinez,Corporate,East,Office Supplies,Art,45.54,1,0.2,2.39
ORD-14367,19-11-2022,22-11-2022,Mohammed Martinez,Corporate,Central,Furniture,Tables,238.33,1,0.15,-7.21
ORD-12022,05-10-2024,09-10-2024,Maria Lewis,Consumer,East,Office Supplies,Paper,59.69,1,0,5.97
ORD-11196,12-09-2022,14-09-2022,Nina Lewis,Consumer,West,Office Supplies,Envelopes,144.79,2,0.3,13.9
ORD-14512,18-03-2022,19-03-2022,Fatima Brown,Consumer,East,Office Supplies,Labels,175.17,3,0,58.11
ORD-11133,05-09-2023,06-09-2023,Fatima Lee,Consumer,South,Technology,Machines,2004.93,1,0.1,382.94
ORD-18166,19-10-2023,21-10-2023,Nina Brown,Consumer,Central,Office Supplies,Binders,110,1,0.15,21.13
ORD-16994,03-10-2023,07-10-2023,Grace Johnson,Corporate,East,Furniture,Tables,915.69,3,0,166.76
ORD-15658,26-10-2023,28-10-2023,Sara Chen,Consumer,South,Office Supplies,Labels,38.38,1,0,9.48
ORD-17201,11-11-2022,13-11-2022,Kevin Wilson,Corporate,West,Technology,Accessories,7718,4,0.1,-1686.2
ORD-16682,27-11-2023,01-12-2023,David Khan,Consumer,East,Furniture,Furnishings,146.45,1,0.3,3.46
ORD-15399,26-11-2022,27-11-2022,Anna Clark,Consumer,South,Technology,Accessories,798.08,1,0,205.63
ORD-13451,01-10-2024,06-10-2024,Sara Wilson,Corporate, East ,Office Supplies,Labels,616.35,5,0,40.46
ORD-17331,05-06-2023,06-06-2023,John Young,Consumer,South,Furniture,Chairs,340.16,1,0.5,-39.22
ORD-11011,04-04-2024,06-04-2024,Linda Smith,Corporate,West,Office Supplies,Labels,651.76,6,0.3,21.76
ORD-12643,08-01-2022,10-01-2022,Maria Brown,Home Office,East,Office Supplies,Art,65.05,1,0.15,7.22
ORD-16996,20-03-2022,25-03-2022,Anna Rodriguez,Corporate,West,Office Supplies,Binders,380.22,2,0,87.31
ORD-18393,22-11-2022,26-11-2022,David Walker,Corporate,South,Office Supplies,Storage,396,3,0,90.44
ORD-17039,19-06-2022,21-06-2022,Carlos Patel,Consumer,West,Office Supplies,Art,354.27,3,0,19.9
ORD-11236,01-07-2022,06-07-2022,Priya Wilson,Consumer,South,Office Supplies,Paper,413.64,3,0.15,46.62
ORD-15799,25-11-2024,27-11-2024,James Patel,Consumer,West,Furniture,Tables,68.38,1,0.4,-14.29
ORD-17589,11-09-2022,12-09-2022,Mohammed Chen,Consumer,East,Office Supplies,Labels,26.54,1,0,1.56
ORD-14994,25-08-2022,28-08-2022,Sara Brown,Consumer,central,Office Supplies,Storage,97.91,1,0.1,4.81
ORD-19373,20-03-2024,21-03-2024,Mohammed Davis,Consumer,South,Furniture,Bookcases,562.59,2,0.1,26.55
ORD-16981,13-01-2023,15-01-2023,Nina Brown,Home Office,West,Office Supplies,Paper,91.46,2,0,19.86
ORD-17690,17-01-2024,19-01-2024,Kevin Smith,Consumer,West,Technology,Machines,8953.48,6,0.3,736.55
ORD-13446,14-11-2023,18-11-2023,David Johnson,Consumer,East,Office Supplies,Envelopes,1033.87,6,0.15,150.32
ORD-14296,16-12-2024,17-12-2024,Sara Patel,Home Office,West,Office Supplies,Labels,289.29,6,0.5,-5.22
ORD-15823,02-09-2024,04-09-2024,Wei Garcia,Home Office,South,Furniture,Chairs,892.84,1,0.1,41.4
ORD-18978,14-04-2024,18-04-2024,Kevin Smith,Corporate,East,Technology,Machines,1336.34,3,0.1,413.98
ORD-11842,15-07-2024,16-07-2024,John Khan,Consumer,South,Furniture,Tables,664.27,3,0.2,-25.22
ORD-10734,12-12-2023,14-12-2023,Tom Patel,Consumer,CENTRAL,Furniture,Tables,553.06,1,0.3,-239.4
ORD-10462,24-11-2023,25-11-2023,Fatima Garcia,Consumer,South,Office Supplies,Binders,69.82,3,0.15,5.62
ORD-12739,20-10-2022,21-10-2022,Nina Lewis,Home Office,East,Technology,Phones,1599.48,2,0.1,671.72
ORD-11206,26-01-2023,29-01-2023,Mohammed Khan,Consumer,Central,Office Supplies,Storage,31.35,3,0,5.21
ORD-16629,12-03-2023,15-03-2023,Fatima Clark,Consumer,Central,Technology,Machines,1781.98,1,0.2,80.23
ORD-12319,08-11-2022,09-11-2022,James Wilson,Home Office,West,Technology,Machines,2229.8,3,0.15,257.49
ORD-13064,01-11-2023,06-11-2023,Maria Smith,Consumer,West,Office Supplies,Envelopes,324.09,3,0,89.9
ORD-10599,09-08-2022,12-08-2022,James Martinez,Consumer,West,Technology,Phones,4710.53,6,0.1,667.89
ORD-18090,20-12-2023,25-12-2023,Linda Walker,Corporate,Central,Furniture,Furnishings,1334.97,5,0.1,19.35
ORD-13351,06-06-2023,08-06-2023,Mohammed Brown,Home Office,West,Office Supplies,Art,73.12,3,0.1,15.84
ORD-19252,22-08-2023,23-08-2023,Tom Wilson,Consumer,East,Furniture,Tables,765.96,1,0,-50.46
ORD-13544,05-11-2024,08-11-2024,Kevin Brown,Corporate,East,Furniture,Bookcases,1021.3,2,0.1,-426.63
ORD-10400,04-11-2024,07-11-2024,Mohammed Clark,Consumer,East,Technology,Accessories,1965.41,3,0.15,-113.56
ORD-13321,09-11-2023,12-11-2023,John Khan,Corporate,West,Office Supplies,Storage,387.28,5,0.5,-58.35
ORD-16150,24-05-2023,26-05-2023,Fatima Garcia,Consumer,West,Office Supplies,Binders,179.21,2,0.15,33.83
ORD-11776,25-02-2022,04-03-2022,Sara Khan,Consumer,South,Technology,Machines,3263.5,2,0,295.95
ORD-19250,04-10-2024,07-10-2024,Sara Chen,Consumer,South,Technology,Copiers,1822.74,1,0.1,-64.49
ORD-10514,12-10-2022,15-10-2022,James Young,Consumer,South,Office Supplies,Paper,175.24,2,0.15,39.77
ORD-13162,13-10-2024,17-10-2024,Kevin Patel,Consumer,Central,Office Supplies,Envelopes,32.62,1,0.4,-1.55
ORD-15140,14-12-2023,15-12-2023,Mohammed Brown,Consumer,Central,Technology,Phones,3428.52,2,0,536.07
ORD-17522,09-11-2024,13-11-2024,Mohammed Khan,Corporate,South,Technology,Copiers,1843.99,1,0,1.51
ORD-19241,19-10-2022,24-10-2022,Anna Clark,Consumer,East,Technology,Machines,255.02,1,0,8.67
ORD-12544,06-08-2023,09-08-2023,Linda Davis,Corporate,Central,Furniture,Furnishings,1330.76,2,0,-155.04
ORD-17852,08-11-2022,12-11-2022,Tom Davis,Consumer,Central,Office Supplies,Art,829.33,4,0.1,-8.28
ORD-17053,23-11-2024,,Sara Lewis,Corporate,Central,Furniture,Tables,81.48,1,0.4,26.75
ORD-15245,20-12-2022,25-12-2022,Carlos Khan,Home Office,Central,Office Supplies,Paper,22.37,1,0,8.31
ORD-10814,17-03-2023,19-03-2023,Tom Smith,Consumer,South,Office Supplies,Binders,413.67,3,0.1,61.32
ORD-17487,11-11-2023,12-11-2023,Kevin Garcia,Corporate,West,Office Supplies,Envelopes,108.41,1,0.5,2.87
ORD-18645,05-11-2022,12-11-2022,Kevin Walker,Consumer,South,Office Supplies,Art,440.61,3,0,150.69
ORD-12206,04-05-2022,05-05-2022,John Johnson,Consumer,West,Technology,Copiers,509.74,2,0,71.13
ORD-12752,11-08-2024,14-08-2024,Nina Brown,Consumer,East,Office Supplies,Labels,771.4,4,0,141.53
ORD-14987,07-03-2023,09-03-2023,Maria Davis,Consumer,EAST,Technology,Accessories,1713.04,1,0,538.06
ORD-18615,02-03-2023,03-03-2023,Mohammed Brown,Corporate,Central,Office Supplies,Art,42.74,5,0.3,3.79
ORD-18898,12-10-2024,13-10-2024,David Smith,Consumer,Central,Office Supplies,Paper,175.08,6,0,49.75
ORD-10703,11-12-2024,14-12-2024,John Patel,Consumer,West,Office Supplies,Paper,481.47,4,0.2,105.79
ORD-10829,23-08-2023,25-08-2023,Kevin Chen,Consumer,Central,Office Supplies,Binders,460.13,3,0.1,50.13
ORD-16339,21-11-2023,25-11-2023,David Walker,Consumer,South,Office Supplies,Art,732.48,4,0,202.03
ORD-11035,10-05-2023,17-05-2023,Anna Chen,Home Office,West,Office Supplies,Binders,463.21,3,0.15,45.45
ORD-17391,04-09-2024,05-09-2024,Linda Lee,Home Office,South,Office Supplies,Envelopes,128.1,1,0.15,-4.73
ORD-10219,03-05-2022,06-05-2022,Maria Khan,Corporate,Central,Office Supplies,Labels,121.5,1,0.3,-4.39
ORD-17445,22-11-2022,26-11-2022,Nina Brown,Consumer,Central,Furniture,Furnishings,1769.99,2,0.15,184.52
ORD-13548,20-12-2022,21-12-2022,David Martinez,Corporate,south,Office Supplies,Paper,545.43,4,0.15,59.8
ORD-16482,10-10-2023,15-10-2023,Carlos Khan,Corporate,Central,Office Supplies,Paper,701.79,4,0.2,78.01
ORD-16933,24-01-2023,27-01-2023,,Corporate,EAST,Office Supplies,Labels,217,1,0,63.05
ORD-17682,27-11-2024,29-11-2024,Fatima Johnson,Consumer,East,Office Supplies,Paper,70.52,4,0.15,19.63
ORD-17614,06-06-2024,10-06-2024,Linda Rodriguez,Consumer,West,Office Supplies,Storage,29.05,1,0,5.48
ORD-16201,22-03-2022,25-03-2022,Tom Young,Consumer,East,Office Supplies,Envelopes,19.35,1,0.15,0.88
ORD-18970,07-05-2022,08-05-2022,Sara Rodriguez,Home Office,West,Office Supplies,Labels,111.9,1,0,25.52
ORD-10016,22-11-2024,26-11-2024,Maria Khan,Consumer,Central,Furniture,Tables,1474.81,2,0.1,-305.83
ORD-19278,14-03-2024,15-03-2024,Anna Garcia,Corporate,West,Office Supplies,Art,9.57,1,0.2,-0.03
ORD-13643,02-04-2023,07-04-2023,Priya Lewis,Corporate,Central,Furniture,Tables,718.35,3,0,-124.37
ORD-12786,23-09-2023,24-09-2023,Maria Wilson,Consumer,West,Office Supplies,Labels,427.15,3,0.15,109.89
ORD-10821,14-03-2023,18-03-2023,Priya Smith,Consumer,South,Technology,Accessories,4020.41,3,0.3,-663.19
ORD-14623,19-04-2022,22-04-2022,Carlos Clark,Consumer,East,Office Supplies,Labels,541.1,3,0.2,62.15
ORD-12677,24-09-2023,29-09-2023,Kevin Davis,Corporate,West,Furniture,Furnishings,1133.02,4,0.15,223.8
ORD-15605,09-11-2024,11-11-2024,Maria Walker,Consumer,East,Office Supplies,Labels,441.18,4,0.1,98.77
ORD-14008,05-08-2022,06-08-2022,Priya Wilson,Corporate,West,Furniture,Chairs,671.77,1,0.3,-214.97
ORD-15510,27-09-2023,30-09-2023,Mohammed Martinez,Consumer,South,Technology,Machines,349.5,2,0,163.14
ORD-10516,02-12-2023,04-12-2023,Mohammed Smith,Home Office,Central,Technology,Machines,3721.92,4,0,804.05
ORD-16519,10-11-2023,14-11-2023,Priya Young,Consumer,West,Office Supplies,Envelopes,101.7,1,0,20.05
ORD-12048,15-04-2023,19-04-2023,Fatima Davis,Corporate,Central,Office Supplies,Binders,19.15,2,0.5,-1.25
ORD-15838,19-07-2024,20-07-2024,Wei Clark,Consumer,West,Technology,Phones,1057.86,2,0.2,125.82
ORD-19504,12-01-2024,14-01-2024,Maria Johnson,Consumer,South,Technology,Phones,238.66,1,0.5,-48.36
ORD-15112,13-08-2023,16-08-2023,Kevin Walker,Consumer,South,Technology,Machines,1693.51,1,0.15,88.76
ORD-18933,08-09-2022,12-09-2022,Nina Smith,Consumer,Central,Office Supplies,Art,730.95,5,0,157.81
ORD-10600,10-03-2022,15-03-2022,Maria Garcia,Consumer,Central,Technology,Phones,697.44,2,0,226.66
ORD-12749,14-06-2024,15-06-2024,Anna Johnson,Home Office,South,Office Supplies,Art,221.82,2,0,36.98
ORD-18768,27-04-2022,28-04-2022,John Lewis,Consumer,West,Technology,Machines,1720.8,2,0.2,-145.73
ORD-13255,05-01-2023,08-01-2023,Priya Davis,Consumer,West,Technology,Machines,2119.89,1,0,788.11
ORD-16934,18-03-2024,20-03-2024,Kevin Garcia,Corporate,West,Furniture,Chairs,829.33,1,0,246.17
ORD-16984,19-10-2023,20-10-2023,Sara Patel,Consumer,East,Technology,Accessories,1307.87,2,0.2,404.38
ORD-12839,11-11-2024,15-11-2024,Linda Lee,Home Office,Central,Office Supplies,Paper,400.26,3,0,181.74
ORD-16700,11-12-2023,16-12-2023,Priya Khan,Home Office,West,Furniture,Tables,207.89,1,0.2,27.06
ORD-13235,01-01-2023,03-01-2023,Linda Lewis,Consumer,East,Office Supplies,Envelopes,511.08,4,0,123.22
ORD-15599,15-01-2024,16-01-2024,Maria Young,Consumer,West,Technology,Machines,2747.18,3,0.4,-302.97
ORD-18917,18-06-2024,21-06-2024,Sara Chen,Home Office,West,Office Supplies,Storage,442.96,4,0.5,-19.83
ORD-13839,02-08-2023,07-08-2023,Kevin Davis,Consumer,East,Furniture,Tables,1066.5,2,0.2,-187.82
ORD-18910,08-12-2024,10-12-2024,Kevin Garcia,Consumer,south,Technology,Accessories,4572.23,3,,-289.74
ORD-16904,26-12-2024,28-12-2024,James Smith,Consumer,East,Technology,Accessories,1130.84,1,0.1,148.23
ORD-17362,12-04-2022,15-04-2022,Maria Brown,Consumer,West,Office Supplies,Paper,33.01,1,0,6.37
ORD-13036,22-05-2022,23-05-2022,David Brown,Consumer,West,Furniture,Tables,290.27,1,0.5,-46.92
ORD-14950,09-09-2024,12-09-2024,Carlos Wilson,Consumer,West,Office Supplies,Labels,310.03,3,0.2,0.32
ORD-10487,25-12-2022,29-12-2022,Nina Young,Corporate,Central,Office Supplies,Paper,59.22,2,0,23.06
ORD-14966,13-03-2022,18-03-2022,John Wilson,Home Office, East ,Office Supplies,Storage,226.69,2,0.1,63.91
ORD-10592,24-12-2023,27-12-2023,Anna Johnson,Consumer,South,Technology,Accessories,435.1,1,0.1,134.13
ORD-11608,08-11-2022,13-11-2022,Tom Patel,Corporate,West,Furniture,Bookcases,1945.79,2,0.15,-715.25
ORD-18317,05-10-2024,08-10-2024,Sara Walker,Corporate,Central,Office Supplies,Storage,34.06,2,0.1,10.05
ORD-16353,27-01-2022,28-01-2022,David Chen,Consumer,West,Office Supplies,Art,179.6,1,0.15,50.42
ORD-17778,27-10-2023,29-10-2023,Anna Garcia,Consumer,East,Furniture,Chairs,800.56,1,0,30.81
ORD-14195,26-11-2022,28-11-2022,Priya Patel,Home Office,East,Office Supplies,Paper,878.52,4,0,208.74
ORD-16922,12-02-2024,14-02-2024,James Martinez,Consumer,South,Technology,Machines,8502.05,5,0,1606.62
ORD-18609,21-09-2022,24-09-2022,Anna Lewis,Corporate,Central,Furniture,Chairs,2423.56,4,0.1,293.93
ORD-12074,12-06-2024,19-06-2024,Nina Patel,Consumer,West,Office Supplies,Storage,1367.52,6,0,380.87
ORD-19476,01-11-2022,04-11-2022,Kevin Lee,Corporate,East,Office Supplies,Storage,186.08,3,0.3,45.24
ORD-10357,24-08-2022,27-08-2022,Carlos Clark,Corporate,Central,Technology,Phones,46.19,1,0.3,-9.44
ORD-12849,04-03-2023,08-03-2023,Anna Patel,Consumer,East,Furniture,Tables,4781.74,5,0.1,-846.85
ORD-14848,02-01-2024,05-01-2024,Tom Garcia,Corporate,Central,Technology,Machines,803.58,2,0.2,172.71
ORD-13365,21-05-2023,23-05-2023,Fatima Wilson,Corporate,East,Office Supplies,Labels,12.26,2,0.1,0.43
ORD-18396,25-11-2023,28-11-2023,James Patel,Home Office,East,Office Supplies,Paper,431.48,2,0,68
ORD-10311,13-02-2022,16-02-2022,Linda Brown,Home Office,East,Technology,Copiers,297.38,3,0.1,43.2
ORD-13314,01-09-2022,08-09-2022,Priya Young,Corporate,East,Office Supplies,Labels,130.53,1,0,28.09
ORD-13130,15-11-2022,17-11-2022,Sara Lee,Consumer,East,Technology,Phones,2167.6,1,0.1,89.15
ORD-10253,07-06-2022,09-06-2022,Fatima Smith,Home Office,West,Office Supplies,Labels,468.69,3,0,157.93
ORD-14111,02-06-2023,06-06-2023,Maria Lewis,Home Office,east,Office Supplies,Storage,305.55,5,0.1,24.06
ORD-11961,15-07-2024,20-07-2024,Mohammed Wilson,Corporate,West,Office Supplies,Art,180.63,3,0,45.74
ORD-14299,18-04-2022,19-04-2022,Fatima Smith,Consumer,West,Furniture,Furnishings,420.33,1,0.2,-125.14
ORD-14132,25-12-2024,28-12-2024,Nina Walker,Corporate,East,Office Supplies,Art,56.76,1,0,20.89
ORD-13404,13-10-2022,16-10-2022,,Home Office,Central,Technology,Copiers,1530.83,1,0.2,111.46
ORD-10435,17-02-2022,21-02-2022,Kevin Lewis,Consumer,East,Office Supplies,Envelopes,99.43,1,0.15,22.69
ORD-10589,27-09-2024,29-09-2024,Anna Lee,Consumer,East,Office Supplies,Art,323.42,4,0.1,88.11
ORD-14001,11-06-2022,13-06-2022,James Smith,Consumer,East,Furniture,Bookcases,57.18,1,0,2.6
ORD-13122,18-02-2023,20-02-2023,Mohammed Rodriguez,Home Office,South,Technology,Accessories,1289.88,5,0.15,272.28
ORD-19424,27-01-2023,31-01-2023,David Chen,Consumer,East,Office Supplies,Paper,128.25,1,0.4,-23.75
ORD-12382,22-08-2023,26-08-2023,Anna Chen,Consumer,Central,Furniture,Bookcases,1023.64,2,0.15,-173.32
ORD-10012,01-01-2023,04-01-2023,Anna Garcia,Corporate,Central,Office Supplies,Envelopes,154.32,3,0.2,27.64
ORD-14752,02-01-2024,03-01-2024,Tom Davis,Corporate,East,Office Supplies,Labels,913.16,5,0.15,262.68
ORD-15544,01-11-2023,02-11-2023,Tom Lee,Consumer,South,Office Supplies,Storage,110.06,2,0.15,15.3
ORD-13803,08-02-2022,09-02-2022,Kevin Patel,Corporate,East,Office Supplies,Paper,335.07,3,0,35.54
ORD-16393,14-08-2024,18-08-2024,Tom Chen,Corporate,West,Furniture,Furnishings,480.15,1,0.2,-16.94
ORD-19076,09-11-2022,14-11-2022,Anna Young,Corporate,East,Furniture,Chairs,1128.7,3,0.2,-18.68
ORD-11530,17-10-2023,19-10-2023,Kevin Young,Home Office,Central,Furniture,Bookcases,1160.67,2,0.2,-356.75
ORD-14636,16-11-2024,18-11-2024,Wei Clark,Home Office,Central,Technology,Copiers,9870.36,4,0,4114.63
ORD-13262,23-03-2024,24-03-2024,Maria Wilson,Home Office,East,Technology,Phones,3492.6,5,0,-40.33
ORD-16306,14-01-2022,16-01-2022,Sara Clark,Consumer,West,Office Supplies,Binders,219.52,2,0.15,23.93
ORD-19011,12-02-2024,13-02-2024,Wei Martinez,Home Office,West,Furniture,Bookcases,385.6,1,0,29.18
ORD-15021,05-06-2024,07-06-2024,Grace Brown,Home Office,West,Technology,Accessories,1738.64,6,0.1,615.48
ORD-13579,06-03-2022,11-03-2022,Carlos Chen,Corporate,East,Technology,Phones,3711.76,4,0,1216.72
ORD-11220,27-04-2022,29-04-2022,Linda Walker,Corporate,Central,Technology,Phones,3799.35,2,0.15,120.36
ORD-16119,13-07-2024,16-07-2024,Grace Rodriguez,Consumer,East,Office Supplies,Paper,223.26,3,0,61.46
ORD-11495,06-10-2024,10-10-2024,Linda Clark,Consumer,south,Office Supplies,Storage,26.14,1,0.2,1.88
ORD-14615,13-05-2023,17-05-2023,Maria Rodriguez,Consumer,West,Office Supplies,Binders,96.76,2,0,18.51
ORD-17424,04-07-2023,08-07-2023,,Corporate,East,Office Supplies,Envelopes,84.87,4,0.3,11.05
ORD-18718,14-12-2024,15-12-2024,David Lewis,Corporate,East,Furniture,Chairs,1133.89,2,0.2,-309.86
ORD-16373,02-12-2022,07-12-2022,Priya Khan,Corporate,South,Technology,Machines,862.52,1,0.2,290.78
ORD-14107,18-09-2023,22-09-2023,Tom Smith,Home Office,East,Office Supplies,Paper,308.81,3,0.2,55.33
ORD-12527,15-11-2022,18-11-2022,Mohammed Chen,Corporate,East,Technology,Machines,5750.93,3,0.2,2038.13
ORD-17943,25-05-2024,28-05-2024,David Brown,Consumer,West,Furniture,Furnishings,418.67,1,0.3,-10.72
ORD-17902,04-10-2024,06-10-2024,Kevin Patel,Consumer,East,Technology,Accessories,4810.74,2,0,719.47
ORD-18510,27-01-2023,30-01-2023,Grace Wilson,Home Office,east,Office Supplies,Storage,456.87,3,0,148.26
ORD-17586,23-09-2022,27-09-2022,Grace Martinez,Consumer,South,Office Supplies,Storage,488.14,2,0,174.99
ORD-13385,26-12-2024,31-12-2024,Wei Lee,Home Office,East,Technology,Machines,1513.18,2,0,22.26
ORD-16267,01-12-2023,04-12-2023,Grace Walker,Corporate,West,Furniture,Chairs,1296.9,2,0.15,220.49
ORD-11878,17-08-2022,20-08-2022,Tom Brown,Consumer,South,Technology,Copiers,1595.83,1,0,390.28
ORD-13148,01-11-2022,02-11-2022,Kevin Smith,Corporate,South,Technology,Accessories,1417.52,1,0.3,-343.01
ORD-11507,12-09-2022,15-09-2022,Fatima Rodriguez,Consumer,Central,Technology,Accessories,1734.46,1,0.1,-216.43
ORD-14130,18-03-2023,20-03-2023,Nina Garcia,Corporate,West,Technology,Accessories,10166.98,5,0.1,-2189.94
ORD-13169,06-08-2023,08-08-2023,,Home Office,Central,Office Supplies,Storage,613.02,5,0.3,35.84
ORD-14801,22-02-2022,26-02-2022,Kevin Chen,Corporate,South,Technology,Copiers,335.48,2,0.15,-63.23
ORD-11844,05-03-2022,08-03-2022,Mohammed Chen,Consumer,West,Office Supplies,Binders,84.63,4,0.15,16.26
ORD-13043,21-07-2022,22-07-2022,Sara Young,Consumer,East,Furniture,Bookcases,2894.4,3,0.1,-437.91
ORD-17728,25-10-2022,27-10-2022,Nina Wilson,Consumer,East,Furniture,Furnishings,105.63,1,0.2,-15.11
ORD-11980,01-08-2022,03-08-2022,Mohammed Patel,Corporate,East,Furniture,Tables,2396.22,3,0,-216.05
ORD-14535,01-11-2023,04-11-2023,Linda Wilson,Corporate,West,Furniture,Furnishings,1602.08,2,0.15,-87.84
ORD-15175,16-05-2022,19-05-2022,Kevin Patel,Home Office,South,Office Supplies,Binders,757.73,4,0.1,14.38
ORD-12117,19-08-2024,24-08-2024,Linda Wilson,Home Office,East,Office Supplies,Envelopes,27.38,1,0,8.79
ORD-12639,09-09-2023,14-09-2023,Carlos Clark,Consumer,East,Office Supplies,Envelopes,210.55,1,0,12.57
ORD-19283,17-03-2024,19-03-2024,Fatima Young,Corporate,East,Office Supplies,Storage,743.7,3,0,120.37
ORD-15020,24-08-2022,27-08-2022,Linda Rodriguez,Home Office,Central,Office Supplies,Envelopes,293.87,2,0.1,22.57
ORD-13714,04-08-2022,06-08-2022,Priya Lewis,Consumer,West,Technology,Accessories,2338.83,2,0.5,-233.94
ORD-11688,16-09-2022,18-09-2022,Tom Martinez,Corporate,South,Technology,Accessories,12313.89,6,0.1,3275.5
ORD-18853,18-12-2024,21-12-2024,Grace Wilson,Corporate,Central,Technology,Copiers,1843.22,5,0.5,84.61
ORD-15115,25-01-2022,27-01-2022,Anna Chen,Consumer,West,Office Supplies,Envelopes,193.44,1,0.15,-6.48
ORD-15652,07-11-2023,08-11-2023,Fatima Johnson,Consumer,South,Furniture,Tables,721.05,1,0.2,-155.36
ORD-10902,23-03-2024,28-03-2024,Kevin Young,Consumer,Central,Office Supplies,Labels,395.82,2,0.1,66.06
ORD-11134,19-07-2024,20-07-2024,Nina Clark,Consumer,West,Office Supplies,Paper,174.23,5,0.3,34.48
ORD-16285,25-04-2022,28-04-2022,Priya Smith,Consumer,South,Office Supplies,Storage,151.44,3,0,45.52
ORD-11108,02-10-2024,03-10-2024,Maria Patel,Consumer,West,Office Supplies,Envelopes,372.56,2,0.2,72.64
ORD-14973,23-01-2024,28-01-2024,Fatima Johnson,Home Office,East,Technology,Machines,5219.94,3,0,-619.86
ORD-13059,19-05-2024,23-05-2024,Kevin Johnson,Corporate,South,Office Supplies,Storage,446.23,3,0.3,22.16
ORD-16450,07-08-2023,10-08-2023,Nina Wilson,Home Office,West,Office Supplies,Envelopes,671.81,4,0.2,4.63
ORD-19511,08-01-2023,10-01-2023,Maria Young,Consumer,East,Office Supplies,Storage,464.8,2,0,91.8
ORD-15491,03-08-2022,04-08-2022,David Patel,Consumer,South,Furniture,Furnishings,205.08,2,0,23.02
ORD-17618,26-06-2022,28-06-2022,Mohammed Brown,Consumer,Central,Technology,Machines,2772,3,0.15,105.01
ORD-16254,20-08-2024,22-08-2024,Fatima Smith,Home Office,West,Technology,Copiers,4449.4,5,0,477.83
ORD-10768,11-01-2024,14-01-2024,Linda Khan,Consumer,South,Office Supplies,Storage,22.77,1,0.3,2.12
ORD-14849,22-06-2024,24-06-2024,David Smith,Corporate,Central,Office Supplies,Envelopes,29.74,1,0.2,5.12
ORD-19700,11-12-2024,12-12-2024,Maria Young,Consumer, South ,Office Supplies,Art,170.87,1,0,35.99
ORD-19350,17-04-2022,21-04-2022,David Wilson,Consumer,East,Office Supplies,Paper,913.67,6,0.15,262
ORD-10617,24-08-2022,25-08-2022,Sara Martinez,Home Office,West,Office Supplies,Art,753.4,4,0,178.3
ORD-18607,16-12-2024,17-12-2024,Kevin Johnson,Corporate,West,Office Supplies,Labels,383.19,3,0,134.56
ORD-12138,07-12-2024,11-12-2024,Mohammed Garcia,Consumer,Central,Office Supplies,Art,223.9,2,0.4,23.84
ORD-17388,27-04-2024,29-04-2024,Linda Wilson,Consumer,Central,Office Supplies,Art,328.98,2,0.15,77.21
ORD-10795,23-07-2024,27-07-2024,Wei Smith,Home Office,East,Furniture,Bookcases,568.17,1,0,28.06
ORD-14911,02-12-2022,06-12-2022,Linda Khan,Consumer,East,Furniture,Bookcases,2519.94,3,0,234.76
ORD-13837,04-10-2024,09-10-2024,David Smith,Consumer,East,Office Supplies,Paper,214.53,1,0,54.88
ORD-17102,10-12-2022,17-12-2022,Linda Smith,Corporate,South,Technology,Accessories,3957.01,2,0.2,1777.51
ORD-17116,12-11-2022,15-11-2022,John Wilson,Consumer,Central,Office Supplies,Envelopes,59.54,1,0.4,-6.47
ORD-13875,18-11-2023,20-11-2023,Nina Martinez,Consumer,Central,Technology,Phones,4533.57,6,0.1,606.23
ORD-14733,11-02-2024,12-02-2024,Nina Chen,Consumer,Central,Office Supplies,Labels,398.3,2,0.1,56.09
ORD-18397,07-11-2022,09-11-2022,Nina Martinez,Corporate,South,Furniture,Chairs,556.77,1,0.2,99.1
ORD-17894,18-07-2024,22-07-2024,Carlos Brown,Consumer,East,Furniture,Bookcases,122.72,1,0.3,-24.06
ORD-13840,16-07-2022,17-07-2022,Nina Young,Consumer,South,Technology,Copiers,4028.22,3,0,1357.03
ORD-16798,08-04-2024,10-04-2024,Maria Patel,Home Office,Central,Office Supplies,Labels,188.02,2,0.3,-1.27
ORD-11325,20-07-2022,25-07-2022,Anna Walker,Consumer,East,Technology,Phones,1537.64,1,0.1,-84.34
ORD-19558,08-11-2022,11-11-2022,Linda Smith,Home Office,Central,Office Supplies,Envelopes,78.86,1,0.2,14.67
ORD-12164,17-10-2024,18-10-2024,Sara Khan,Consumer,West,Technology,Copiers,985.94,1,0.2,-231.24
ORD-16533,01-06-2023,02-06-2023,Tom Walker,Consumer,South,Technology,Machines,2624.21,2,0.2,373.16
ORD-13756,04-04-2022,05-04-2022,Mohammed Martinez,Consumer,West,Technology,Machines,1115.82,3,0.4,158.64
ORD-12110,12-02-2023,14-02-2023,Tom Clark,Consumer,East,Technology,Copiers,4619.05,3,0.1,679.39
ORD-11087,16-09-2023,19-09-2023,Linda Brown,Corporate,West,Office Supplies,Storage,76.9,1,0,24.18
ORD-14077,19-05-2022,21-05-2022,Maria Rodriguez,Consumer,South,Office Supplies,Binders,421.44,3,0.1,35.81
ORD-17864,16-08-2022,17-08-2022,Nina Smith,Consumer,West,Office Supplies,Envelopes,80.19,1,0.1,17.99
ORD-14253,06-12-2022,11-12-2022,Tom Garcia,Consumer,West,Furniture,Tables,181.84,2,0.2,1.76
ORD-14534,27-01-2024,29-01-2024,Priya Johnson,Corporate,South,Office Supplies,Labels,475.75,3,0.15,99.69
ORD-16566,04-08-2024,06-08-2024,Sara Martinez,Consumer,West,Office Supplies,Binders,78.43,1,0.1,24.61
ORD-17958,03-12-2023,05-12-2023,Nina Chen,Corporate,Central,Office Supplies,Labels,216.5,1,0.1,23.9
ORD-17366,07-08-2022,12-08-2022,Mohammed Davis,Corporate,Central,Furniture,Tables,381.14,1,0.2,6.96
ORD-11569,08-10-2024,10-10-2024,Wei Young,Consumer,West,Office Supplies,Paper,22,1,0.3,-1.91
ORD-18776,05-08-2022,07-08-2022,Maria Davis,Consumer,East,Office Supplies,Binders,336.82,2,0.15,31.33
ORD-11237,04-07-2024,08-07-2024,Maria Smith,Home Office,East,Office Supplies,Paper,17.91,2,0.3,-1.31
ORD-19006,20-03-2024,22-03-2024,Nina Clark,Consumer,Central,Furniture,Furnishings,350.72,1,0.3,-42.85
ORD-12304,12-11-2022,13-11-2022,Kevin Davis,Consumer,Central,Technology,Machines,4937.22,3,0,-932.75
ORD-19317,15-08-2022,17-08-2022,Tom Davis,Consumer,West,Office Supplies,Labels,181.71,1,0.15,8.24
ORD-11603,05-04-2022,10-04-2022,Fatima Lee,Consumer,South,Office Supplies,Art,329.74,2,0,8.56
ORD-17402,26-08-2024,30-08-2024,Carlos Rodriguez,Consumer,East,Office Supplies,Storage,409.19,3,0.1,108.43
ORD-18871,10-04-2022,13-04-2022,Linda Davis,Home Office,South,Office Supplies,Labels,16.15,1,0.1,4.58
ORD-19470,27-12-2022,28-12-2022,John Garcia,Corporate,East,Office Supplies,Paper,245.85,1,0,43.17
ORD-18404,11-03-2023,15-03-2023,David Smith,Consumer,CENTRAL,Furniture,Tables,1594.52,2,0,-136.35
ORD-16131,18-02-2024,19-02-2024,Anna Khan,Consumer,West,Technology,Accessories,1027.1,1,0,139.81
ORD-14974,12-08-2023,13-08-2023,Mohammed Clark,Consumer,Central,Furniture,Furnishings,1093.26,1,0,162.95
ORD-11539,05-06-2024,06-06-2024,Anna Brown,Corporate,Central,Furniture,Tables,1181.66,3,0.1,-68.57
ORD-10908,13-12-2024,15-12-2024,David Clark,Consumer,West,Office Supplies,Labels,408.08,2,0.1,82.53
ORD-10847,02-06-2023,03-06-2023,Grace Martinez,Home Office,East,Technology,Copiers,3582.64,4,0,-336.82
ORD-10461,26-10-2023,27-10-2023,,Home Office,West,Technology,Copiers,3395.97,3,0,-524.92
ORD-17047,17-02-2024,20-02-2024,Mohammed Khan,Home Office,East,Office Supplies,Envelopes,359.27,3,0.15,47.75
ORD-10813,06-12-2022,13-12-2022,Sara Johnson,Corporate,South,Office Supplies,Binders,97.93,3,0.1,13.51
ORD-11522,14-08-2022,15-08-2022,Grace Smith,Consumer,Central,Office Supplies,Envelopes,448.92,4,0.1,58.2
ORD-15889,22-09-2023,26-09-2023,Wei Khan,Home Office,East,Furniture,Chairs,2212.22,2,0,656.02
ORD-11054,12-07-2022,15-07-2022,Nina Davis,Corporate,East,Technology,Phones,2375.55,4,0.15,-202.87
ORD-15986,03-08-2023,06-08-2023,Grace Lee,Consumer,South,Office Supplies,Paper,72.1,5,0,25.89
ORD-17436,19-02-2023,23-02-2023,Fatima Garcia,Corporate,Central,Technology,Copiers,4399.23,4,0.15,-127.11
ORD-12218,04-03-2024,08-03-2024,John Lewis,Home Office,West,Furniture,Furnishings,2504.28,3,0,291.75
ORD-11806,17-06-2022,22-06-2022,Maria Khan,Corporate,West,Office Supplies,Binders,451.31,3,0.3,-36.53
ORD-13741,17-07-2024,22-07-2024,Priya Garcia,Corporate,Central,Office Supplies,Binders,1084.13,6,0.2,145.13
ORD-19678,27-11-2023,28-11-2023,John Khan,Home Office,East,Office Supplies,Envelopes,203.05,1,0.15,30.53
ORD-14139,08-04-2024,12-04-2024,Wei Young,Consumer,East,Office Supplies,Art,212.76,4,0.1,39.58
ORD-15276,14-01-2022,16-01-2022,John Clark,Home Office,Central,Office Supplies,Labels,59.07,2,0.2,-6.35
ORD-18101,10-07-2023,13-07-2023,Mohammed Khan,Corporate,South,Technology,Phones,9316.85,5,0.15,-1685.42
ORD-13260,07-11-2024,11-11-2024,Anna Clark,Consumer,Central,Office Supplies,Binders,10.04,1,0,2.08
ORD-12157,11-10-2022,15-10-2022,Tom Brown,Home Office,East,Office Supplies,Binders,676.47,3,0,232.91
ORD-14832,05-02-2024,06-02-2024,John Martinez,Consumer,South,Office Supplies,Storage,538,5,0,101.09
ORD-10776,18-08-2022,20-08-2022,Mohammed Smith,Consumer,East,Office Supplies,Envelopes,224.6,2,0,71.32
ORD-12859,10-03-2023,13-03-2023,Linda Khan,Consumer,West,Furniture,Bookcases,592.79,2,0.15,-58.88
ORD-13926,05-11-2024,07-11-2024,Grace Smith,Consumer,West,Office Supplies,Art,247.07,1,0,71.67
ORD-17548,13-09-2023,16-09-2023,Maria Brown,Corporate,South,Office Supplies,Storage,47.09,1,0.2,-0.96
ORD-18068,12-01-2023,13-01-2023,Grace Chen,Home Office,Central,Office Supplies,Binders,153.92,2,0,39.18
ORD-14785,24-12-2022,25-12-2022,Priya Clark,Corporate,Central,Office Supplies,Art,738.07,4,0.1,127.73
ORD-13598,26-09-2024,27-09-2024,Maria Rodriguez,Consumer,East,Office Supplies,Envelopes,164.06,1,0.2,-4.26
ORD-17186,25-11-2022,29-11-2022,Nina Chen,Consumer,South,Technology,Machines,13489.26,6,0,2988.44
ORD-11533,26-09-2023,01-10-2023,Maria Brown,Consumer,Central,Office Supplies,Art,205.87,1,0.1,50.29
ORD-14287,08-04-2024,11-04-2024,Wei Martinez,Home Office,East,Office Supplies,Storage,162.79,6,0.15,10.56
ORD-12273,13-12-2023,15-12-2023,Linda Brown,Consumer,East,Office Supplies,Paper,340.25,3,0.1,67.24
ORD-14748,24-02-2022,27-02-2022,Anna Johnson,Consumer,West,Office Supplies,Envelopes,727.35,6,0.5,-27.7
ORD-18218,07-01-2022,08-01-2022,James Lee,Corporate,East,Furniture,Bookcases,1892.57,3,0.1,-80.82
ORD-18643,22-12-2023,26-12-2023,Carlos Lee,Consumer,South,Furniture,Bookcases,619.38,1,0.15,-22.15
ORD-13343,24-12-2024,26-12-2024,Mohammed Garcia,Consumer,South,Office Supplies,Envelopes,44.84,2,0.1,7.7
ORD-15554,14-09-2022,17-09-2022,Maria Chen,Home Office,Central,Technology,Phones,2946.1,2,0.3,87.53
ORD-14433,13-08-2024,15-08-2024,Carlos Wilson,Consumer,East,Office Supplies,Paper,21.66,4,0.15,0.59
ORD-11942,25-11-2023,27-11-2023,Wei Garcia,Corporate,South,Office Supplies,Storage,12.01,1,0.1,0.88
ORD-14991,04-10-2023,07-10-2023,Sara Lewis,Home Office,Central,Technology,Accessories,5783.61,3,0,1377.59
ORD-19253,25-11-2023,30-11-2023,John Young,Home Office,Central,Office Supplies,Envelopes,209.8,1,0.1,38.71
ORD-11732,02-07-2024,07-07-2024,Nina Martinez,Consumer,West,Technology,Phones,1475.93,2,0.1,2.06
ORD-11503,19-03-2024,20-03-2024,Wei Patel,Home Office,Central,Furniture,Tables,211.19,2,0.3,-5.5
ORD-18517,10-09-2024,13-09-2024,David Patel,Home Office,West,Technology,Machines,161.66,2,0,-7.6
ORD-18209,22-10-2024,29-10-2024,Sara Lee,Consumer,East,Technology,Accessories,4994.24,6,0.1,-498.51
ORD-14223,22-11-2022,25-11-2022,Tom Garcia,Corporate,EAST,Furniture,Furnishings,795.33,1,0.15,119.51
ORD-12165,02-05-2023,04-05-2023,John Garcia,Consumer,West,Technology,Phones,283.55,1,0,-1.65
ORD-16430,22-01-2022,23-01-2022,Sara Martinez,Consumer,East,Furniture,Tables,1690.18,3,0.4,-608.35
ORD-10691,23-05-2022,26-05-2022,Mohammed Smith,Consumer,West,Furniture,Bookcases,537.52,1,0,0.89
ORD-10819,23-11-2023,24-11-2023,Grace Walker,Corporate,West,Office Supplies,Binders,436.5,2,0,116.85
ORD-16852,10-06-2024,14-06-2024,Anna Lee,Consumer,East,Office Supplies,Labels,128,1,0,17.31
ORD-17966,18-02-2023,20-02-2023,Tom Lee,Consumer,East,Office Supplies,Envelopes,56,5,0.3,0.3
ORD-17166,11-05-2022,16-05-2022,John Patel,Home Office,Central,Technology,Copiers,744.55,1,0.3,-62.02
ORD-19044,02-01-2024,04-01-2024,Maria Walker,Consumer,East,Office Supplies,Art,365.9,3,0.15,84.65
ORD-13737,04-12-2024,09-12-2024,Anna Garcia,Corporate,East,Office Supplies,Art,14.25,1,0.3,0.47
ORD-10030,26-09-2022,29-09-2022,David Patel,Consumer,West,Office Supplies,Paper,368.97,3,0.3,44.75
ORD-16177,09-04-2023,14-04-2023,Priya Brown,Home Office,Central,Office Supplies,Binders,332.34,3,0.15,87.41
ORD-14013,11-08-2024,12-08-2024,Wei Patel,Consumer,West,Office Supplies,Storage,354.9,2,0,112.31
ORD-11654,25-12-2023,29-12-2023,,Consumer,Central,Technology,Phones,483.75,3,0.5,-70.78
ORD-19435,04-01-2023,05-01-2023,Maria Brown,Consumer,South,Office Supplies,Labels,1077.6,6,0,326.82
ORD-17624,09-01-2023,11-01-2023,Tom Lee,Corporate,Central,Furniture,Chairs,2025.66,2,0,152.17
ORD-11468,17-11-2022,18-11-2022,Tom Brown,Corporate,West,Technology,Copiers,3986.42,2,0.2,920.21
ORD-16580,04-05-2024,,Tom Lewis,Corporate,West,Office Supplies,Paper,111.85,5,0,-1.35
ORD-16540,27-09-2022,29-09-2022,Grace Smith,Home Office,East,Office Supplies,Binders,28.32,1,0.1,5.08
ORD-11226,12-08-2022,16-08-2022,Mohammed Khan,Home Office,South,Office Supplies,Envelopes,145.1,1,0,21.05
ORD-13278,10-09-2024,15-09-2024,David Martinez,Corporate,Central,Technology,Copiers,1149.97,2,0.3,-91.07
ORD-18018,03-11-2023,07-11-2023,Grace Smith,Corporate,South,Office Supplies,Art,309.44,2,0.1,34.93
ORD-13562,09-12-2023,11-12-2023,David Chen,Corporate,East,Office Supplies,Art,663.03,3,0,164.37
ORD-13799,25-04-2024,26-04-2024,Grace Garcia,Corporate,west,Office Supplies,Art,276.08,4,0.15,12.66
ORD-18995,25-02-2022,26-02-2022,Tom Lewis,Home Office,East,Office Supplies,Envelopes,59.43,1,0,12.59
ORD-17602,22-10-2023,24-10-2023,Nina Smith,Corporate,East,Office Supplies,Storage,427.02,3,0,127.74
ORD-15023,17-11-2022,18-11-2022,Tom Patel,Consumer,West,Technology,Copiers,9973.04,4,0,1214.02
ORD-10862,15-10-2024,18-10-2024,Wei Chen,Corporate,West,Office Supplies,Art,254.4,5,0.15,36.02
ORD-19165,22-08-2022,24-08-2022,Priya Patel,Consumer,West,Office Supplies,Labels,58.44,1,0.1,16.02
ORD-19689,06-01-2022,08-01-2022,David Brown,Consumer,East,Office Supplies,Binders,128.98,1,0,11.87
ORD-10450,22-11-2024,24-11-2024,Anna Lee,Consumer,Central,Office Supplies,Labels,1048.62,6,0,344.36
ORD-12913,23-12-2023,27-12-2023,Nina Walker,Consumer,West,Furniture,Tables,1856.37,3,0,5.23
ORD-19707,11-07-2022,15-07-2022,James Lee,Home Office,West,Office Supplies,Storage,107.28,1,0.3,-8.11
ORD-11119,22-08-2023,23-08-2023,Mohammed Rodriguez,Corporate,Central,Technology,Accessories,1771.39,1,0,352.67
ORD-11913,26-02-2024,02-03-2024,Sara Chen,Consumer,South,Furniture,Tables,1057.03,1,0.1,-117.48
ORD-15877,03-07-2022,07-07-2022,Carlos Garcia,Corporate,East,Office Supplies,Paper,47.34,2,0.1,10.87
ORD-11786,04-09-2024,08-09-2024,Anna Brown,Home Office,Central,Office Supplies,Labels,312.36,3,0.1,63.89
ORD-14420,10-10-2023,11-10-2023,John Wilson,Consumer,South,Technology,Copiers,2960.45,3,0.15,39.4
ORD-10091,14-09-2022,19-09-2022,David Walker,Consumer,West,Office Supplies,Labels,779.59,5,0.3,-20.73
ORD-17905,11-06-2024,12-06-2024,John Young,Corporate,East,Office Supplies,Labels,341.18,4,0.4,22.06
ORD-19295,22-12-2022,24-12-2022,Fatima Young,Corporate, West ,Office Supplies,Storage,545.06,3,0.2,64.62
ORD-16579,08-08-2023,09-08-2023,Kevin Young,Corporate,Central,Technology,Phones,548.56,1,0.4,48.75
ORD-14552,22-09-2023,25-09-2023,Linda Rodriguez,Home Office,South,Technology,Copiers,597.71,3,0.4,-154.74
ORD-11353,05-11-2022,07-11-2022,Linda Brown,Home Office,West,Technology,Copiers,1344.42,3,0,405.93
ORD-12337,19-02-2024,26-02-2024,Anna Davis,Consumer,East,Office Supplies,Art,16.41,5,0.4,4.04
ORD-19249,15-08-2023,22-08-2023,David Brown,Consumer,South,Office Supplies,Paper,163.18,1,0.1,48.54
ORD-10430,17-03-2023,19-03-2023,Tom Walker,Consumer,Central,Office Supplies,Art,109.34,1,0.15,11.13
ORD-15754,05-02-2024,06-02-2024,Sara Smith,Corporate,South,Furniture,Chairs,684.31,2,0.4,-95.15
ORD-13154,18-05-2023,19-05-2023,Tom Khan,Corporate,Central,Office Supplies,Binders,86.56,5,0.3,0.51
ORD-19488,04-12-2024,06-12-2024,Grace Johnson,Consumer,West,Furniture,Furnishings,1431.77,3,0.4,-255.58
ORD-18787,27-05-2023,31-05-2023,Sara Davis,Consumer,East,Office Supplies,Paper,166.88,1,0.1,36.68
ORD-17892,06-03-2022,11-03-2022,Tom Wilson,Consumer,West,Furniture,Bookcases,81.93,1,0.2,-5.11
ORD-19453,15-02-2023,18-02-2023,Anna Martinez,Home Office,South,Furniture,Bookcases,1112.95,1,0,-14.33
ORD-17395,08-03-2023,10-03-2023,Nina Walker,Home Office,East,Technology,Phones,1510.45,1,0.15,104.44
ORD-12062,09-04-2023,12-04-2023,Kevin Brown,Consumer,West,Furniture,Tables,358.38,2,0,-42.04
ORD-15977,26-11-2024,29-11-2024,John Garcia,Consumer,West,Office Supplies,Paper,334.83,2,0.2,109.27
ORD-15832,05-12-2024,09-12-2024,David Brown,Consumer,West,Office Supplies,Binders,14.38,1,0,2.61
ORD-10409,23-01-2023,24-01-2023,Anna Johnson,Home Office,Central,Office Supplies,Art,967.32,5,0.1,274.56
ORD-19586,18-11-2024,19-11-2024,John Khan,Consumer,East,Office Supplies,Binders,186.43,1,0,40.28
ORD-16186,15-07-2024,19-07-2024,Linda Lee,Corporate,West,Office Supplies,Envelopes,119.44,2,0.15,4.11
ORD-10136,20-05-2022,22-05-2022,Wei Lewis,Home Office,South,Furniture,Tables,2610.34,6,0.3,-353.1
ORD-13677,03-10-2023,07-10-2023,Sara Lee,Consumer,East,Furniture,Tables,1946.61,3,0,411.91
ORD-12925,27-02-2023,28-02-2023,Fatima Lee,Consumer,East,Office Supplies,Envelopes,274.27,2,0.2,15.61
ORD-16623,24-12-2024,27-12-2024,John Patel,Consumer,East,Furniture,Furnishings,640.93,1,0.3,-129.09
ORD-16224,18-02-2022,21-02-2022,Wei Young,Consumer,East,Office Supplies,Storage,342.83,2,0.1,26.88
ORD-16408,11-10-2022,15-10-2022,Anna Khan,Home Office,East,Office Supplies,Binders,89.26,3,0.2,12.17
ORD-13720,22-07-2024,27-07-2024,Grace Lewis,Corporate,South,Technology,Accessories,7097.64,3,0,-40.35
ORD-15562,27-12-2023,30-12-2023,James Clark,Consumer,West,Office Supplies,Storage,430.54,2,0.1,72.97
ORD-19045,07-04-2023,11-04-2023,Wei Martinez,Consumer,West,Technology,Accessories,3622.73,2,0.15,-145.5
ORD-14897,03-11-2023,06-11-2023,Fatima Smith,Consumer,Central,Office Supplies,Art,370.72,4,0,92.43
ORD-18547,01-09-2022,02-09-2022,Maria Brown,Consumer,South,Office Supplies,Labels,154.94,2,0.2,12.26
ORD-17824,15-05-2024,18-05-2024,Tom Brown,Corporate,East,Technology,Copiers,1423.51,1,0.1,266.86
ORD-18715,05-07-2024,08-07-2024,Mohammed Clark,Consumer,South,Technology,Copiers,849.96,4,0.1,221.5
ORD-12900,25-11-2022,26-11-2022,Fatima Rodriguez,Consumer,West,Furniture,Furnishings,1785.23,2,0.2,-586.23
ORD-10532,27-02-2024,03-03-2024,Fatima Clark,Consumer,Central,Office Supplies,Envelopes,436.3,3,0.4,-53.66
ORD-12280,14-09-2022,15-09-2022,Kevin Rodriguez,Corporate,South,Furniture,Chairs,2281.8,3,0,-288.4
ORD-16998,26-05-2023,02-06-2023,Priya Martinez,Consumer,East,Office Supplies,Binders,55.35,5,0,11.66
ORD-17567,03-08-2024,05-08-2024,Tom Khan,Corporate,East,Furniture,Tables,2021.04,2,0,111.27
ORD-17284,14-05-2024,18-05-2024,Mohammed Wilson,Consumer,West,Office Supplies,Labels,133.54,2,0.15,5.63
ORD-18378,25-12-2023,30-12-2023,Priya Chen,Consumer,South,Furniture,Furnishings,93.86,2,0.15,0.62
ORD-13891,03-09-2022,06-09-2022,Nina Lee,Home Office,East,Office Supplies,Envelopes,533.84,4,0.1,62.56
ORD-10339,13-05-2023,15-05-2023,James Rodriguez,Corporate,East,Office Supplies,Envelopes,96.37,1,0.15,7.74
ORD-14635,18-11-2024,19-11-2024,James Patel,Consumer,East,Office Supplies,Paper,194.4,2,0.2,11.88
ORD-15765,24-05-2022,26-05-2022,Linda Chen,Corporate,East,Office Supplies,Storage,397.88,4,0.3,50.22
ORD-13597,23-11-2023,25-11-2023,David Martinez,Consumer,West,Technology,Machines,4166.77,2,0.15,614.69
ORD-18438,17-04-2023,19-04-2023,Carlos Davis,Consumer,South,Furniture,Bookcases,97.09,1,0,-1.24
ORD-17274,16-02-2024,17-02-2024,Maria Rodriguez,Consumer,South,Technology,Copiers,493.11,1,0,-35.33
ORD-11047,05-01-2024,09-01-2024,Kevin Garcia,Corporate,Central,Office Supplies,Paper,72.01,1,0.15,8.79
ORD-17396,12-12-2023,17-12-2023,Tom Clark,Corporate,South,Office Supplies,Paper,281.59,2,0.1,16.2
ORD-10034,26-01-2023,28-01-2023,Anna Lee,Consumer,South,Furniture,Furnishings,2355.44,4,0.3,-462.88
ORD-17315,01-08-2024,03-08-2024,Fatima Garcia,Consumer,West,Furniture,Chairs,3155.22,3,0.1,433.95
ORD-17914,25-08-2023,30-08-2023,Kevin Johnson,Consumer,Central,Technology,Phones,1204.86,3,0.5,225.63
ORD-11078,23-08-2024,28-08-2024,Tom Patel,Consumer,South,Office Supplies,Paper,158.9,3,0.5,-25.02
ORD-15627,15-06-2022,16-06-2022,Carlos Rodriguez,Consumer,Central,Office Supplies,Binders,176.44,2,0,22.31
ORD-14999,24-01-2024,27-01-2024,Nina Garcia,Consumer,West,Furniture,Chairs,506.21,1,0.15,-33.58
ORD-16833,03-10-2022,08-10-2022,Grace Chen,Consumer,West,Office Supplies,Art,97.56,6,0,21.14
ORD-14358,15-08-2024,17-08-2024,Tom Johnson,Corporate,West,Technology,Accessories,1063.45,5,0,317.98
ORD-11916,09-10-2023,11-10-2023,Mohammed Johnson,Consumer,South,Office Supplies,Storage,391.97,2,0.15,31.82
ORD-15247,10-06-2024,12-06-2024,Tom Lee,Corporate,West,Furniture,Chairs,1667.52,6,0.2,85.26
ORD-16849,05-02-2024,08-02-2024,David Young,Corporate,Central,Office Supplies,Paper,193.11,1,0.15,43.77
ORD-16550,08-10-2022,13-10-2022,Anna Young,Home Office,West,Technology,Machines,241.22,2,0,83.28
ORD-18658,15-11-2022,18-11-2022,Linda Patel,Consumer,South,Office Supplies,Art,128.94,1,0,23.03
ORD-16297,14-02-2023,15-02-2023,John Garcia,Home Office,South,Office Supplies,Paper,292.94,2,0,101.23
ORD-16612,03-11-2022,04-11-2022,Grace Patel,Consumer,West,Office Supplies,Labels,268.52,4,0,41.24
ORD-17115,07-07-2022,08-07-2022,John Martinez,Consumer,South,Office Supplies,Envelopes,490.06,2,0,134.9
ORD-16265,08-08-2023,09-08-2023,,Home Office,East,Office Supplies,Binders,252.74,2,0.1,72.33
ORD-12837,07-10-2024,10-10-2024,Anna Martinez,Home Office,West,Furniture,Chairs,896.59,1,0.15,10.12
ORD-13768,02-07-2023,06-07-2023,David Khan,Consumer,East,Office Supplies,Art,473.1,2,0,112.08
ORD-13680,16-06-2022,17-06-2022,Kevin Johnson,Corporate,Central,Office Supplies,Storage,131.63,1,0,18.88
ORD-10497,18-03-2024,20-03-2024,Grace Rodriguez,Corporate,South,Furniture,Chairs,1351.91,2,0.4,-307.9
ORD-11859,15-04-2022,19-04-2022,Anna Clark,Consumer,Central,Technology,Machines,1536.27,2,0.5,-23.89
ORD-12478,27-06-2023,02-07-2023,Linda Rodriguez,Corporate,East,Office Supplies,Binders,50.3,2,0,8.86
ORD-15103,23-04-2022,25-04-2022,Sara Brown,Home Office,South,Office Supplies,Binders,107.85,1,0,23.49
ORD-15121,09-05-2024,10-05-2024,Carlos Martinez,Home Office,West,Technology,Copiers,245.94,1,0.1,42.95
ORD-13987,12-01-2022,17-01-2022,John Johnson,Consumer,East,Technology,Machines,4324.32,3,0.2,-244.41
ORD-17472,08-08-2022,12-08-2022,Linda Young,Corporate,Central,Furniture,Tables,3465.58,5,0.1,255.02
ORD-13079,22-09-2023,23-09-2023,Anna Wilson,Consumer,Central,Office Supplies,Art,308.72,2,0,72.58
ORD-16255,10-11-2022,12-11-2022,Linda Davis,Consumer,Central,Office Supplies,Envelopes,182.97,1,0.15,-32.05
ORD-10997,09-09-2023,11-09-2023,Linda Lewis,Corporate,West,Technology,Machines,2594,3,0.1,257.49
ORD-16552,27-05-2022,30-05-2022,Tom Rodriguez,Home Office,West,Technology,Copiers,1961.14,2,0.1,-119.31
ORD-13683,15-12-2024,17-12-2024,Anna Rodriguez,Corporate,West,Furniture,Tables,956.41,1,0.1,-20.28
ORD-11662,14-12-2022,15-12-2022,Mohammed Wilson,Consumer,West,Furniture,Furnishings,2001.57,3,0,91.33
ORD-13716,05-11-2022,12-11-2022,Carlos Patel,Consumer,East,Office Supplies,Art,1039.55,5,0,159.33
ORD-17330,20-02-2023,25-02-2023,Linda Walker,Corporate,East,Office Supplies,Paper,247,3,0.3,0.43
ORD-18879,21-10-2023,24-10-2023,Mohammed Lee,Consumer,West,Office Supplies,Labels,556.83,4,0.2,31.97
ORD-10234,11-08-2024,15-08-2024,Wei Clark,Home Office,East,Furniture,Furnishings,1593.11,5,,471.18
ORD-13523,27-06-2024,30-06-2024,Nina Young,Corporate,West,Office Supplies,Labels,128.4,1,0.2,1.83
ORD-12081,02-05-2022,03-05-2022,Fatima Khan,Home Office,East,Technology,Machines,2701.17,3,0,98.58
ORD-17855,01-01-2024,03-01-2024,Sara Martinez,Consumer,Central,Furniture,Tables,608.7,2,0.15,116.01
ORD-11117,02-10-2022,04-10-2022,Priya Davis,Consumer,South,Technology,Machines,575.82,2,0.2,-33.36
ORD-14046,15-09-2024,17-09-2024,Nina Garcia,Home Office,East,Furniture,Furnishings,1072.32,3,0.3,-363.59
ORD-10198,22-01-2023,27-01-2023,Priya Johnson,Consumer,West,Office Supplies,Labels,82.14,1,0.3,9.01
ORD-18733,22-01-2024,23-01-2024,Tom Young,Consumer,West,Office Supplies,Envelopes,456.3,3,0.1,53.68
ORD-16159,25-09-2024,26-09-2024,Priya Young,Consumer,West,Office Supplies,Art,166.07,1,0.3,27.67
ORD-18351,07-02-2024,09-02-2024,Wei Johnson,Consumer,West,Office Supplies,Labels,91.44,2,0,29.99
ORD-19766,10-06-2024,13-06-2024,Tom Lewis,Consumer,East,Office Supplies,Binders,400.19,2,0.1,159.11
ORD-13668,21-02-2022,22-02-2022,Anna Martinez,Home Office, East ,Furniture,Furnishings,149.73,1,0,-2.9
ORD-15790,22-04-2024,27-04-2024,Sara Clark,Corporate,West,Office Supplies,Storage,141.4,1,0,0.81
ORD-15940,04-10-2024,05-10-2024,Kevin Martinez,Corporate,East,Office Supplies,Paper,243.87,1,0,71.85
ORD-10547,18-02-2023,20-02-2023,Mohammed Smith,Consumer,West,Office Supplies,Storage,66.54,1,0,18.66
ORD-18131,13-08-2022,16-08-2022,Maria Johnson,Corporate,South,Technology,Phones,7714.91,4,0.1,1121.4
ORD-14037,27-08-2024,29-08-2024,Wei Wilson,Corporate,East,Office Supplies,Paper,79.17,2,0.15,6.97
ORD-16895,22-12-2024,23-12-2024,Maria Khan,Home Office,East,Furniture,Bookcases,578.52,2,0,82.85
ORD-17994,13-09-2023,16-09-2023,Maria Johnson,Consumer,Central,Office Supplies,Art,121.25,3,0.3,27.62
ORD-13204,27-11-2023,04-12-2023,James Brown,Corporate,South,Furniture,Chairs,731.75,2,0.1,-133.53
ORD-10564,22-02-2024,27-02-2024,Kevin Walker,Consumer,Central,Furniture,Bookcases,426.5,1,0.15,-25.28
ORD-14790,24-12-2023,25-12-2023,John Davis,Consumer,East,Office Supplies,Labels,48.08,2,0.15,10.8
ORD-18329,01-03-2024,02-03-2024,Kevin Wilson,Corporate,East,Office Supplies,Storage,388.72,3,0.15,15.11
ORD-15343,18-12-2023,19-12-2023,Kevin Lewis,Corporate,West,Technology,Copiers,485.06,2,0.2,50.89
ORD-18500,04-12-2022,05-12-2022,Priya Walker,Consumer,West,Office Supplies,Binders,189.77,3,0.15,21.99
ORD-13161,26-12-2022,30-12-2022,Nina Johnson,Consumer,Central,Office Supplies,Art,192.3,1,0.15,14.5
ORD-12796,19-06-2024,21-06-2024,Wei Brown,Home Office,East,Office Supplies,Art,106.52,1,0.1,7.62
ORD-10237,24-10-2022,26-10-2022,Grace Garcia,Consumer,Central,Office Supplies,Labels,148.42,2,0,27.18
ORD-11050,27-10-2024,29-10-2024,Mohammed Brown,Consumer,West,Furniture,Chairs,1481.54,2,0,-180.23
ORD-16546,06-06-2022,11-06-2022,Linda Young,Consumer,East,Office Supplies,Binders,400.74,2,0,99.36
ORD-14800,04-11-2023,06-11-2023,John Davis,Corporate,West,Technology,Phones,9957.76,4,0,4497.42
ORD-19664,02-04-2022,09-04-2022,David Lewis,Home Office,Central,Office Supplies,Labels,100.23,1,0.1,11.08
ORD-15428,26-01-2024,28-01-2024,Priya Rodriguez,Consumer,East,Furniture,Chairs,427.64,3,0.3,-76.98
ORD-13395,11-07-2022,13-07-2022,John Wilson,Home Office,West,Furniture,Tables,270.7,1,0.2,-37.83
ORD-19042,18-06-2022,21-06-2022,Maria Lee,Consumer,West,Technology,Copiers,1880.15,2,0.1,57.56
ORD-13847,18-12-2022,19-12-2022,Fatima Smith,Consumer,East,Office Supplies,Paper,104.98,3,0.3,5.98
ORD-10298,13-09-2022,14-09-2022,Sara Walker,Corporate,East,Furniture,Furnishings,3045.25,5,0,-421.98
ORD-13557,25-12-2023,30-12-2023,John Lee,Consumer,Central,Office Supplies,Art,296.11,4,0.15,47.67
ORD-11116,01-01-2023,03-01-2023,Kevin Walker,Corporate,West,Office Supplies,Storage,48.63,3,0.15,9.41
ORD-15495,24-12-2023,28-12-2023,Maria Davis,Home Office,Central,Office Supplies,Paper,49.61,1,0.1,15.09
ORD-11803,05-09-2022,06-09-2022,John Lewis,Consumer,WEST,Furniture,Chairs,3563.92,5,0.2,-761.03
ORD-13042,27-11-2023,01-12-2023,David Wilson,Consumer,East,Office Supplies,Binders,13.6,2,0,2.88
ORD-11438,02-12-2022,04-12-2022,Carlos Wilson,Home Office,West,Technology,Copiers,241.7,1,0,56.57
ORD-17105,22-07-2024,23-07-2024,Sara Chen,Corporate,West,Technology,Accessories,2369.38,1,0,409.63
ORD-12978,20-08-2023,21-08-2023,Tom Young,Consumer,Central,Office Supplies,Labels,691.91,4,0.3,-33.67
ORD-14336,06-02-2022,09-02-2022,Priya Young,Consumer,East,Technology,Accessories,1211.55,1,0,317.96
ORD-19382,18-01-2023,23-01-2023,Carlos Brown,Consumer,South,Office Supplies,Labels,417.78,4,0.1,34.6
ORD-15254,18-10-2023,21-10-2023,Mohammed Khan,Corporate,West,Technology,Accessories,730.74,1,0,96.9
ORD-18636,07-10-2024,09-10-2024,Anna Young,Consumer,West,Office Supplies,Labels,66.21,1,0.1,6.03
ORD-10455,27-07-2022,01-08-2022,Nina Brown,Consumer,West,Technology,Phones,215.94,1,0,124.1
ORD-15539,15-08-2022,17-08-2022,Carlos Clark,Consumer,East,Office Supplies,Binders,134.78,1,0,44.25
ORD-12974,27-11-2022,28-11-2022,Grace Brown,Consumer,Central,Technology,Machines,1623.16,1,0.2,-198.48
ORD-18331,06-12-2023,11-12-2023,Mohammed Wilson,Consumer,east,Technology,Accessories,2247.38,2,0,979.96
ORD-16840,13-07-2022,15-07-2022,Tom Martinez,Consumer,West,Office Supplies,Labels,376.94,2,0,28.8
ORD-10105,26-11-2022,28-11-2022,Anna Wilson,Corporate,East,Office Supplies,Paper,175.31,1,,23.45
ORD-11893,19-04-2022,21-04-2022,Fatima Lewis,Consumer,Central,Office Supplies,Storage,221.72,4,0,65.44
ORD-14823,02-01-2023,05-01-2023,Mohammed Khan,Consumer,East,Technology,Accessories,666.28,1,0.1,88.67
ORD-18130,17-04-2024,22-04-2024,James Martinez,Consumer,East,Office Supplies,Envelopes,373.98,5,0.4,-35.42
ORD-15922,11-11-2022,12-11-2022,Nina Lee,Consumer,East,Technology,Machines,2180.95,2,0.3,111.97
ORD-13378,02-11-2022,06-11-2022,Priya Chen,Consumer,East,Office Supplies,Labels,128.18,4,0.4,-23.57
ORD-17068,17-08-2022,20-08-2022,Mohammed Patel,Corporate,West,Furniture,Furnishings,78.74,1,0.15,-23.95
ORD-12975,18-05-2024,19-05-2024,Nina Chen,Consumer,East,Technology,Accessories,216.8,1,0.15,8.77
ORD-17605,10-08-2024,12-08-2024,Linda Johnson,Consumer,West,Office Supplies,Binders,87.87,1,0.1,5.77
ORD-10822,11-06-2023,14-06-2023,David Rodriguez,Corporate,West,Office Supplies,Envelopes,68.75,1,0,10.39
ORD-15711,08-01-2024,11-01-2024,Fatima Rodriguez,Corporate,East,Office Supplies,Art,341.16,3,0,50.35
ORD-11005,01-09-2022,05-09-2022,David Clark,Corporate,West,Office Supplies,Envelopes,725.2,5,0,143.59
ORD-14292,04-07-2022,05-07-2022,James Chen,Consumer,West,Office Supplies,Envelopes,103.36,2,0.15,6.54
ORD-19240,16-03-2024,23-03-2024,Maria Smith,Consumer,Central,Office Supplies,Storage,11.63,1,0.3,0.55
ORD-12653,09-09-2022,11-09-2022,David Wilson,Consumer,West,Office Supplies,Art,939.72,6,0,440.85
ORD-16522,25-02-2023,01-03-2023,David Khan,Corporate,East,Office Supplies,Paper,89.57,1,0.1,8.7
ORD-18221,18-07-2024,20-07-2024,Nina Davis,Home Office,West,Office Supplies,Labels,130.74,1,0.1,27.26
ORD-17463,03-11-2023,07-11-2023,Anna Johnson,Home Office,East,Office Supplies,Art,37.2,4,0.15,1.96
ORD-19615,10-11-2022,12-11-2022,Nina Smith,Consumer,South,Furniture,Furnishings,1393.21,5,0.3,-455.52
ORD-16771,11-08-2023,14-08-2023,Tom Clark,Home Office,East,Technology,Accessories,4752.75,4,0.3,249.37
ORD-16336,06-01-2023,09-01-2023,Priya Smith,Consumer,West,Office Supplies,Binders,206.02,2,0.3,-28.89
ORD-17128,10-02-2023,12-02-2023,Kevin Johnson,Consumer,East,Office Supplies,Labels,181.23,1,0.15,32.23
ORD-10626,03-02-2022,06-02-2022,Grace Chen,Corporate,West,Technology,Phones,878.13,1,0.15,83.56
ORD-11364,16-07-2024,19-07-2024,Nina Lee,Home Office,West,Office Supplies,Labels,311.46,2,0.2,34.23
ORD-13829,12-05-2024,15-05-2024,Nina Lewis,Consumer,West,Office Supplies,Binders,47.47,1,0.3,-10.89
ORD-10023,22-07-2024,25-07-2024,Linda Clark,Consumer,east,Technology,Machines,1085.27,1,0.2,390.75
ORD-19225,27-12-2023,01-01-2024,Maria Wilson,Consumer,East,Furniture,Bookcases,930.89,2,0.15,146.99
ORD-19798,10-05-2024,12-05-2024,Linda Lewis,Corporate,East,Office Supplies,Art,400.58,2,0,59.8
ORD-11943,17-07-2024,18-07-2024,Maria Lewis,Consumer,South,Technology,Copiers,2143.73,3,0.2,506.36
ORD-18782,09-07-2023,10-07-2023,Sara Lee,Home Office,West,Technology,Machines,5780.66,6,0.4,-523.16
ORD-14526,08-04-2024,15-04-2024,James Brown,Consumer,Central,Technology,Machines,1528.16,1,0,492.88
ORD-10720,15-08-2023,16-08-2023,John Walker,Consumer, Central ,Office Supplies,Storage,808.04,4,0,83.71
ORD-12843,12-08-2023,15-08-2023,Grace Garcia,Consumer, Central ,Technology,Copiers,1115.71,4,0.2,-169.67
ORD-17302,18-07-2023,23-07-2023,Mohammed Davis,Consumer,West,Office Supplies,Art,47.13,1,0.15,7.48
ORD-13946,15-08-2022,17-08-2022,Wei Rodriguez,Home Office,East,Office Supplies,Paper,44.78,6,0.15,3.65
ORD-15774,06-05-2024,09-05-2024,Wei Patel,Home Office,East,Office Supplies,Envelopes,105.59,2,0.4,7.26
ORD-17717,24-02-2024,27-02-2024,Grace Lewis,Home Office,West,Furniture,Chairs,1920.45,3,0.3,193.03
ORD-12877,16-11-2023,20-11-2023,Carlos Martinez,Consumer,Central,Technology,Phones,10437.96,6,0,-627.83
ORD-15401,02-04-2022,07-04-2022,Kevin Chen,Consumer,East,Technology,Machines,3431.41,2,0.3,1113.25
ORD-14167,01-12-2023,02-12-2023,Sara Patel,Corporate,West,Office Supplies,Storage,464.4,3,0,91.38
ORD-13909,04-09-2022,07-09-2022,Tom Patel,Corporate,West,Office Supplies,Envelopes,221.89,1,0,52.24
ORD-11210,20-12-2022,23-12-2022,John Davis,Home Office,West,Technology,Phones,1496.54,6,0.15,31.99
ORD-16243,24-08-2024,31-08-2024,Sara Brown,Home Office, East ,Office Supplies,Envelopes,633.64,5,0.1,110.8
ORD-10178,09-03-2024,12-03-2024,Grace Patel,Consumer,South,Furniture,Bookcases,1696.54,2,0,365.03
ORD-18972,17-11-2024,21-11-2024,Anna Garcia,Consumer,East,Furniture,Chairs,523.1,1,0.5,-184.02
ORD-10619,20-11-2022,24-11-2022,Fatima Smith,Consumer,Central,Technology,Accessories,8937.36,6,0,1067.45
ORD-19761,23-03-2023,27-03-2023,David Patel,Home Office,South,Technology,Machines,5950.83,5,,-550.35
ORD-12623,21-05-2022,23-05-2022,Priya Khan,Consumer,West,Technology,Phones,220.02,1,0,9.23
ORD-12560,19-12-2023,23-12-2023,Maria Khan,Consumer,West,Office Supplies,Paper,146.69,1,0.3,28.91
ORD-18618,01-11-2023,03-11-2023,Kevin Lewis,Home Office,East,Office Supplies,Labels,596.4,4,0.3,57.66
ORD-18559,14-11-2023,18-11-2023,Maria Smith,Corporate,South,Office Supplies,Labels,60.73,4,0.3,-4.86
ORD-14189,03-08-2023,05-08-2023,Mohammed Khan,Corporate,West,Technology,Phones,1904.6,1,0.1,96.96
ORD-10310,03-12-2024,06-12-2024,John Brown,Home Office,Central,Office Supplies,Binders,235.95,1,0,46.21
ORD-16727,27-12-2024,28-12-2024,Priya Patel,Home Office,East,Technology,Machines,3629.24,2,0.15,829.87
ORD-14238,15-11-2024,17-11-2024,Sara Brown,Consumer,South,Technology,Phones,1427.03,1,0.15,437.72
ORD-18775,18-05-2024,19-05-2024,Sara Wilson,Corporate,South,Office Supplies,Binders,42.07,2,0.1,7.23
ORD-19015,06-11-2023,10-11-2023,Grace Clark,Consumer,East,Furniture,Tables,1153.17,3,0.1,203.88
ORD-16426,12-11-2023,13-11-2023,John Khan,Corporate,Central,Furniture,Bookcases,489.83,1,0.15,23.53
ORD-13771,02-06-2024,05-06-2024,Maria Rodriguez,Consumer,West,Office Supplies,Art,108.17,1,0,34.31
ORD-11932,10-11-2023,13-11-2023,Kevin Patel,Home Office,West,Office Supplies,Art,892.75,5,0,286.08
ORD-13035,22-06-2023,23-06-2023,Grace Khan,Consumer,East,Furniture,Chairs,2348.77,3,0.3,-599.05
ORD-19057,20-02-2023,22-02-2023,Grace Walker,Consumer,Central,Office Supplies,Binders,39.64,2,0.15,6
ORD-17264,08-08-2024,10-08-2024,Maria Martinez,Corporate,West,Technology,Machines,850.57,3,0.4,-114.61
ORD-18821,02-10-2022,03-10-2022,Wei Lewis,Consumer,West,Furniture,Furnishings,881.14,1,0.15,-185.57
ORD-19297,03-02-2023,04-02-2023,Maria Patel,Consumer,East,Office Supplies,Paper,125.49,1,0.1,8.23
ORD-18005,27-10-2022,30-10-2022,Sara Lewis,Home Office,central,Office Supplies,Labels,91.99,1,0.1,-2.29
ORD-19479,05-02-2023,12-02-2023,Kevin Wilson,Consumer,East,Furniture,Chairs,752.14,1,0.3,-310.31
ORD-10040,05-04-2023,12-04-2023,John Walker,Corporate,South,Office Supplies,Binders,317.25,3,0,65.9
ORD-15981,26-02-2023,27-02-2023,Grace Wilson,Consumer,South,Technology,Copiers,1151.64,4,0.1,333.48
ORD-10826,27-09-2022,28-09-2022,Carlos Patel,Corporate,Central,Technology,Machines,4505.3,4,0.5,-1107.93
ORD-14813,25-08-2022,26-08-2022,James Lewis,Corporate,Central,Office Supplies,Storage,441.76,4,0.2,80.35
ORD-16020,02-05-2023,04-05-2023,Nina Davis,Consumer,West,Office Supplies,Art,262.92,3,0,26.52
ORD-13132,20-06-2024,22-06-2024,Fatima Brown,Home Office,East,Technology,Accessories,4584.9,4,0.15,937.77
ORD-17702,26-11-2024,29-11-2024,Priya Clark,Consumer,South,Furniture,Tables,715.44,2,0,-168.32
ORD-18523,26-09-2023,27-09-2023,Priya Johnson,Consumer,East,Office Supplies,Binders,51.75,3,0,17.71
ORD-18462,12-04-2022,14-04-2022,Linda Young,Consumer,West,Technology,Machines,556.3,1,0.3,74.55
ORD-18261,23-06-2023,26-06-2023,David Clark,Consumer,West,Office Supplies,Paper,423.75,3,0,88.59
ORD-19785,09-08-2022,12-08-2022,James Patel,Consumer,Central,Furniture,Chairs,1031.9,2,0.15,19.76
ORD-19745,27-10-2022,29-10-2022,Anna Khan,Consumer,East,Technology,Accessories,2560.54,2,0,503.07
ORD-10527,08-08-2024,10-08-2024,Carlos Lee,Home Office,West,Furniture,Furnishings,286,1,0,-5.39
ORD-13489,09-06-2024,11-06-2024,Wei Clark,Consumer,East,Technology,Machines,1269.35,1,0,219.46
ORD-16149,19-07-2023,22-07-2023,John Smith,Corporate,West,Technology,Accessories,6287.6,4,0,674.47
ORD-13295,03-09-2022,04-09-2022,Fatima Davis,Consumer,West,Office Supplies,Binders,90.87,1,0.3,9.1
ORD-15753,05-12-2022,12-12-2022,David Lewis,Corporate,West,Technology,Machines,73.16,1,0.3,29.42
ORD-12318,14-03-2022,17-03-2022,David Clark,Home Office,South,Furniture,Chairs,53.42,1,0.2,-5.47
ORD-16043,16-01-2023,18-01-2023,Sara Martinez,Home Office,Central,Office Supplies,Art,89.52,1,0.2,2.16
ORD-12691,07-11-2024,09-11-2024,David Davis,Corporate,south,Furniture,Chairs,425.58,1,0.15,50.03
ORD-16278,18-05-2024,23-05-2024,Maria Davis,Corporate,South,Office Supplies,Binders,54.46,1,0.3,9.28
ORD-14448,22-03-2022,25-03-2022,Wei Garcia,Home Office,East,Furniture,Bookcases,777.2,4,0,-177.74
ORD-10894,08-07-2022,13-07-2022,Grace Walker,Consumer,East,Office Supplies,Art,191.1,5,0.3,54.72
ORD-14585,25-07-2022,28-07-2022,Kevin Johnson,Consumer,West,Office Supplies,Envelopes,683.4,4,0,210.67
ORD-14620,14-06-2023,17-06-2023,David Young,Corporate,Central,Technology,Accessories,3351.29,2,0.15,-583.19
ORD-13971,16-03-2023,21-03-2023,Nina Garcia,Corporate,West,Office Supplies,Binders,190.76,1,0.15,10.67
ORD-17386,21-04-2023,24-04-2023,Anna Clark,Home Office,West,Technology,Machines,5111.49,4,0.15,618.96
ORD-10910,06-06-2024,,David Clark,Corporate,West,Furniture,Tables,2412.42,3,0,44.43
ORD-12541,13-08-2022,14-08-2022,Linda Lee,Consumer,West,Office Supplies,Art,76.94,1,0.1,18.82
ORD-12005,13-09-2023,15-09-2023,Wei Martinez,Corporate,Central,Office Supplies,Storage,149.47,1,0,10.55
ORD-14599,23-06-2024,25-06-2024,Linda Brown,Corporate,West,Furniture,Tables,3944.28,4,0,-324.15
ORD-10558,07-09-2023,09-09-2023,Carlos Rodriguez,Consumer,West,Office Supplies,Labels,247.22,4,0.4,-0.15
ORD-10124,11-11-2022,12-11-2022,Priya Young,Home Office,Central,Office Supplies,Storage,88.31,1,0.1,10.01
ORD-11470,12-02-2022,16-02-2022,Mohammed Lee,Consumer,West,Office Supplies,Labels,138.24,4,0.2,22.39
ORD-15649,07-10-2024,11-10-2024,Wei Young,Corporate,Central,Office Supplies,Binders,272.56,4,0.1,-17.52
ORD-15380,02-08-2024,04-08-2024,Carlos Garcia,Consumer,East,Office Supplies,Paper,228.58,2,0,39.89
ORD-17287,24-10-2022,28-10-2022,John Walker,Consumer,West,Office Supplies,Binders,200.67,1,0.15,5.66
ORD-17232,25-06-2023,27-06-2023,Fatima Brown,Consumer,Central,Technology,Accessories,5751.84,3,0.2,1254.25
ORD-15190,25-02-2022,27-02-2022,Mohammed Davis,Corporate,Central,Office Supplies,Envelopes,356.35,3,0.2,-1.95
ORD-12018,13-04-2023,14-04-2023,Mohammed Davis,Home Office,West,Technology,Copiers,1347.85,1,0.15,-24.69
ORD-11774,27-05-2022,31-05-2022,Tom Garcia,Consumer,East,Technology,Copiers,266.64,1,0.15,-28.47
ORD-11212,08-02-2024,11-02-2024,Carlos Rodriguez,Consumer,West,Technology,Accessories,4018.9,4,0.1,1385.67
ORD-11183,01-01-2022,06-01-2022,Nina Walker,Consumer,West,Office Supplies,Storage,35.81,3,0.2,3.74
ORD-10224,24-04-2022,01-05-2022,Kevin Garcia,Home Office,West,Furniture,Chairs,728.61,3,0.15,-192.85
ORD-17246,09-09-2022,13-09-2022,John Davis,Consumer,Central,Technology,Machines,5910.85,5,0.5,392.66
ORD-11951,11-08-2022,16-08-2022,Linda Chen,Consumer,South,Furniture,Bookcases,338.67,1,0.15,-27.23
ORD-18584,02-07-2024,06-07-2024,Nina Rodriguez,Home Office,South,Technology,Phones,1551.86,3,0.5,-297.71
ORD-15136,04-08-2022,05-08-2022,Anna Lewis,Consumer,West,Technology,Accessories,1709.54,1,0.1,463.89
ORD-10428,02-06-2022,06-06-2022,Tom Rodriguez,Home Office,West,Furniture,Bookcases,2021.88,3,0,-47.67
ORD-19767,01-12-2022,06-12-2022,David Khan,Corporate,West,Technology,Accessories,593.76,1,0,-12.3
ORD-11371,07-03-2023,12-03-2023,Mohammed Walker,Consumer,Central,Technology,Phones,1407.77,2,0.3,-258.9
ORD-15453,24-08-2024,27-08-2024,John Chen,Corporate,East,Office Supplies,Paper,410.62,4,0.1,75.58
ORD-14780,15-11-2022,19-11-2022,John Lewis,Consumer,East,Furniture,Furnishings,550.12,4,0.1,19.01
ORD-19646,23-12-2022,30-12-2022,Linda Walker,Consumer,South,Furniture,Bookcases,2590.87,3,0.1,258.32
ORD-13251,27-12-2024,28-12-2024,James Wilson,Corporate,East,Office Supplies,Envelopes,97.55,2,0.3,-6.98
ORD-10827,03-07-2023,05-07-2023,Priya Chen,Consumer,South,Office Supplies,Envelopes,90.91,1,0.15,8.47
ORD-13309,10-04-2024,11-04-2024,David Garcia,Consumer,East,Office Supplies,Art,517.38,3,0,200.56
ORD-14728,22-02-2023,26-02-2023,Carlos Martinez,Corporate,Central,Office Supplies,Labels,250.36,4,0.5,-12.73
ORD-13744,24-05-2023,25-05-2023,,Home Office,West,Technology,Accessories,2429.83,1,0,111.08
ORD-15337,16-11-2024,20-11-2024,Sara Chen,Corporate,East,Furniture,Tables,1679.18,6,0.15,-261.14
ORD-12525,11-11-2024,14-11-2024,Anna Wilson,Corporate,West,Technology,Phones,1690.99,1,0.1,57.67
ORD-11671,07-04-2024,12-04-2024,Fatima Smith,Consumer,Central,Office Supplies,Art,475.08,2,0,143.61
ORD-15556,10-06-2023,12-06-2023,John Khan,Consumer, South ,Furniture,Furnishings,4100.4,5,0,-335.68
ORD-15493,24-02-2023,28-02-2023,Kevin Rodriguez,Corporate,East,Technology,Machines,3249.48,4,0.15,841.79
ORD-12858,20-03-2022,24-03-2022,Grace Walker,Consumer,South,Office Supplies,Envelopes,325.59,3,0.1,9.79
ORD-11277,08-05-2023,10-05-2023,Nina Davis,Corporate,East,Technology,Phones,5670.91,3,0.2,-661.03
ORD-17069,10-12-2022,11-12-2022,Anna Smith,Consumer,West,Technology,Machines,204.58,4,0.15,37.39
ORD-10745,16-11-2022,19-11-2022,John Wilson,Consumer,West,Office Supplies,Storage,119.33,4,0.2,4.64
ORD-15844,09-03-2024,10-03-2024,David Walker,Consumer,Central,Furniture,Furnishings,333.4,1,0.3,-4.59
ORD-18488,19-10-2024,23-10-2024,Carlos Brown,Consumer,Central,Office Supplies,Labels,159.03,1,0.15,43.14
ORD-14693,05-11-2022,06-11-2022,Nina Chen,Consumer,South,Office Supplies,Envelopes,90.85,1,0,22.08
ORD-10141,03-04-2024,04-04-2024,James Garcia,Consumer,Central,Furniture,Furnishings,121.64,2,0.5,-2.75
ORD-19406,21-03-2023,22-03-2023,Fatima Smith,Corporate,West,Technology,Accessories,343.52,1,0.5,103.52
ORD-14900,21-08-2023,22-08-2023,David Young,Corporate,West,Furniture,Bookcases,561.41,1,0,14.98
ORD-18875,25-11-2022,30-11-2022,Kevin Garcia,Corporate,Central,Office Supplies,Labels,27.73,1,0.1,1.71
ORD-15301,24-12-2023,28-12-2023,James Clark,Consumer,East,Office Supplies,Labels,100.8,1,0,8
ORD-17650,05-02-2024,08-02-2024,Grace Lewis,Consumer,Central,Technology,Copiers,1220.86,2,0,228.88
ORD-18849,02-09-2022,05-09-2022,Anna Rodriguez,Consumer,Central,Office Supplies,Envelopes,424.97,4,0.15,60.7
ORD-12248,15-09-2024,18-09-2024,Grace Johnson,Consumer,Central,Furniture,Furnishings,4385.32,5,0.2,-209.52
ORD-10454,05-02-2023,07-02-2023,Maria Lewis,Corporate,East,Furniture,Furnishings,1198.91,1,0,-40.55
ORD-14868,22-08-2024,27-08-2024,Priya Davis,Consumer,East,Technology,Phones,4506.75,3,0,355.12
ORD-16661,14-09-2023,16-09-2023,Maria Garcia,Consumer,South,Office Supplies,Storage,11.54,1,0.3,-0.42
ORD-10506,12-12-2022,15-12-2022,Priya Clark,Consumer,East,Furniture,Bookcases,424.95,3,0.5,-121.06
ORD-18754,24-05-2024,26-05-2024,Anna Lee,Home Office,West,Furniture,Furnishings,1545.1,2,0,-169.92
ORD-13651,09-08-2022,11-08-2022,Fatima Wilson,Corporate, West ,Office Supplies,Storage,407.05,4,0.1,86.3
ORD-10440,24-08-2023,25-08-2023,James Smith,Consumer,East,Office Supplies,Paper,668.57,3,0.1,66.13
ORD-13250,15-09-2023,17-09-2023,Mohammed Brown,Consumer,Central,Furniture,Tables,1335.52,4,0.3,-168.74
ORD-11827,13-09-2022,16-09-2022,John Young,Consumer,Central,Office Supplies,Art,131.85,2,0.1,2.68
ORD-10110,24-12-2023,27-12-2023,Wei Lee,Corporate,West,Furniture,Tables,1707.08,4,0.3,-757.83
ORD-19496,02-06-2022,05-06-2022,Maria Walker,Home Office,West,Office Supplies,Envelopes,288.32,4,0,22.12
ORD-12996,10-01-2022,11-01-2022,Tom Patel,Consumer,East,Office Supplies,Art,460.11,3,0.3,-61.07
ORD-16902,01-12-2024,06-12-2024,Carlos Chen,Consumer,East,Office Supplies,Storage,359.39,2,0.1,32.56
ORD-13200,27-09-2024,02-10-2024,Maria Patel,Corporate,east,Office Supplies,Art,152.9,2,0.15,5.36
ORD-11517,02-12-2022,03-12-2022,John Wilson,Corporate,West,Furniture,Tables,565.56,5,0.2,-139.71
ORD-10984,22-08-2024,24-08-2024,Wei Rodriguez,Consumer,Central,Office Supplies,Paper,605.38,5,0.1,87.91
ORD-10714,15-03-2024,17-03-2024,Anna Patel,Consumer,Central,Office Supplies,Labels,307.04,2,0,49.2
ORD-11745,24-08-2024,28-08-2024,Maria Lewis,Corporate,Central,Furniture,Chairs,1570.37,6,0.1,106.39
ORD-15801,13-07-2024,17-07-2024,Nina Johnson,Consumer,East,Office Supplies,Envelopes,108.03,1,0,1.44
ORD-11582,01-07-2022,03-07-2022,Nina Wilson,Corporate,East,Office Supplies,Paper,1095.25,5,0,361.15
ORD-15066,08-07-2022,11-07-2022,Anna Wilson,Consumer,South,Furniture,Bookcases,903.82,2,0.1,71.67
ORD-12447,09-11-2024,10-11-2024,Fatima Clark,Corporate,Central,Furniture,Furnishings,785.81,3,0.1,59.37
ORD-15938,12-11-2022,13-11-2022,John Walker,Consumer,West,Office Supplies,Art,60.64,4,0.2,9.14
ORD-16876,13-10-2023,17-10-2023,Carlos Walker,Consumer,East,Technology,Accessories,600.68,1,0.1,32.97
ORD-18423,14-11-2024,21-11-2024,Wei Clark,Consumer,South,Furniture,Chairs,1254.26,2,0,-186.54
ORD-13098,24-02-2023,27-02-2023,Linda Wilson,Consumer,Central,Technology,Phones,1182.25,1,0,142.01
ORD-18472,09-12-2022,11-12-2022,Kevin Lee,Consumer,East,Technology,Copiers,1854.86,2,,-395.28
ORD-10376,24-05-2024,29-05-2024,Maria Martinez,Corporate,Central,Furniture,Chairs,1276.45,4,0.2,-341.38
ORD-19546,06-05-2022,09-05-2022,Sara Lewis,Consumer,South,Furniture,Furnishings,556.15,2,0.4,-181.22
ORD-10205,09-04-2024,10-04-2024,Tom Lewis,Corporate,East,Office Supplies,Storage,81.42,1,0,31.72
ORD-16307,02-04-2023,03-04-2023,Maria Chen,Consumer,Central,Furniture,Bookcases,363.48,1,0.4,-75.28
ORD-12194,23-01-2022,26-01-2022,Kevin Clark,Home Office,South,Furniture,Chairs,899.26,1,0.1,-9.38
ORD-15472,11-02-2022,13-02-2022,Wei Brown,Consumer,SOUTH,Technology,Accessories,2204.73,3,0.3,283.8
ORD-17347,06-09-2022,08-09-2022,Linda Johnson,Corporate,West,Office Supplies,Binders,165.28,1,0.3,-11.79
ORD-17171,09-07-2024,13-07-2024,Kevin Wilson,Consumer,Central,Furniture,Tables,533.09,2,0.1,60.05
ORD-18513,23-04-2024,26-04-2024,Fatima Khan,Consumer,Central,Office Supplies,Binders,143.67,1,0.1,31.8
ORD-12178,11-04-2024,14-04-2024,John Patel,Consumer,East,Technology,Phones,2553.38,2,0.15,197.26
ORD-16032,14-10-2024,15-10-2024,Kevin Patel,Consumer,South,Furniture,Chairs,1629.96,2,0,-426.14
ORD-13701,08-09-2024,10-09-2024,Maria Brown,Consumer,South,Furniture,Bookcases,233.82,3,0.1,-15.51
ORD-16802,09-07-2022,10-07-2022,Tom Chen,Home Office,South,Technology,Machines,9449.32,5,0.15,1461.42
ORD-16513,09-04-2024,11-04-2024,Linda Johnson,Home Office,South,Furniture,Chairs,154.22,1,0.4,-54.52
ORD-13528,04-09-2023,09-09-2023,Carlos Chen,Consumer,East,Technology,Accessories,242.12,1,0,42.92
ORD-10418,14-04-2023,18-04-2023,James Garcia,Home Office,West,Office Supplies,Paper,186.43,2,0.1,36.91
ORD-10283,25-10-2023,28-10-2023,John Brown,Home Office,South,Office Supplies,Envelopes,482.1,5,0,-35.14
ORD-13550,05-02-2022,10-02-2022,Tom Rodriguez,Consumer,West,Office Supplies,Envelopes,30.58,6,0.3,1.02
ORD-14074,04-05-2023,06-05-2023,Fatima Lewis,Home Office,Central,Technology,Phones,2633.49,3,0,70.61
ORD-10871,16-09-2023,17-09-2023,Nina Walker,Consumer,West,Office Supplies,Envelopes,95.27,2,0.15,19.6
ORD-12145,25-04-2023,30-04-2023,James Garcia,Consumer,South,Office Supplies,Envelopes,67.86,1,0,25.5
ORD-19058,17-04-2024,19-04-2024,Tom Davis,Corporate,West,Office Supplies,Art,328.26,3,0,73.93
ORD-10354,12-11-2024,16-11-2024,Anna Khan,Consumer, Central ,Technology,Phones,4968.36,6,0,2043.24
ORD-17799,20-11-2022,23-11-2022,Mohammed Davis,Consumer,East,Office Supplies,Envelopes,198.7,4,0.4,-27.66
ORD-12362,24-08-2024,26-08-2024,Kevin Lewis,Consumer,East,Technology,Copiers,481.5,1,0.3,-94.02
ORD-16576,09-12-2023,10-12-2023,Wei Davis,Consumer,Central,Furniture,Chairs,2672.73,3,0,-809.26
ORD-19128,14-11-2023,15-11-2023,Carlos Garcia,Corporate,South,Furniture,Furnishings,579.59,3,0.15,66.38
ORD-16658,15-01-2023,17-01-2023,Tom Wilson,Consumer,West,Furniture,Bookcases,368.5,1,0.3,-64.22
ORD-17181,24-10-2024,27-10-2024,Grace Walker,Home Office,Central,Technology,Phones,4398.48,2,0.1,445.45
ORD-15261,19-06-2023,21-06-2023,Wei Khan,Consumer,East,Technology,Machines,1954.42,1,0,685.46
ORD-15755,10-12-2023,12-12-2023,Nina Khan,Home Office,West,Furniture,Bookcases,1093.34,2,0,73.86
ORD-11140,16-10-2022,19-10-2022,Wei Brown,Consumer,East,Office Supplies,Paper,160.75,3,0.2,20.2
ORD-15692,19-01-2024,22-01-2024,Carlos Smith,Consumer,South,Technology,Machines,825.03,2,0.15,-58.97
ORD-16857,27-07-2023,31-07-2023,Sara Johnson,Corporate,South,Technology,Copiers,152.29,2,0.15,11.99
ORD-15565,01-09-2023,05-09-2023,Linda Young,Consumer,South,Office Supplies,Labels,195.72,2,0.15,15.43
ORD-19656,07-12-2024,08-12-2024,Tom Martinez,Corporate,East,Office Supplies,Paper,102.93,1,0.1,24.65
ORD-15697,17-08-2024,21-08-2024,Carlos Brown,Home Office,East,Office Supplies,Storage,1196.58,6,0,335.61
ORD-14186,17-07-2022,21-07-2022,James Khan,Consumer,East,Furniture,Chairs,866.4,1,0,195.5
ORD-16543,09-04-2023,10-04-2023,John Johnson,Consumer,South,Furniture,Chairs,572.31,2,0.1,-27.44
ORD-14554,08-09-2024,12-09-2024,Kevin Clark,Consumer,East,Office Supplies,Envelopes,95.34,1,0.2,18.5
ORD-12023,26-06-2024,27-06-2024,Sara Lee,Home Office,West,Office Supplies,Art,179.77,1,0.2,-19.44
ORD-11633,12-09-2023,16-09-2023,James Garcia,Home Office,Central,Furniture,Chairs,2637.07,3,0.2,-549.97
ORD-11638,17-02-2024,18-02-2024,Anna Brown,Consumer,WEST,Furniture,Furnishings,747.69,2,0.15,-67.9
ORD-10778,05-05-2024,08-05-2024,Wei Davis,Consumer,South,Technology,Copiers,3248.82,2,0,1304.19
ORD-18759,17-12-2023,18-12-2023,Anna Martinez,Consumer,East,Office Supplies,Storage,550.64,4,0,208.4
ORD-14521,22-11-2022,24-11-2022,Linda Clark,Corporate,West,Office Supplies,Paper,447.26,3,0.1,139.76
ORD-13735,22-06-2024,24-06-2024,James Wilson,Corporate,West,Technology,Accessories,1113.82,1,0,51.79
ORD-10375,09-04-2024,10-04-2024,Anna Martinez,Home Office,East,Furniture,Furnishings,1875.21,3,0,396.2
ORD-12422,17-08-2023,18-08-2023,Nina Walker,Consumer,Central,Office Supplies,Paper,5.14,1,0.5,-0.82
ORD-14979,23-11-2024,30-11-2024,Kevin Lewis,Consumer,Central,Furniture,Bookcases,2173.65,3,0.15,-257.02
ORD-15696,03-03-2024,06-03-2024,Nina Lee,Consumer,West,Technology,Phones,3118.25,2,0.1,146.99
ORD-14787,07-06-2023,09-06-2023,Mohammed Lee,Consumer,East,Furniture,Chairs,864.14,1,0.1,25
ORD-16583,07-04-2024,12-04-2024,James Rodriguez,Consumer,West,Office Supplies,Labels,352.9,2,0.2,55.27
ORD-19461,24-07-2023,26-07-2023,Grace Lewis,Corporate,East,Office Supplies,Storage,246.99,1,0,-15.13
ORD-16019,01-12-2024,02-12-2024,Linda Wilson,Consumer,West,Office Supplies,Envelopes,76.96,2,0.15,15.74
ORD-17717,24-02-2024,27-02-2024,Grace Lewis,Home Office,West,Furniture,Chairs,1920.45,3,0.3,193.03
ORD-16754,22-10-2024,25-10-2024,Tom Patel,Consumer,East,Office Supplies,Paper,173.08,1,0,18.78
ORD-17708,04-04-2024,05-04-2024,Tom Lewis,Home Office, East ,Furniture,Bookcases,363.67,1,0.4,-98.56
ORD-14413,22-11-2022,26-11-2022,Anna Brown,Consumer,East,Technology,Accessories,1021.95,1,0,51.4
ORD-13346,06-02-2023,08-02-2023,John Smith,Consumer,West,Office Supplies,Labels,148.57,2,0.1,5.09
ORD-11168,24-11-2022,28-11-2022,Anna Wilson,Consumer,South,Office Supplies,Storage,372.67,2,0.15,90.48
ORD-18340,12-07-2023,17-07-2023,Sara Young,Corporate,East,Furniture,Furnishings,1224.46,2,0.15,198.29
ORD-11902,14-04-2023,15-04-2023,Kevin Garcia,Consumer,East,Furniture,Furnishings,1001.33,1,0.1,-4.86
ORD-10630,15-12-2023,19-12-2023,Anna Chen,Consumer,East,Technology,Machines,2093.68,2,0.2,854.54
ORD-14604,09-09-2022,11-09-2022,Grace Brown,Consumer,South,Technology,Machines,1421.01,1,0,151.03
ORD-14329,09-04-2023,11-04-2023,James Smith,Home Office,Central,Office Supplies,Storage,152.4,5,0.15,27.76
ORD-19423,14-06-2023,21-06-2023,John Patel,Corporate,South,Technology,Machines,362.48,2,0,54.66
ORD-13208,06-02-2022,08-02-2022,Nina Lewis,Corporate,West,Office Supplies,Labels,125.49,1,0,38.29
ORD-12594,19-11-2024,21-11-2024,John Martinez,Corporate,West,Office Supplies,Binders,671.82,5,0.3,-67.21
ORD-10176,02-06-2022,06-06-2022,Tom Johnson,Corporate,South,Office Supplies,Art,207.36,1,0,37.5
ORD-13630,22-02-2023,24-02-2023,John Khan,Consumer,East,Technology,Accessories,2098.07,1,0,99.01
ORD-13897,07-12-2022,09-12-2022,Priya Brown,Consumer,South,Technology,Accessories,2103.31,2,0.2,304.77
ORD-19616,05-05-2024,07-05-2024,Carlos Patel,Consumer,Central,Office Supplies,Storage,111.42,4,0.2,4.01
ORD-16674,19-10-2023,22-10-2023,Maria Brown,Consumer,West,Office Supplies,Binders,665.43,3,0,151.52
ORD-19760,06-11-2022,11-11-2022,Fatima Chen,Consumer,Central,Technology,Copiers,2611.81,6,0.3,-33.54
ORD-19581,05-11-2022,07-11-2022,Maria Chen,Consumer,East,Technology,Accessories,887.02,1,0,233.42
ORD-14850,10-05-2022,13-05-2022,David Lewis,Consumer,South,Office Supplies,Storage,22.78,1,0.1,8.43
ORD-14887,27-09-2022,29-09-2022,Grace Khan,Home Office,East,Technology,Copiers,5905.93,3,0.1,44.16
ORD-13786,10-08-2023,14-08-2023,David Patel,Corporate,East,Office Supplies,Labels,334.8,2,0,48.13
ORD-13933,14-10-2023,19-10-2023,John Martinez,Consumer,Central,Technology,Copiers,4736.62,2,0,1645.8
ORD-11550,17-06-2022,22-06-2022,Nina Wilson,Corporate,Central,Technology,Copiers,1785.84,3,0.15,305.65
ORD-19028,27-09-2024,30-09-2024,Tom Young,Consumer,South,Technology,Copiers,2418.64,1,0,-218.03
ORD-18951,22-12-2023,29-12-2023,Fatima Brown,Corporate,West,Technology,Copiers,3470.27,2,0.1,903.48
ORD-10125,27-05-2022,01-06-2022,David Lewis,Corporate,West,Furniture,Tables,786.21,1,0.1,-84.06
ORD-16699,26-07-2024,30-07-2024,Kevin Brown,Consumer,South,Office Supplies,Art,431.73,3,0,101.73
ORD-13781,23-12-2023,25-12-2023,Nina Patel,Home Office,South,Office Supplies,Labels,171.08,1,0.15,5.72
ORD-19601,12-04-2023,13-04-2023,James Johnson,Consumer,East,Furniture,Tables,2159.4,2,0,158.91
ORD-13366,13-07-2024,14-07-2024,Tom Young,Corporate,South,Office Supplies,Labels,198.97,4,0.1,67.9
ORD-18783,25-02-2024,29-02-2024,Maria Davis,Consumer,West,Office Supplies,Envelopes,36.48,1,0,-1.65
ORD-11599,27-11-2024,28-11-2024,Carlos Smith,Consumer,East,Office Supplies,Binders,25.52,2,0.15,1.42
ORD-11502,13-07-2022,17-07-2022,Mohammed Young,Consumer,Central,Furniture,Furnishings,206.01,1,0.1,-32.47
ORD-18591,06-11-2022,07-11-2022,Mohammed Lewis,Consumer,East,Furniture,Bookcases,3017.84,3,0.1,211.87
ORD-17407,03-08-2022,06-08-2022,Linda Lewis,Consumer,East,Office Supplies,Envelopes,346,2,0.2,11
ORD-12014,06-06-2023,10-06-2023,John Young,Consumer,Central,Office Supplies,Paper,268.3,4,0.3,56.27
ORD-13205,25-12-2022,26-12-2022,Wei Chen,Corporate,Central,Office Supplies,Labels,270.52,3,0.3,44.6
ORD-16662,24-11-2022,27-11-2022,John Martinez,Corporate, West ,Office Supplies,Art,124.63,2,0.1,23.42
ORD-17666,08-08-2022,10-08-2022,Tom Rodriguez,Corporate,Central,Office Supplies,Binders,77.16,3,0.15,19.83
ORD-12439,27-12-2022,28-12-2022,Kevin Garcia,Consumer,Central,Technology,Copiers,3184.68,2,0.3,559.04
ORD-16627,15-06-2022,20-06-2022,David Johnson,Home Office,East,Office Supplies,Paper,37.98,2,,6
ORD-19691,17-04-2022,20-04-2022,Fatima Smith,Consumer,West,Office Supplies,Envelopes,407.93,4,0.15,102.32
ORD-11416,05-03-2023,06-03-2023,Nina Chen,Corporate,West,Office Supplies,Labels,286.94,4,0.3,-4.32
ORD-15260,07-11-2022,09-11-2022,Sara Davis,Corporate,Central,Technology,Phones,608.43,1,0.2,186.55
ORD-17489,20-11-2023,21-11-2023,Carlos Lee,Consumer,Central,Office Supplies,Labels,106.57,1,0,22.43
ORD-17042,17-08-2022,21-08-2022,Mohammed Lewis,Consumer,East,Office Supplies,Labels,28.03,3,0.3,3.71
ORD-18769,10-01-2023,12-01-2023,Sara Clark,Corporate,East,Office Supplies,Art,693.09,5,0.1,32.71
ORD-15264,16-06-2022,20-06-2022,Sara Patel,Consumer,East,Office Supplies,Art,188.77,2,0.2,37.96
ORD-11415,19-02-2024,20-02-2024,Tom Lewis,Home Office,East,Office Supplies,Storage,82.72,1,0.1,5.68
ORD-15003,23-04-2023,25-04-2023,Anna Johnson,Consumer,Central,Office Supplies,Labels,193.64,4,0,51.08
ORD-14331,07-11-2024,09-11-2024,Anna Chen,Consumer,Central,Office Supplies,Paper,81.42,1,0.15,11.13
ORD-14396,13-08-2023,14-08-2023,Anna Lee,Consumer,West,Furniture,Furnishings,555.88,1,0.1,17.95
ORD-12740,16-12-2022,18-12-2022,Nina Young,Corporate,East,Technology,Phones,1801.54,1,0,898.66
ORD-17519,17-01-2022,18-01-2022,Kevin Garcia,Consumer,South,Office Supplies,Labels,178.23,1,0,31.58
ORD-19034,16-09-2022,19-09-2022,Grace Brown,Consumer,West,Furniture,Chairs,2768.16,4,0.3,511.92
ORD-15925,04-12-2023,07-12-2023,Carlos Khan,Corporate,South,Furniture,Chairs,5081.83,6,0.1,-500.07
ORD-14530,06-07-2024,08-07-2024,David Clark,Home Office,Central,Technology,Copiers,10064.7,5,0.1,1000.41
ORD-11829,20-12-2023,23-12-2023,,Consumer,East,Office Supplies,Envelopes,541.11,3,0,187.73
ORD-19458,21-05-2023,22-05-2023,Grace Smith,Consumer,West,Technology,Copiers,2480.92,1,0,949.01
ORD-17740,06-12-2024,11-12-2024,Anna Brown,Consumer,East,Office Supplies,Art,48.71,3,0.1,5.76
ORD-16608,26-11-2023,03-12-2023,Priya Johnson,Corporate,West,Office Supplies,Labels,120.22,1,0.2,23.45
ORD-18302,08-11-2023,10-11-2023,Priya Chen,Corporate,West,Technology,Accessories,1129.87,2,0.2,216.85
ORD-19538,16-12-2023,19-12-2023,Kevin Khan,Home Office,West,Office Supplies,Art,198.92,1,0,0.49
ORD-14958,09-07-2024,11-07-2024,Sara Johnson,Corporate,East,Office Supplies,Storage,486.56,4,0,84.33
ORD-18459,16-04-2024,19-04-2024,Linda Young,Corporate,East,Technology,Machines,2056.1,2,0.2,-28.2
ORD-15236,16-11-2024,18-11-2024,Carlos Khan,Consumer,Central,Office Supplies,Art,22.85,1,0,3.52
ORD-10872,02-05-2022,04-05-2022,Sara Clark,Consumer,South,Technology,Phones,1726.75,1,0.1,-230.54
ORD-10935,26-06-2022,28-06-2022,John Chen,Consumer,EAST,Office Supplies,Storage,370.82,2,0.2,122.83
ORD-16454,22-10-2022,27-10-2022,Grace Martinez,Consumer,West,Office Supplies,Binders,255.3,2,0,37.2
ORD-17558,14-06-2024,15-06-2024,David Young,Corporate,East,Technology,Copiers,519.28,1,0,96.78
ORD-17750,19-08-2023,22-08-2023,Grace Walker,Consumer,WEST,Office Supplies,Art,86.36,5,0.1,0.57
ORD-12745,11-10-2024,12-10-2024,Maria Chen,Consumer,South,Office Supplies,Envelopes,51.25,1,0,5.94
ORD-18604,14-03-2022,17-03-2022,James Brown,Consumer,Central,Furniture,Tables,143.18,1,0,8.05
ORD-11933,04-07-2022,06-07-2022,Anna Clark,Home Office,West,Office Supplies,Labels,292.34,4,0.4,21.05
ORD-17202,26-07-2022,31-07-2022,John Davis,Home Office,EAST,Technology,Phones,757.5,2,0.4,-45.37
ORD-19568,26-06-2023,29-06-2023,Priya Martinez,Home Office,West,Office Supplies,Envelopes,135.43,4,0.1,15.81
ORD-16474,02-09-2023,04-09-2023,John Walker,Corporate,South,Technology,Copiers,1238.72,1,0.1,533.17
ORD-16768,12-10-2023,17-10-2023,Linda Walker,Corporate,South,Office Supplies,Storage,542.73,3,0.1,134.24
ORD-19769,16-05-2022,19-05-2022,David Smith,Consumer,West,Office Supplies,Labels,94.6,2,0,12.13
ORD-10928,02-01-2022,04-01-2022,Linda Johnson,Consumer,West,Technology,Machines,1760.52,1,0.15,99.74
ORD-18304,27-03-2024,28-03-2024,James Young,Corporate,west,Technology,Copiers,321.84,1,0.4,32.29
ORD-16009,12-10-2022,15-10-2022,Fatima Smith,Corporate,Central,Furniture,Furnishings,2267.72,2,0,-72.69
ORD-13862,21-10-2024,24-10-2024,Linda Garcia,Consumer,West,Furniture,Chairs,590.18,2,0.5,-64.39
ORD-14377,16-09-2024,19-09-2024,Maria Wilson,Consumer,East,Office Supplies,Paper,122.06,1,0.1,19.37
ORD-19088,08-07-2022,11-07-2022,David Garcia,Consumer,West,Office Supplies,Binders,359.91,2,0.1,66.11
ORD-13001,23-12-2023,28-12-2023,Linda Walker,Home Office,East,Office Supplies,Paper,149.01,1,0,38.1
ORD-15869,13-08-2023,14-08-2023,Sara Lewis,Home Office,East,Office Supplies,Labels,92.72,1,0,5.22
ORD-15945,18-01-2024,20-01-2024,John Lewis,Corporate,Central,Office Supplies,Paper,13.53,2,0.15,1.11
ORD-18982,10-11-2023,12-11-2023,Grace Martinez,Corporate,West,Technology,Machines,4289.92,2,0.1,636.23
ORD-11578,08-10-2022,10-10-2022,Anna Chen,Consumer,South,Office Supplies,Art,736.74,4,0.2,-22.59
ORD-14435,22-07-2024,26-07-2024,Linda Martinez,Consumer,South,Technology,Phones,998.14,2,0.2,26.78
ORD-12509,20-04-2023,24-04-2023,Carlos Khan,Consumer,West,Office Supplies,Labels,196.29,1,0,73.86
ORD-10897,03-06-2024,07-06-2024,Linda Martinez,Home Office,West,Technology,Accessories,1814.64,4,0,18.01
ORD-19288,25-05-2023,28-05-2023,John Lewis,Consumer,West,Furniture,Tables,3990.89,4,0.15,-1559.94
ORD-13956,15-03-2022,17-03-2022,Priya Rodriguez,Corporate,East,Technology,Accessories,2135.47,2,0.2,347.93
ORD-14491,13-09-2024,18-09-2024,Carlos Patel,Corporate,West,Office Supplies,Binders,786.44,4,0,199.39
ORD-14274,16-03-2023,17-03-2023,Mohammed Smith,Consumer,West,Furniture,Chairs,311.07,1,0.3,-67.95
ORD-18627,27-05-2022,30-05-2022,Maria Young,Consumer,central,Furniture,Bookcases,3367.17,5,0.4,-1077.22
ORD-16927,24-12-2024,28-12-2024,Priya Rodriguez,Consumer,West,Furniture,Furnishings,471.17,1,0,97.23
ORD-13018,06-10-2024,08-10-2024,Mohammed Garcia,Consumer,Central,Office Supplies,Paper,311.28,2,0.3,31.24
ORD-15163,13-06-2024,18-06-2024,James Khan,Consumer,West,Office Supplies,Envelopes,135.52,1,0.2,16.52
ORD-10802,08-06-2023,11-06-2023,Maria Davis,Home Office,Central,Furniture,Tables,996.03,1,0,94.76
ORD-11918,13-10-2022,18-10-2022,Priya Khan,Corporate,Central,Office Supplies,Art,401.33,2,0.1,77.92
ORD-17608,04-08-2022,06-08-2022,Carlos Walker,Corporate,South,Furniture,Chairs,530.5,1,0.1,13.24
ORD-17230,21-06-2023,26-06-2023,Grace Brown,Corporate,West,Furniture,Chairs,411.25,1,0.1,88.57
ORD-10206,16-12-2022,20-12-2022,Anna Lewis,Consumer,South,Technology,Machines,325.85,1,0.1,8.47
ORD-13099,01-05-2023,08-05-2023,Anna Clark,Home Office,East,Technology,Copiers,1666.02,2,0,330.43
ORD-14547,08-02-2024,11-02-2024,Anna Chen,Home Office,Central,Office Supplies,Paper,23.95,1,0.1,4.72
ORD-19053,03-08-2023,05-08-2023,Linda Rodriguez,Consumer,East,Office Supplies,Labels,208.02,3,0,66.41
ORD-12987,09-12-2023,13-12-2023,Mohammed Smith,Consumer,CENTRAL,Furniture,Bookcases,3067.31,3,0.1,288.02
ORD-10069,13-05-2022,15-05-2022,Anna Chen,Corporate,West,Office Supplies,Envelopes,46.55,1,0.1,8.27
ORD-12385,18-02-2023,21-02-2023,Linda Young,Home Office,West,Office Supplies,Envelopes,126.94,1,0.1,43.32
ORD-19033,15-02-2023,17-02-2023,Tom Chen,Home Office,East,Furniture,Bookcases,1363.08,3,0.15,-395.24
ORD-17425,09-11-2022,10-11-2022,Grace Young,Consumer,West,Office Supplies,Binders,90.88,1,0,17.22
ORD-10992,11-06-2024,16-06-2024,Grace Smith,Corporate,Central,Office Supplies,Art,10.89,1,0.1,0.51
ORD-13319,26-11-2022,01-12-2022,Mohammed Martinez,Home Office,West,Furniture,Bookcases,805.65,1,0.1,-1.63
ORD-13373,09-11-2023,10-11-2023,Carlos Lee,Consumer,South,Furniture,Furnishings,583.25,1,0.1,-251.63
ORD-16099,17-09-2024,18-09-2024,Priya Walker,Corporate,East,Technology,Machines,1040.9,2,0.3,-168.64
ORD-13664,08-04-2024,09-04-2024,John Johnson,Corporate,East,Office Supplies,Envelopes,114.24,1,0,11.71
ORD-18960,24-01-2024,28-01-2024,Maria Smith,Home Office,Central,Office Supplies,Paper,191.05,2,0.15,11.05
ORD-12166,01-09-2023,03-09-2023,Maria Clark,Corporate,East,Office Supplies,Storage,215.7,1,0,66.39
ORD-15315,12-12-2023,13-12-2023,Carlos Chen,Consumer,West,Office Supplies,Labels,136.74,1,0.1,23.73
ORD-14030,25-06-2022,30-06-2022,John Lee,Corporate,West,Office Supplies,Storage,29.03,2,0.1,4.22
ORD-10858,24-10-2023,26-10-2023,Sara Smith,Corporate,West,Office Supplies,Paper,536.08,4,0.15,59.54
ORD-10465,10-02-2022,11-02-2022,Maria Clark,Corporate,East,Office Supplies,Envelopes,166.04,1,0.15,8.22
ORD-19765,21-06-2023,24-06-2023,Fatima Davis,Consumer,West,Office Supplies,Paper,19.48,1,0,4.24
ORD-16133,03-09-2024,05-09-2024,John Rodriguez,Consumer,West,Office Supplies,Paper,97.75,1,0,18.77
ORD-10296,22-11-2023,25-11-2023,Tom Rodriguez,Corporate,West,Office Supplies,Envelopes,348.34,4,0.1,59.78
ORD-15693,02-12-2022,06-12-2022,Kevin Brown,Corporate,Central,Office Supplies,Storage,509.22,4,0.15,88.49
ORD-18974,17-04-2022,19-04-2022,Priya Chen,Consumer,East,Technology,Copiers,5121.87,3,0,-339.56
ORD-11358,21-03-2022,23-03-2022,Fatima Lee,Consumer,East,Technology,Machines,3343.86,3,0,-126.16
ORD-18152,11-08-2023,16-08-2023,Grace Patel,Consumer,East,Office Supplies,Binders,103.32,1,0,14.11
ORD-16264,13-10-2024,14-10-2024,John Rodriguez,Home Office,East,Office Supplies,Labels,137,1,0,12.44
ORD-19753,19-09-2023,23-09-2023,Fatima Rodriguez,Corporate,East,Office Supplies,Envelopes,244.77,3,0.15,41.1
ORD-16716,17-12-2024,22-12-2024,Kevin Garcia,Corporate,West,Technology,Copiers,656.36,1,0.1,117.27
ORD-17517,27-04-2023,29-04-2023,Grace Brown,Consumer,east,Technology,Phones,776.84,3,0.1,15.11
ORD-14675,23-06-2022,24-06-2022,Anna Rodriguez,Consumer,East,Technology,Accessories,8767.6,5,0,1831.21
ORD-19690,25-02-2024,26-02-2024,Anna Patel,Corporate,West,Office Supplies,Labels,111.3,2,0.3,7.53
ORD-16337,10-12-2024,11-12-2024,Mohammed Rodriguez,Consumer,Central,Furniture,Furnishings,4431.5,5,0,139.21
ORD-18176,10-07-2023,14-07-2023,Linda Smith,Consumer,Central,Office Supplies,Binders,151.86,1,0.15,5.1
ORD-19703,05-12-2022,06-12-2022,Mohammed Khan,Corporate,East,Office Supplies,Art,146.42,1,0.4,-11.25
ORD-12543,20-11-2023,21-11-2023,Kevin Rodriguez,Consumer,East,Furniture,Chairs,873.09,3,0,172.41
ORD-17523,09-11-2023,10-11-2023,Carlos Lee,Consumer,East,Office Supplies,Envelopes,206.2,1,0,29.51
ORD-12090,23-11-2024,26-11-2024,Wei Patel,Consumer,Central,Office Supplies,Envelopes,125.37,2,0.1,17.16
ORD-18878,18-08-2022,19-08-2022,Wei Lewis,Consumer,Central,Office Supplies,Labels,916.76,6,0.1,215.09
ORD-17175,06-12-2023,13-12-2023,Priya Martinez,Consumer,East,Technology,Machines,2073.95,5,0,569.92
ORD-11255,04-06-2022,06-06-2022,Grace Smith,Home Office,South,Technology,Accessories,2006.66,2,0,413.33
ORD-12154,12-11-2024,16-11-2024,Carlos Garcia,Home Office,East,Furniture,Furnishings,1687.58,2,0,139.79
ORD-11287,04-06-2022,08-06-2022,Priya Walker,Consumer,WEST,Office Supplies,Envelopes,212.53,2,0.15,37.73
ORD-12872,23-02-2024,25-02-2024,Anna Johnson,Consumer,east,Office Supplies,Storage,131.43,4,0.3,1.26
ORD-17819,07-08-2024,12-08-2024,James Patel,Corporate,Central,Office Supplies,Storage,188.48,4,0,31.17
ORD-16416,24-02-2024,25-02-2024,Kevin Wilson,Consumer,South,Office Supplies,Labels,537.96,3,0.2,15.49
ORD-19485,06-11-2023,10-11-2023,Wei Young,Home Office,Central,Furniture,Chairs,1263.21,2,0.3,-269.04
ORD-11518,20-08-2023,24-08-2023,Nina Wilson,Consumer,West,Office Supplies,Storage,1382.88,6,0,358.25
ORD-12183,20-04-2022,27-04-2022,Maria Lewis,Corporate,Central,Office Supplies,Art,135.22,1,0.2,-1.13
ORD-13025,16-08-2022,21-08-2022,James Lewis,Corporate,South,Office Supplies,Art,42.04,5,0.3,8.13
ORD-17973,07-08-2023,10-08-2023,Priya Rodriguez,Consumer,West,Technology,Machines,4449.22,3,0.1,125.95
ORD-19427,23-07-2024,24-07-2024,Wei Rodriguez,Corporate,West,Office Supplies,Art,909.72,4,0,212.06
ORD-15908,26-04-2024,30-04-2024,Mohammed Wilson,Home Office,Central,Furniture,Bookcases,938.24,1,0,-24.34
ORD-19120,01-06-2022,03-06-2022,Linda Khan,Consumer,East,Technology,Copiers,2696.63,2,0.1,359.15
ORD-17743,18-12-2023,21-12-2023,Anna Lewis,Consumer,East,Office Supplies,Storage,82.7,1,0.2,-11.73
ORD-18723,20-11-2023,24-11-2023,Fatima Smith,Consumer,Central,Office Supplies,Labels,541.46,3,0.1,45.51
ORD-18445,09-06-2023,13-06-2023,Priya Patel,Consumer,Central,Office Supplies,Storage,48.64,2,0.1,7.31
ORD-14035,23-08-2024,28-08-2024,Carlos Patel,Home Office,West,Office Supplies,Envelopes,52.59,1,0.2,1.61
ORD-17649,27-02-2022,02-03-2022,Grace Wilson,Corporate,East,Technology,Copiers,3047.48,4,0,58.16
ORD-18029,06-08-2022,13-08-2022,Grace Rodriguez,Corporate,West,Office Supplies,Binders,145.4,2,0.15,10.65
ORD-19487,23-08-2024,30-08-2024,Maria Khan,Corporate,Central,Furniture,Furnishings,436.2,4,0,69.93
ORD-13895,07-11-2024,11-11-2024,Linda Martinez,Consumer,West,Furniture,Furnishings,705.62,2,0.1,-155.22
ORD-18413,03-06-2024,04-06-2024,Sara Johnson,Consumer,West,Office Supplies,Art,77.07,2,0.2,15.11
ORD-10836,25-02-2024,26-02-2024,Mohammed Chen,Consumer,Central,Furniture,Furnishings,237.78,2,0.2,13.7
ORD-15866,26-11-2023,28-11-2023,Anna Davis,Consumer,West,Technology,Accessories,215.54,1,0.15,-22.65
ORD-15475,02-09-2023,03-09-2023,Mohammed Wilson,Consumer,West,Furniture,Chairs,911.43,1,0.2,-203.49
ORD-10545,10-10-2023,14-10-2023,Nina Walker,Corporate,West,Office Supplies,Labels,400.62,3,0,94.92
ORD-14611,19-11-2023,22-11-2023,Linda Clark,Consumer,Central,Office Supplies,Paper,190.07,1,0,23.08
ORD-12409,11-02-2022,13-02-2022,Fatima Martinez,Consumer,West,Office Supplies,Envelopes,173.78,3,0.15,38.99
ORD-13209,25-12-2022,29-12-2022,Carlos Davis,Consumer,East,Office Supplies,Labels,294.02,2,0,85.77
ORD-19203,07-12-2023,08-12-2023,Sara Garcia,Home Office,South,Office Supplies,Envelopes,385.14,3,0.3,-36.42
ORD-10429,10-11-2023,15-11-2023,Grace Lee,Consumer,East,Office Supplies,Paper,118.89,5,0.3,35.32
ORD-14899,05-09-2024,08-09-2024,Tom Lee,Corporate,Central,Furniture,Chairs,2188.97,3,0.2,-233.52
ORD-19323,01-05-2024,02-05-2024,Kevin Clark,Consumer,East,Office Supplies,Art,57.17,1,0.15,4.24
ORD-17148,13-07-2023,14-07-2023,Tom Rodriguez,Consumer,East,Office Supplies,Labels,78.39,2,0.1,21.14
ORD-19418,01-08-2023,03-08-2023,Wei Clark,Consumer,Central,Office Supplies,Binders,15.54,1,0,3.7
ORD-11979,11-10-2022,14-10-2022,Maria Wilson,Consumer,West,Furniture,Chairs,1981.06,2,0,91.56
ORD-18294,18-06-2023,21-06-2023,Grace Walker,Consumer,East,Office Supplies,Binders,78.19,1,0,20.35
ORD-19266,23-12-2022,24-12-2022,Maria Clark,Corporate,West,Office Supplies,Paper,1149.39,6,0.15,287.61
ORD-12216,19-09-2022,22-09-2022,Wei Patel,Corporate,Central,Furniture,Tables,1023.88,2,0,72.85
ORD-10268,03-10-2022,06-10-2022,David Chen,Corporate,central,Office Supplies,Binders,442.01,3,0.2,91.24
ORD-13931,01-10-2022,03-10-2022,James Young,Consumer,Central,Technology,Copiers,1909.52,2,0.2,372.8
ORD-19516,06-02-2023,10-02-2023,Anna Johnson,Home Office,West,Office Supplies,Binders,185.26,1,0,39.79
ORD-10017,09-09-2024,10-09-2024,James Young,Consumer,East,Furniture,Furnishings,2710.07,4,0.15,-696.24
ORD-16717,14-12-2022,15-12-2022,Fatima Martinez,Corporate,EAST,Furniture,Furnishings,1069.38,2,0.15,-346.26
ORD-11151,14-04-2024,17-04-2024,Linda Lee,Consumer,South,Office Supplies,Envelopes,145.2,2,0,47.68
ORD-14874,10-08-2024,15-08-2024,Grace Davis,Corporate,South,Office Supplies,Binders,861.44,5,0.1,157.41
ORD-17754,01-08-2023,04-08-2023,Anna Martinez,Consumer,West,Office Supplies,Binders,435.26,5,0.3,32.11
ORD-16371,26-09-2022,01-10-2022,Grace Brown,Corporate,Central,Furniture,Tables,1439.12,2,0.15,-66.21
ORD-10252,01-11-2023,02-11-2023,Linda Smith,Corporate,West,Furniture,Bookcases,905.62,1,0.15,116.39
ORD-14739,11-09-2022,15-09-2022,Mohammed Brown,Corporate,West,Technology,Machines,5634.53,4,0.4,-59.57
ORD-11504,13-11-2022,17-11-2022,Priya Chen,Home Office,East,Office Supplies,Labels,192.45,1,0.15,50.73
ORD-13469,05-04-2022,07-04-2022,Tom Chen,Consumer,West,Furniture,Furnishings,1494.04,5,0.2,-159.96
ORD-14192,18-10-2023,22-10-2023,Priya Martinez,Corporate,East,Office Supplies,Art,50.11,1,0,9.03
ORD-16121,10-08-2024,17-08-2024,Maria Chen,Consumer,South,Technology,Copiers,8233.49,4,0.1,1032.61
ORD-18266,20-10-2024,22-10-2024,Sara Brown,Consumer,West,Office Supplies,Storage,297.61,2,0.1,-14.18
ORD-16366,06-10-2024,08-10-2024,Linda Clark,Consumer,Central,Furniture,Furnishings,81.94,1,0.4,-9.08
ORD-17191,08-06-2024,10-06-2024,Anna Johnson,Consumer,Central,Technology,Copiers,308.83,4,0.2,25.22
ORD-15298,27-04-2022,29-04-2022,Grace Garcia,Home Office,East,Office Supplies,Art,171.97,1,0.2,42.01
ORD-13535,25-12-2022,26-12-2022,Mohammed Patel,Corporate,South,Office Supplies,Storage,143.76,5,0.2,-5.86
ORD-12160,01-02-2023,04-02-2023,Linda Chen,Consumer,Central,Technology,Phones,1326.09,1,0.3,-108.49
ORD-18402,15-02-2024,20-02-2024,Fatima Davis,Consumer,East,Office Supplies,Art,180.21,1,0,75.53
ORD-16145,11-11-2022,16-11-2022,Kevin Patel,Corporate,South,Office Supplies,Paper,458.69,6,0.2,52.21
ORD-15607,15-08-2022,19-08-2022,Fatima Martinez,Corporate,South,Office Supplies,Envelopes,504.66,3,0.1,53.09
ORD-19549,08-07-2023,09-07-2023,Nina Garcia,Consumer,west,Office Supplies,Paper,143.35,1,0.2,12.36
ORD-11552,11-09-2024,12-09-2024,Maria Johnson,Consumer,West,Office Supplies,Binders,388.6,2,0,99.62
ORD-10076,02-12-2023,04-12-2023,John Lee,Home Office,East,Furniture,Furnishings,560.52,1,0.1,165.9
ORD-17208,02-08-2023,03-08-2023,Fatima Khan,Consumer,West,Technology,Machines,2227.3,2,0.3,82.9
ORD-14984,12-04-2024,14-04-2024,Anna Rodriguez,Home Office,Central,Office Supplies,Paper,627.43,3,0.15,89.17
ORD-19219,02-09-2022,09-09-2022,James Lewis,Consumer,West,Technology,Copiers,444.12,1,0,98.62
ORD-18829,12-06-2024,15-06-2024,Priya Rodriguez,Home Office,Central,Office Supplies,Binders,277.59,2,0.3,-10.98
ORD-16679,21-12-2024,24-12-2024,Wei Rodriguez,Corporate,South,Office Supplies,Binders,279.41,2,0.15,37.46
ORD-13092,09-01-2022,10-01-2022,Fatima Johnson,Corporate,South,Office Supplies,Paper,306.24,4,0,50.54
ORD-13957,17-10-2024,20-10-2024,Linda Lewis,Corporate,Central,Office Supplies,Labels,294.58,2,0.2,0.03
ORD-19651,07-12-2023,10-12-2023,Sara Walker,Consumer,East,Office Supplies,Labels,63.09,3,0,15.9
ORD-18157,25-12-2022,28-12-2022,Priya Wilson,Consumer,East,Office Supplies,Storage,143.32,5,0.3,7.17
ORD-15485,02-11-2023,05-11-2023,Priya Young,Consumer,West,Office Supplies,Storage,38.2,3,0.5,-6.98
ORD-13499,04-11-2023,09-11-2023,David Khan,Corporate,East,Office Supplies,Binders,243.88,3,0.15,16.57
ORD-11079,26-08-2023,29-08-2023,Fatima Johnson,Corporate,Central,Office Supplies,Art,157.2,2,0,31.07
ORD-13914,09-07-2024,10-07-2024,Carlos Smith,Consumer,East,Technology,Machines,678.05,5,0,105.62
ORD-14943,22-09-2024,26-09-2024,James Lee,Corporate,East,Technology,Phones,1062.87,1,0,251.52
ORD-17912,26-06-2023,27-06-2023,Sara Garcia,Home Office,Central,Technology,Phones,2513.16,2,0,618.71
ORD-16672,26-01-2023,29-01-2023,Wei Walker,Consumer,Central,Office Supplies,Storage,31.75,1,0.3,1.98
ORD-19554,26-12-2022,29-12-2022,James Clark,Consumer,West,Office Supplies,Paper,641.88,4,0,38.27
ORD-10560,27-06-2023,01-07-2023,Priya Patel,Home Office,Central,Technology,Phones,3246.72,4,0,50.54
ORD-19547,12-02-2022,13-02-2022,Carlos Johnson,Corporate,West,Technology,Accessories,782.55,5,0.15,240.02
ORD-18810,16-06-2022,19-06-2022,Anna Young,Consumer,West,Office Supplies,Binders,448.8,3,0.2,73.62
ORD-18824,06-08-2024,07-08-2024,Maria Clark,Consumer,Central,Office Supplies,Envelopes,27.19,3,0.3,1.87
ORD-13513,18-11-2023,21-11-2023,Kevin Young,Home Office,Central,Technology,Machines,453.18,2,0.2,-61.97
ORD-14117,06-04-2024,08-04-2024,Fatima Rodriguez,Consumer,Central,Technology,Machines,662.53,1,0.15,207.22
ORD-14538,05-12-2024,08-12-2024,Sara Clark,Home Office,East,Technology,Machines,1944.4,2,0,321.09
ORD-12122,18-07-2023,20-07-2023,Mohammed Clark,Consumer,West,Technology,Machines,5751.01,4,0.2,2729
ORD-16767,03-01-2024,05-01-2024,John Patel,Consumer,South,Technology,Phones,2248.68,4,0,130.82
ORD-18533,07-11-2023,09-11-2023,Carlos Garcia,Consumer,Central,Office Supplies,Labels,110.45,4,0.4,-2.99
ORD-18319,26-01-2024,30-01-2024,Kevin Lewis,Consumer,east,Furniture,Bookcases,1673.49,3,0,-247.84
ORD-19643,26-09-2022,28-09-2022,John Walker,Home Office,Central,Technology,Accessories,1858.04,4,0,338.85
ORD-10907,21-08-2024,26-08-2024,Kevin Wilson,Consumer,West,Office Supplies,Art,13.2,2,0.2,0.82
ORD-11976,16-10-2022,20-10-2022,James Lewis,Corporate,East,Technology,Copiers,2335.32,4,0,178.96
ORD-13824,19-05-2024,24-05-2024,Linda Davis,Corporate,East,Office Supplies,Binders,446.98,5,0.1,125.27
ORD-14330,13-02-2024,15-02-2024,Wei Khan,Corporate,East,Technology,Phones,1360.2,1,0.15,221.5
ORD-12197,13-07-2024,14-07-2024,Nina Lewis,Consumer,West,Office Supplies,Envelopes,212.98,2,0.5,-19.53
ORD-13967,04-11-2022,06-11-2022,James Rodriguez,Consumer,East,Office Supplies,Labels,476.85,3,0,75.85
ORD-12228,21-11-2024,25-11-2024,John Wilson,Consumer,Central,Office Supplies,Binders,40,2,0.1,6.28
ORD-17839,15-08-2022,16-08-2022,Tom Johnson,Consumer,Central,Office Supplies,Binders,10.98,3,0.3,1.38
ORD-16422,06-04-2024,11-04-2024,James Martinez,Consumer,West,Office Supplies,Labels,187.36,4,0,36.82
ORD-17319,20-01-2022,21-01-2022,Wei Khan,Corporate,West,Furniture,Tables,312.04,1,0.4,-59.31
ORD-13279,06-11-2023,10-11-2023,Kevin Clark,Consumer,West,Office Supplies,Art,305.38,2,0.2,-2.52
ORD-18660,12-09-2024,17-09-2024,Priya Lee,Consumer,South,Office Supplies,Envelopes,146.48,1,0.1,7.35
ORD-17443,25-06-2023,26-06-2023,Sara Chen,Consumer,West,Technology,Copiers,1650.98,1,0.2,265.91
ORD-19507,02-05-2023,06-05-2023,Tom Wilson,Corporate,East,Furniture,Tables,3109.64,6,0.1,835.54
ORD-16726,22-01-2023,23-01-2023,Linda Brown,Corporate,West,Technology,Accessories,1737.45,1,0.2,21.98
ORD-13859,11-10-2022,14-10-2022,Anna Walker,Corporate,West,Technology,Accessories,1368.79,1,0,162.03
ORD-18693,16-01-2024,20-01-2024,Priya Davis,Consumer,East,Technology,Copiers,3598.94,2,0,985.7
ORD-16856,19-08-2023,22-08-2023,Tom Johnson,Consumer,West,Furniture,Bookcases,1437.12,5,0.1,-587.42
ORD-19378,18-05-2023,20-05-2023,Nina Lee,Consumer,East,Office Supplies,Storage,115.96,1,0,2.42
ORD-13558,08-08-2023,09-08-2023,David Patel,Corporate,Central,Office Supplies,Envelopes,163.18,1,0,22.2
ORD-11635,02-02-2022,06-02-2022,Wei Rodriguez,Corporate,East,Office Supplies,Binders,57.06,1,0.3,-10.81
ORD-12061,12-05-2022,14-05-2022,Carlos Khan,Consumer,Central,Technology,Accessories,1265.38,1,0.1,-249.97
ORD-17837,16-09-2022,18-09-2022,Maria Lewis,Corporate,West,Furniture,Tables,577.8,2,0,207.36
ORD-14153,20-08-2024,21-08-2024,Anna Garcia,Consumer,South,Office Supplies,Envelopes,239.2,4,0.2,35.75
ORD-13760,05-10-2022,06-10-2022,Carlos Smith,Corporate,West,Office Supplies,Art,147.34,1,0,37.7
ORD-17705,05-07-2024,07-07-2024,Carlos Lewis,Home Office,Central,Furniture,Chairs,2374.87,3,0.15,-258.9
ORD-12192,06-06-2022,07-06-2022,Nina Johnson,Corporate,Central,Technology,Machines,759.18,3,0,117.36
ORD-11472,13-01-2024,18-01-2024,John Khan,Consumer,East,Technology,Machines,11384.9,5,0,317.48
ORD-18720,08-01-2024,11-01-2024,Nina Smith,Corporate,East,Technology,Phones,1722.01,1,0,450.7
ORD-11203,21-11-2023,25-11-2023,Grace Walker,Corporate, Central ,Technology,Copiers,3059.49,2,0.15,93.44
ORD-11454,03-10-2022,04-10-2022,Linda Rodriguez,Home Office,West,Office Supplies,Labels,151.2,1,0.15,26.49
ORD-10646,10-05-2023,11-05-2023,Carlos Martinez,Consumer,Central,Technology,Machines,6553.44,6,0,2527.71
ORD-18468,27-11-2023,30-11-2023,Maria Johnson,Consumer,East,Office Supplies,Art,118.28,2,0,19.52
ORD-19633,02-06-2023,07-06-2023,Maria Patel,Consumer,West,Office Supplies,Labels,97.26,1,0.3,-5.61
ORD-15664,11-11-2024,13-11-2024,Grace Khan,Consumer,East,Furniture,Furnishings,1760.91,2,0.15,210.2
ORD-13075,19-12-2023,22-12-2023,Grace Clark,Corporate,East,Office Supplies,Art,188.12,1,0,21.41
ORD-14561,10-01-2024,14-01-2024,Kevin Garcia,Consumer,West,Furniture,Bookcases,205.83,1,0.15,51.04
ORD-13071,16-05-2022,18-05-2022,Tom Martinez,Consumer,East,Office Supplies,Art,501.1,3,0.3,-138.26
ORD-15685,19-09-2023,22-09-2023,Fatima Young,Home Office,West,Office Supplies,Paper,18.03,1,0,5.45
ORD-13602,21-11-2023,23-11-2023,John Garcia,Home Office,South,Furniture,Chairs,2019.89,6,0.4,-373.41
ORD-15104,11-03-2023,13-03-2023,James Martinez,Home Office,East,Furniture,Chairs,618.21,1,0.15,-208.33
ORD-18711,24-12-2023,26-12-2023,Linda Wilson,Corporate,East,Office Supplies,Art,33.78,2,0.2,7.15
ORD-11579,14-08-2022,17-08-2022,Wei Walker,Corporate,East,Technology,Accessories,1667.52,5,0.1,277.89
ORD-11304,08-07-2023,10-07-2023,Grace Wilson,Consumer,West,Technology,Accessories,97.61,1,0.3,-1.73
ORD-19685,24-08-2022,29-08-2022,Kevin Rodriguez,Consumer,East,Office Supplies,Binders,965.52,4,0,427.49
ORD-15391,09-02-2024,11-02-2024,Fatima Patel,Consumer,Central,Technology,Copiers,6709.02,4,0.2,-317.97
ORD-10346,19-11-2024,22-11-2024,James Lee,Consumer,West,Office Supplies,Storage,466.94,2,0,176.18
ORD-14598,19-08-2023,22-08-2023,James Smith,Home Office,West,Office Supplies,Binders,179.04,5,0.2,32.18
ORD-15328,20-12-2023,23-12-2023,James Chen,Consumer,East,Office Supplies,Storage,415.97,2,0.15,35.14
ORD-11643,19-11-2022,24-11-2022,Priya Johnson,Consumer,South,Office Supplies,Binders,312.26,2,0.3,-0.99
ORD-12990,20-12-2022,23-12-2022,David Martinez,Consumer,central,Office Supplies,Art,197.96,1,0.15,-1.37
ORD-10833,15-12-2022,17-12-2022,Wei Patel,Consumer,West,Office Supplies,Art,189.46,2,0,70.06
ORD-19014,16-12-2023,17-12-2023,John Garcia,Consumer,South,Technology,Accessories,1075.44,2,0.3,-67.36
ORD-16236,19-05-2023,22-05-2023,Sara Lee,Consumer,East,Office Supplies,Envelopes,1063.49,6,,103.98
ORD-17678,02-12-2022,07-12-2022,Sara Clark,Consumer,South,Office Supplies,Paper,174.59,2,0.2,2.38
ORD-18831,15-04-2023,20-04-2023,Kevin Chen,Consumer,Central,Office Supplies,Binders,465.65,3,0.3,74.55
ORD-11164,12-03-2022,13-03-2022,David Lewis,Corporate,Central,Technology,Accessories,604.45,2,0.2,61.81
ORD-18802,27-12-2022,28-12-2022,Linda Martinez,Home Office,East,Technology,Accessories,300.44,2,0.5,16.99
ORD-13595,19-06-2022,20-06-2022,Anna Lee,Consumer,East,Office Supplies,Art,172.53,1,0.1,16.29
ORD-18016,09-04-2022,12-04-2022,Fatima Johnson,Consumer,South,Office Supplies,Paper,286.12,2,0,36.58
ORD-15521,02-05-2023,04-05-2023,Maria Garcia,Corporate,Central,Furniture,Furnishings,1613.08,2,0.3,-153.85
ORD-14638,21-08-2023,23-08-2023,Anna Wilson,Consumer,East,Technology,Phones,150.75,1,0.1,9.92
ORD-11491,08-10-2022,12-10-2022,Fatima Chen,Consumer,Central,Office Supplies,Binders,876.8,4,0,199.87
ORD-19409,02-05-2023,05-05-2023,David Garcia,Consumer,Central,Furniture,Furnishings,1546.74,2,0,302.49
ORD-18880,26-09-2022,27-09-2022,Tom Clark,Home Office,South,Office Supplies,Envelopes,207.4,4,0.1,10.29
ORD-18471,05-06-2023,09-06-2023,Maria Walker,Corporate,East,Office Supplies,Paper,197.3,1,0,62.81
ORD-13050,04-08-2023,07-08-2023,Nina Walker,Consumer,West,Office Supplies,Art,141.27,1,,7.96
ORD-18984,02-09-2022,09-09-2022,Grace Johnson,Consumer,East,Office Supplies,Binders,317.69,3,0.2,36.42
ORD-17788,27-03-2022,29-03-2022,James Young,Corporate,East,Technology,Phones,731.75,5,0,102.38
ORD-14661,04-06-2023,08-06-2023,Anna Martinez,Consumer,Central,Office Supplies,Labels,220.09,2,0.1,47.33
ORD-10263,16-06-2022,20-06-2022,Nina Brown,Corporate,West,Furniture,Chairs,1411.45,3,0.1,-122
ORD-19356,05-04-2024,07-04-2024,Anna Johnson,Consumer,West,Office Supplies,Storage,90.9,2,0.15,16.49
ORD-15420,18-12-2023,22-12-2023,Kevin Davis,Corporate, Central ,Office Supplies,Labels,132.38,2,0.4,-12.55
ORD-10381,22-12-2024,27-12-2024,Kevin Davis,Corporate, East ,Technology,Copiers,4150.61,3,0.15,-409.58
ORD-14499,15-07-2022,17-07-2022,Maria Chen,Home Office,East,Office Supplies,Paper,185.88,2,0,33.2
ORD-10613,17-06-2022,21-06-2022,Grace Smith,Corporate,Central,Office Supplies,Labels,51.84,4,0.1,13.88
ORD-14134,25-12-2024,26-12-2024,Anna Lee,Home Office,East,Office Supplies,Art,208.87,2,0.1,45.6
ORD-10215,01-08-2024,06-08-2024,Linda Wilson,Corporate,South,Furniture,Chairs,1566,3,0.4,-199.08
ORD-18335,22-04-2024,23-04-2024,Tom Lewis,Consumer,East,Furniture,Bookcases,3400.58,4,0.2,-416.68
ORD-19269,25-04-2022,28-04-2022,John Wilson,Consumer,West,Technology,Machines,11223.84,6,0,3234.61
ORD-15198,11-12-2023,16-12-2023,Linda Lee,Corporate,West,Technology,Machines,4786.26,2,0,875.69
ORD-16074,04-11-2022,06-11-2022,Carlos Clark,Home Office,West,Office Supplies,Envelopes,202.73,2,0.1,15.88
ORD-18633,21-12-2023,24-12-2023,Fatima Wilson,Corporate,West,Office Supplies,Binders,58.94,1,0.4,1.07
ORD-13426,23-12-2022,25-12-2022,Carlos Smith,Consumer,East,Office Supplies,Paper,189.16,4,,19.96
ORD-12865,26-05-2024,29-05-2024,Wei Johnson,Consumer,West,Office Supplies,Art,25.22,2,0.1,3.85
ORD-13386,05-12-2022,08-12-2022,Linda Clark,Consumer,East,Technology,Accessories,954.3,1,0,116.36
ORD-11112,05-10-2023,06-10-2023,Nina Clark,Home Office,South,Office Supplies,Labels,547.48,4,0,97.37
ORD-13786,10-08-2023,14-08-2023,David Patel,Corporate,East,Office Supplies,Labels,334.8,2,0,48.13
ORD-13403,25-12-2024,30-12-2024,James Wilson,Home Office,West,Technology,Accessories,1983.72,1,0.15,356.71
ORD-18855,23-08-2024,24-08-2024,Sara Young,Consumer,East,Furniture,Furnishings,895.37,1,0,-10.65
ORD-17619,20-08-2022,22-08-2022,Kevin Walker,Consumer,East,Office Supplies,Paper,26.85,1,0.1,1.21
ORD-11693,09-10-2023,11-10-2023,Sara Martinez,Consumer,South,Office Supplies,Binders,83.73,2,0.3,4.47
ORD-15713,08-10-2024,13-10-2024,Tom Lewis,Home Office,East,Office Supplies,Envelopes,69.02,1,0.2,10.26
ORD-19522,19-09-2022,26-09-2022,Priya Smith,Corporate,West,Technology,Copiers,2190.76,1,0.1,740.14
ORD-16283,19-06-2022,20-06-2022,Anna Davis,Consumer,West,Office Supplies,Binders,70.69,6,0.3,-7.34
ORD-13055,09-11-2024,10-11-2024,John Khan,Home Office,Central,Office Supplies,Envelopes,80.35,1,0,15.79
ORD-10032,17-02-2024,20-02-2024,Grace Walker,Consumer,West,Office Supplies,Storage,70.24,1,0.3,0.91
ORD-15901,13-07-2022,16-07-2022,Linda Davis,Home Office,East,Furniture,Tables,1425.72,2,0.3,-580.08
ORD-10114,09-06-2022,11-06-2022,James Davis,Corporate,East,Office Supplies,Envelopes,36.86,1,0.2,2.5
ORD-14811,09-04-2024,,Sara Rodriguez,Corporate,West,Furniture,Tables,2246.94,6,0,492.28
ORD-11027,18-07-2024,23-07-2024,Maria Clark,Home Office,Central,Office Supplies,Envelopes,327.6,2,0,26.65
ORD-16384,27-12-2024,28-12-2024,Tom Clark,Corporate,West,Office Supplies,Paper,105.51,1,0.1,12.74
ORD-14916,03-06-2023,04-06-2023,James Lee,Home Office,South,Office Supplies,Storage,117.73,1,0.3,9.14
ORD-18862,15-09-2022,17-09-2022,Mohammed Brown,Corporate,West,Office Supplies,Labels,386,5,0,126.38
ORD-18677,13-05-2022,15-05-2022,Maria Patel,Consumer,South,Office Supplies,Paper,346.51,2,0.2,29.03
ORD-13271,08-08-2022,12-08-2022,John Young,Consumer,Central,Office Supplies,Binders,89.24,1,0.3,0.63
ORD-10586,18-07-2022,23-07-2022,Wei Chen,Consumer,East,Office Supplies,Envelopes,632.2,4,0.15,30.92
ORD-11347,14-09-2023,15-09-2023,Tom Lee,Corporate,West,Office Supplies,Storage,169.71,1,0,41.2
ORD-17279,21-06-2022,24-06-2022,David Lee,Consumer,East,Furniture,Bookcases,1538.88,2,0,-59.36
ORD-11098,10-03-2023,11-03-2023,Fatima Young,Consumer,West,Technology,Copiers,1462.08,3,0,222.29
ORD-15459,02-03-2022,06-03-2022,Linda Johnson,Consumer,Central,Office Supplies,Art,256.77,3,0,35.55
ORD-10393,22-06-2024,29-06-2024,James Khan,Corporate,Central,Office Supplies,Binders,238.58,1,0,20.86
ORD-18289,23-03-2022,26-03-2022,Mohammed Martinez,Corporate,South,Office Supplies,Envelopes,684.71,4,0.3,-46.17
ORD-18249,25-11-2023,26-11-2023,James Brown,Home Office,West,Furniture,Tables,2275.2,4,0.3,-198.5
ORD-10724,08-11-2023,09-11-2023,Nina Young,Corporate,Central,Furniture,Tables,1075.7,3,0.2,-444.22
ORD-17590,05-06-2024,07-06-2024,Sara Khan,Corporate,East,Technology,Accessories,1342.46,2,0.2,20.94
ORD-12445,15-05-2023,17-05-2023,Kevin Garcia,Consumer,East,Technology,Phones,5261.34,5,0.3,984.48
ORD-15947,25-05-2024,30-05-2024,Tom Khan,Consumer,East,Furniture,Tables,820.18,1,0.3,-340.8
ORD-13477,27-04-2022,28-04-2022,Kevin Smith,Consumer,East,Furniture,Chairs,855.13,1,0.15,189.25
ORD-15618,01-06-2024,04-06-2024,Maria Khan,Home Office,West,Technology,Machines,3504.6,3,0,340.06
ORD-12328,10-06-2023,13-06-2023,Grace Johnson,Home Office,East,Office Supplies,Binders,378.81,2,0.15,51.36
ORD-14313,01-12-2024,05-12-2024,Tom Khan,Home Office,South,Office Supplies,Labels,142.25,1,0,38.71
ORD-10304,02-04-2024,05-04-2024,Carlos Clark,Consumer,West,Office Supplies,Binders,444,6,0,141.69
ORD-11709,17-12-2022,18-12-2022,David Rodriguez,Corporate,East,Office Supplies,Paper,15.29,1,0.2,0.25
ORD-10983,05-05-2024,07-05-2024,Anna Young,Consumer,East,Office Supplies,Paper,85.56,6,0,30.89
ORD-14285,09-11-2022,10-11-2022,Maria Davis,Consumer,South,Technology,Copiers,565.4,1,0.2,15.44
ORD-19340,04-10-2024,05-10-2024,Maria Martinez,Corporate,West,Office Supplies,Paper,175.14,4,0.1,22.08
ORD-19039,21-02-2024,28-02-2024,Anna Martinez,Home Office,Central,Furniture,Chairs,3659.84,4,0,-50.5
ORD-15717,08-07-2023,09-07-2023,Nina Clark,Corporate,West,Office Supplies,Art,244.6,1,0,99.68
ORD-10553,07-12-2022,11-12-2022,Tom Patel,Corporate,West,Furniture,Tables,97.83,2,0.3,-20.78
ORD-10543,02-08-2024,03-08-2024,John Khan,Corporate,East,Technology,Accessories,435.66,1,0.15,93.27
ORD-17661,27-12-2022,30-12-2022,James Clark,Home Office,West,Office Supplies,Art,370.36,2,0,39.47
ORD-13307,26-07-2022,02-08-2022,David Martinez,Corporate,East,Office Supplies,Envelopes,777.17,6,0.3,7.55
ORD-11408,07-10-2023,09-10-2023,Fatima Martinez,Corporate,west,Technology,Copiers,362.22,2,0,73.85
ORD-15476,07-08-2024,10-08-2024,Sara Khan,Corporate,Central,Office Supplies,Binders,791.32,4,0.1,-4.67
ORD-17382,12-06-2024,19-06-2024,Grace Garcia,Consumer,West,Technology,Accessories,3633.73,2,0.15,55.15
ORD-11253,01-04-2022,04-04-2022,Grace Patel,Corporate,South,Office Supplies,Paper,512.65,3,0.15,46.37
ORD-14786,03-12-2024,06-12-2024,Fatima Wilson,Corporate,West,Technology,Copiers,2038.09,3,0.15,118.33
ORD-17184,20-12-2022,23-12-2022,Kevin Brown,Corporate,South,Technology,Copiers,517.53,1,0.3,-60.9
ORD-14945,20-11-2022,21-11-2022,Grace Johnson,Consumer,central,Office Supplies,Envelopes,164.32,2,0,40.61
ORD-19099,26-10-2023,31-10-2023,Mohammed Brown,Corporate,East,Office Supplies,Labels,97.96,2,0,30.2
ORD-13128,13-02-2023,20-02-2023,Tom Brown,Consumer,Central,Technology,Machines,1951.68,1,0.15,381.04
ORD-12787,03-10-2023,04-10-2023,Tom Davis,Consumer,East,Furniture,Tables,4056.49,6,0.15,48.81
ORD-19515,25-04-2024,27-04-2024,David Lewis,Corporate,South,Office Supplies,Labels,143.1,2,0.4,-5.97
ORD-18280,18-09-2022,19-09-2022,Kevin Lewis,Home Office,Central,Office Supplies,Envelopes,474.84,5,0.1,107.27
ORD-14500,21-10-2022,22-10-2022,Fatima Lee,Home Office,south,Office Supplies,Paper,199.03,1,0,55.9
ORD-15879,07-07-2022,08-07-2022,John Lewis,Corporate,South,Office Supplies,Art,679.98,6,0,222.23
ORD-10666,03-05-2024,04-05-2024,Priya Johnson,Consumer,East,Office Supplies,Storage,547.56,3,0.1,83.26
ORD-18354,05-11-2022,09-11-2022,Grace Patel,Consumer,West,Technology,Phones,1549.31,1,0.1,-35.92
ORD-12679,08-08-2023,13-08-2023,Fatima Clark,Corporate,West,Office Supplies,Envelopes,18.12,3,0.3,1.26
ORD-11413,24-04-2024,25-04-2024,David Walker,Consumer,East,Office Supplies,Labels,104.17,1,0,16.49
ORD-17610,17-10-2024,20-10-2024,Mohammed Walker,Home Office,East,Office Supplies,Binders,413.23,3,0.15,8.83
ORD-10528,15-10-2022,18-10-2022,Grace Lee,Consumer,South,Furniture,Tables,579.81,1,0.2,83.81
ORD-18724,10-01-2023,13-01-2023,Kevin Davis,Consumer,West,Office Supplies,Storage,87.37,2,0.1,-0.11
ORD-19272,07-09-2022,,Mohammed Clark,Home Office,West,Office Supplies,Envelopes,296.83,4,0.4,37.71
ORD-19682,12-09-2024,17-09-2024,Fatima Walker,Corporate,Central,Technology,Copiers,1398.14,1,0.1,170.56
ORD-14443,07-11-2022,09-11-2022,Tom Patel,Consumer,East,Office Supplies,Art,169.71,1,0.15,41.83
ORD-12060,22-12-2023,24-12-2023,Kevin Clark,Consumer,South,Technology,Phones,3309.1,2,0,-112.08
ORD-10485,14-12-2024,17-12-2024,David Walker,Consumer,East,Furniture,Chairs,577.51,1,0,82.46
ORD-13591,02-03-2024,05-03-2024,Nina Martinez,Consumer,West,Furniture,Chairs,3016.86,3,0,-219.66
ORD-18552,09-01-2024,12-01-2024,Maria Lee,Consumer,West,Technology,Machines,390.95,5,0.3,-145.97
ORD-13851,09-08-2023,11-08-2023,Sara Garcia,Consumer,East,Furniture,Tables,1316.74,4,0.5,-14.72
ORD-17768,27-02-2022,28-02-2022,Tom Rodriguez,Corporate,West,Office Supplies,Binders,37.17,1,0.3,2.06
ORD-13857,13-02-2023,17-02-2023,Wei Chen,Corporate,West,Furniture,Bookcases,1024.44,4,0,-70.26
ORD-10711,12-10-2022,15-10-2022,Carlos Lee,Home Office,Central,Office Supplies,Paper,172.82,2,0.1,27.03
ORD-19372,20-09-2023,21-09-2023,Kevin Lee,Consumer,West,Furniture,Furnishings,385.08,1,0,72.34
ORD-10861,09-02-2024,11-02-2024,Sara Smith,Consumer,Central,Office Supplies,Labels,179.69,1,0,24.12
ORD-16778,27-02-2024,29-02-2024,Sara Lewis,Consumer,South,Office Supplies,Envelopes,28.22,1,0.5,-3.79
ORD-12781,21-05-2024,24-05-2024,Tom Rodriguez,Consumer,East,Furniture,Furnishings,1240.34,3,0.4,-532.36
ORD-14199,23-03-2023,24-03-2023,Wei Walker,Consumer,East,Furniture,Tables,734.56,6,0.1,114.59
ORD-13863,23-12-2022,24-12-2022,Wei Garcia,Corporate,Central,Furniture,Chairs,2260.42,6,0.15,283.27
ORD-12917,14-05-2023,17-05-2023,David Rodriguez,Corporate,Central,Office Supplies,Binders,188.52,2,0,29.33
ORD-19055,21-10-2023,22-10-2023,Fatima Brown,Consumer,East,Office Supplies,Storage,43.69,1,0.4,-4.42
ORD-18959,09-07-2023,12-07-2023,Mohammed Lewis,Consumer,West,Office Supplies,Binders,22.97,2,0.5,-3.95
ORD-19694,24-03-2022,25-03-2022,Nina Smith,Consumer,West,Furniture,Bookcases,492.8,1,0.3,-43.42
ORD-11548,26-04-2022,27-04-2022,Kevin Lewis,Consumer,South,Office Supplies,Art,410.26,3,0.2,74.23
ORD-16298,03-08-2023,06-08-2023,Mohammed Wilson,Consumer,West,Office Supplies,Labels,57.47,2,0.2,3.84
ORD-11597,16-11-2022,18-11-2022,Tom Walker,Consumer,East,Office Supplies,Paper,423,6,0.4,-45.45
ORD-19073,27-04-2024,28-04-2024,Carlos Chen,Consumer,West,Technology,Phones,727.34,1,0.1,249.11
ORD-14254,16-05-2023,20-05-2023,Linda Khan,Consumer,West,Furniture,Chairs,825.38,2,0,314.13
ORD-17221,26-07-2023,29-07-2023,Carlos Brown,Home Office,East,Office Supplies,Paper,564.96,4,0,114.29
ORD-11467,13-11-2022,16-11-2022,Priya Martinez,Corporate,West,Technology,Accessories,2228.65,1,0.1,160.35
ORD-10337,25-05-2023,01-06-2023,John Johnson,Home Office,East,Office Supplies,Labels,19.89,2,0.1,6.98
ORD-13288,02-04-2024,05-04-2024,Carlos Lee,Corporate,Central,Technology,Phones,158.12,2,0,19.06
ORD-15573,16-08-2024,17-08-2024,Fatima Clark,Consumer,East,Office Supplies,Binders,16,1,0.15,1.19
ORD-17512,15-12-2023,17-12-2023,Kevin Davis,Home Office,West,Office Supplies,Art,85.58,2,0.2,7.13
ORD-11525,17-06-2022,22-06-2022,Grace Khan,Consumer,Central,Furniture,Tables,3831.34,4,0.1,100.9
ORD-17339,16-07-2024,21-07-2024,James Clark,Consumer,West,Office Supplies,Envelopes,199.26,1,0.2,8.41
ORD-18056,17-04-2024,19-04-2024,Tom Davis,Home Office,West,Office Supplies,Storage,145.69,1,0,43.56
ORD-11123,02-12-2022,07-12-2022,Nina Walker,Home Office,South,Office Supplies,Labels,149.64,2,0,47.09
ORD-19347,17-04-2023,20-04-2023,Kevin Lee,Consumer,Central,Technology,Copiers,81.1,2,0,23.08
ORD-10226,20-01-2023,21-01-2023,Fatima Lewis,Consumer,East,Office Supplies,Paper,109.24,2,0.15,12.13
ORD-16476,05-12-2023,08-12-2023,Tom Chen,Consumer,Central,Office Supplies,Paper,266,6,0.1,33.52
ORD-11028,21-12-2024,24-12-2024,Kevin Walker,Consumer,East,Office Supplies,Paper,258.26,2,0.1,45.63
ORD-13669,24-08-2024,25-08-2024,John Davis,Consumer,West,Technology,Machines,1269.42,2,0,122.81
ORD-13903,21-06-2022,25-06-2022,Carlos Martinez,Corporate,East,Office Supplies,Paper,17.24,1,0.4,-0.6
ORD-17550,02-11-2024,04-11-2024,Carlos Johnson,Consumer,Central,Office Supplies,Envelopes,337.18,4,0.15,17.44
ORD-19246,04-04-2022,06-04-2022,Carlos Young,Home Office,South,Furniture,Bookcases,1807.6,5,0,48.64
ORD-10555,01-07-2024,06-07-2024,Carlos Davis,Corporate,West,Technology,Phones,1479.76,2,0,413.61
ORD-12137,20-07-2022,23-07-2022,Carlos Walker,Consumer,West,Office Supplies,Art,124.7,2,0.3,8.27
ORD-11340,16-04-2023,19-04-2023,Carlos Brown,Consumer,Central,Office Supplies,Art,3.53,1,0.3,0.01
ORD-17612,02-05-2024,05-05-2024,Carlos Clark,Corporate,East,Office Supplies,Paper,69.46,4,0.15,21.58
ORD-19698,17-06-2024,19-06-2024,Mohammed Brown,Corporate,East,Technology,Machines,1895.62,1,0.1,866.66
ORD-13686,27-04-2023,28-04-2023,Kevin Young,Consumer,South,Furniture,Furnishings,874.43,1,0,247.54
ORD-18123,02-11-2022,03-11-2022,Tom Lee,Corporate,Central,Furniture,Furnishings,2819.62,4,0.2,-506.5
ORD-12879,10-04-2023,11-04-2023,Carlos Johnson,Consumer,East,Technology,Copiers,220.94,1,0.4,-77.09
ORD-16441,06-09-2023,10-09-2023,David Garcia,Home Office,South,Office Supplies,Paper,297.9,3,0,28.37
ORD-17340,05-07-2022,08-07-2022,John Young,Corporate,Central,Furniture,Tables,831.34,1,0,116.32
ORD-18058,13-08-2023,16-08-2023,Mohammed Clark,Home Office,West,Technology,Accessories,335.82,1,0,24.11
ORD-18726,27-05-2024,31-05-2024,Priya Wilson,Consumer,Central,Office Supplies,Binders,142.9,1,0.4,10.7
ORD-10707,23-10-2022,27-10-2022,Tom Brown,Consumer,South,Office Supplies,Storage,139.06,3,0.3,-18.09
ORD-19063,12-05-2023,16-05-2023,Linda Garcia,Corporate,South,Furniture,Bookcases,1387.53,2,0.3,-13.95
ORD-18902,14-01-2024,15-01-2024,,Home Office,Central,Office Supplies,Art,440.64,2,0,88.33
ORD-10489,19-12-2024,21-12-2024,David Khan,Corporate,South,Technology,Copiers,422.43,3,0,37.53
ORD-13728,24-08-2022,27-08-2022,Linda Khan,Consumer,West,Technology,Accessories,2170.85,1,0,320.59
ORD-14415,09-05-2024,10-05-2024,Mohammed Wilson,Consumer,Central,Furniture,Tables,108.08,1,0.3,-19.98
ORD-13658,12-11-2024,14-11-2024,James Khan,Consumer,East,Office Supplies,Labels,891.58,6,0.15,74.73
ORD-10291,24-11-2023,25-11-2023,Grace Davis,Consumer,West,Office Supplies,Envelopes,69.48,2,0.1,7.24
ORD-13832,08-06-2024,13-06-2024,Fatima Walker,Corporate,East,Office Supplies,Labels,360.64,4,0.15,-20.97
ORD-11171,12-05-2024,14-05-2024,James Young,Consumer,South,Furniture,Bookcases,800.78,5,0.1,112.35
ORD-13276,24-09-2024,26-09-2024,John Smith,Consumer,West,Technology,Accessories,269.88,1,0.3,-25.26
ORD-15551,22-09-2024,29-09-2024,Linda Clark,Corporate,West,Office Supplies,Paper,125.06,2,0.3,-4.63
ORD-12776,24-12-2024,29-12-2024,Nina Lee,Corporate,Central,Technology,Copiers,5938.32,4,0,1023.65
ORD-19636,13-02-2024,15-02-2024,Tom Walker,Corporate,East,Office Supplies,Art,635.25,3,0,160.22
ORD-11655,11-02-2024,13-02-2024,Mohammed Smith,Home Office,West,Furniture,Chairs,635.48,1,0.15,-150.78
ORD-15506,02-04-2024,03-04-2024,Wei Lewis,Consumer,East,Technology,Phones,2830.51,3,0.2,945.19
ORD-12676,10-05-2024,11-05-2024,Carlos Brown,Home Office,East,Office Supplies,Binders,27.68,3,0.1,6.8
ORD-18278,02-11-2023,03-11-2023,Carlos Clark,Consumer,West,Furniture,Bookcases,592.33,1,0.15,58.12
ORD-10021,02-12-2024,04-12-2024,Carlos Lee,Consumer,East,Technology,Phones,3530.28,2,0,1569
ORD-14422,16-09-2024,17-09-2024,Carlos Garcia,Consumer,South,Office Supplies,Binders,623.09,3,0.15,174.53
ORD-17156,27-01-2024,31-01-2024,Wei Clark,Consumer,East,Office Supplies,Storage,124.26,1,0.2,15.45
ORD-10476,20-10-2024,25-10-2024,Kevin Chen,Corporate,west,Furniture,Bookcases,356.76,1,0.2,-127.34
ORD-17766,22-11-2023,25-11-2023,Maria Walker,Corporate,East,Office Supplies,Storage,154.19,1,0.1,43.14
ORD-18904,07-11-2024,09-11-2024,Priya Clark,Consumer,West,Office Supplies,Labels,209.5,2,0.1,34.45
ORD-19591,27-10-2024,28-10-2024,John Brown,Corporate,Central,Technology,Machines,7152.73,6,0.1,280.85
ORD-12512,08-03-2024,11-03-2024,Nina Lee,Consumer,East,Technology,Machines,2456.46,2,0,518.32
ORD-12065,04-06-2024,11-06-2024,Grace Chen,Consumer,East,Furniture,Furnishings,1465.61,3,0.3,-173.01
ORD-10103,17-12-2024,18-12-2024,Fatima Martinez,Consumer,East,Office Supplies,Envelopes,160.57,3,0.3,-4.51
ORD-18036,17-10-2022,21-10-2022,John Khan,Home Office,West,Office Supplies,Labels,221.51,2,0.4,-2.26
ORD-19000,17-10-2023,22-10-2023,Kevin Johnson,Corporate,Central,Technology,Machines,7070,5,0.15,640.82
ORD-14631,25-02-2022,28-02-2022,Maria Brown,Home Office,EAST,Office Supplies,Envelopes,710.44,5,0.2,53.53
ORD-17689,03-01-2023,08-01-2023,Mohammed Young,Corporate,South,Furniture,Furnishings,1120.98,2,0.2,-159.91
ORD-14634,15-01-2023,17-01-2023,Sara Smith,Home Office,East,Office Supplies,Paper,179.82,6,0.1,23.35
ORD-10523,13-07-2022,15-07-2022,Mohammed Walker,Home Office,East,Technology,Machines,2023.71,2,0.15,634.72
ORD-15088,07-04-2022,12-04-2022,Tom Young,Consumer,East,Technology,Accessories,11796.05,6,0.2,1041.11
ORD-16347,03-02-2022,07-02-2022,Anna Davis,Consumer,West,Technology,Phones,1897.86,1,0.2,212.28
ORD-15926,14-07-2023,16-07-2023,John Young,Corporate,East,Furniture,Tables,486.7,3,0.1,165.82
ORD-15702,22-05-2024,23-05-2024,James Brown,Corporate,West,Technology,Copiers,592.12,2,0,3.39
ORD-18763,05-06-2023,08-06-2023,Priya Khan,Corporate,West,Office Supplies,Storage,482.94,5,0.1,-18.28
ORD-14826,12-10-2022,16-10-2022,Maria Rodriguez,Corporate,South,Furniture,Chairs,944.01,1,0,-120.95
ORD-10066,04-03-2022,05-03-2022,Wei Walker,Home Office,South,Office Supplies,Labels,293.79,3,0,78.6
ORD-17719,14-03-2023,15-03-2023,David Johnson,Corporate,South,Office Supplies,Art,28.94,1,0.1,0.78
ORD-18625,01-07-2023,03-07-2023,John Chen,Home Office,East,Technology,Phones,6404.97,3,0.1,1727.34
ORD-18075,10-12-2022,11-12-2022,Linda Walker,Consumer,South,Office Supplies,Binders,158.99,2,0.2,13.75
ORD-14335,03-12-2024,05-12-2024,Kevin Young,Corporate,East,Office Supplies,Labels,22.12,1,0,2.39
ORD-13899,25-12-2022,28-12-2022,John Lewis,Consumer,East,Office Supplies,Paper,610.85,3,0.15,146.75
ORD-16396,23-01-2024,25-01-2024,James Davis,Consumer,Central,Technology,Accessories,485,1,0,253.99
ORD-16244,17-07-2023,20-07-2023,Anna Patel,Consumer,South,Office Supplies,Binders,146.86,1,0,31.61
ORD-11939,22-05-2023,25-05-2023,Maria Khan,Consumer,east,Office Supplies,Labels,246.58,3,0.3,25.93
ORD-12666,23-01-2024,28-01-2024,Carlos Lee,Corporate,East,Office Supplies,Paper,522,6,0,89.97
ORD-11396,16-05-2024,20-05-2024,Kevin Brown,Home Office,West,Technology,Machines,2033,1,0,523.54
ORD-12868,09-12-2023,12-12-2023,James Lee,Corporate,West,Office Supplies,Binders,172.37,6,0.3,21.04
ORD-10751,01-11-2023,05-11-2023,John Davis,Corporate,West,Office Supplies,Art,271.62,2,0,69.41
ORD-18511,12-05-2024,16-05-2024,James Chen,Corporate,East,Office Supplies,Labels,31.73,1,0.3,0.81
ORD-18665,10-08-2022,11-08-2022,Carlos Smith,Consumer,Central,Furniture,Furnishings,220.58,1,0.15,32.78
ORD-14584,20-08-2023,25-08-2023,Mohammed Young,Corporate,East,Technology,Phones,250.08,1,0.3,7.07
ORD-14065,20-06-2022,22-06-2022,Tom Wilson,Consumer,West,Furniture,Furnishings,1049.82,2,0.4,-286.56
ORD-17131,03-08-2024,10-08-2024,Linda Brown,Consumer,East,Office Supplies,Binders,394.44,5,0.2,51.67
ORD-15112,13-08-2023,16-08-2023,Kevin Walker,Consumer,South,Technology,Machines,1693.51,1,0.15,88.76
ORD-12106,02-06-2022,04-06-2022,Maria Clark,Consumer,East,Office Supplies,Labels,915.84,6,0,193.78
ORD-12233,01-10-2022,03-10-2022,Anna Rodriguez,Consumer,Central,Office Supplies,Storage,180.47,1,0,54.21
ORD-19336,13-10-2023,15-10-2023,Sara Young,Consumer,East,Furniture,Chairs,994.12,1,0,-63.12
ORD-19560,01-10-2024,03-10-2024,Anna Martinez,Consumer,East,Office Supplies,Art,258,2,0,47.64
ORD-19580,11-06-2023,13-06-2023,Carlos Garcia,Corporate,East,Office Supplies,Paper,74.56,2,0.2,12.47
ORD-17644,01-05-2023,03-05-2023,Carlos Wilson,Consumer,West,Technology,Machines,3392.41,3,0.4,236.52
ORD-16415,15-11-2022,19-11-2022,Grace Johnson,Consumer,Central,Furniture,Bookcases,369.17,3,0.1,-117.62
ORD-12003,21-10-2022,28-10-2022,Priya Garcia,Corporate,East,Furniture,Chairs,1368.61,4,0.1,19.62
ORD-16346,16-11-2024,17-11-2024,James Walker,Corporate,South,Technology,Machines,3512.12,4,,767.92
ORD-18293,21-12-2023,22-12-2023,James Garcia,Consumer,East,Office Supplies,Paper,366.9,3,0.1,51.48
ORD-13555,03-07-2024,10-07-2024,Nina Wilson,Home Office,West,Furniture,Furnishings,1177.95,2,0.3,-348.07
ORD-10702,20-12-2023,24-12-2023,Linda Rodriguez,Corporate,Central,Furniture,Furnishings,1454.45,2,0.1,-174.31
ORD-18828,15-08-2022,18-08-2022,Sara Garcia,Home Office,West,Furniture,Furnishings,237.58,2,0.15,-11.59
ORD-15820,22-09-2024,23-09-2024,David Walker,Home Office,South,Office Supplies,Storage,359.96,3,0.3,104.13
ORD-10010,27-05-2022,29-05-2022,Mohammed Khan,Home Office,Central,Furniture,Furnishings,1129.14,2,0.15,-252.09
ORD-17404,06-11-2023,07-11-2023,Anna Smith,Consumer,East,Technology,Phones,2970.98,3,0.15,164.61
ORD-12200,19-08-2024,22-08-2024,Fatima Brown,Consumer,West,Technology,Accessories,2248.41,3,0.3,264.04
ORD-12097,13-11-2022,18-11-2022,James Walker,Consumer,West,Office Supplies,Binders,178.7,1,0.15,16.59
ORD-15074,13-08-2023,15-08-2023,David Wilson,Consumer,East,Technology,Phones,64.83,1,0.15,8.57
ORD-12272,12-04-2024,14-04-2024,John Walker,Consumer,East,Office Supplies,Binders,374.24,2,0,93.37
ORD-18338,22-09-2024,27-09-2024,Tom Garcia,Consumer,Central,Office Supplies,Paper,70.05,1,0.2,1.49
ORD-10774,17-09-2024,24-09-2024,Fatima Smith,Home Office,East,Office Supplies,Paper,11.75,1,0.4,1.36
ORD-10759,20-03-2024,21-03-2024,Grace Johnson,Corporate,West,Office Supplies,Labels,422.12,2,0,123.33
ORD-15707,24-04-2024,27-04-2024,Grace Khan,Consumer,West,Office Supplies,Envelopes,382.12,2,0.1,83.24
ORD-15032,01-06-2023,08-06-2023,David Clark,Consumer,Central,Furniture,Chairs,1391.04,3,0.2,-79.13
ORD-16316,13-02-2024,15-02-2024,David Patel,Home Office,East,Office Supplies,Art,684.8,5,0,279.45
ORD-18077,26-08-2024,29-08-2024,David Lewis,Corporate,West,Office Supplies,Storage,61.96,4,0,12.11
ORD-16171,13-11-2024,16-11-2024,Sara Khan,Consumer,East,Office Supplies,Art,418.59,2,0.1,117.23
ORD-12965,23-01-2022,27-01-2022,Wei Patel,Consumer,West,Technology,Phones,28.62,1,0.3,0.85
ORD-14206,08-11-2022,09-11-2022,Mohammed Chen,Consumer,West,Technology,Accessories,555.44,1,0.4,11.76
ORD-11606,12-08-2022,13-08-2022,Linda Davis,Home Office,West,Furniture,Bookcases,160.95,1,0,-22.59
ORD-14947,23-06-2024,24-06-2024,Mohammed Johnson,Consumer,Central,Office Supplies,Art,521.28,3,0,100.41
ORD-18913,09-05-2022,11-05-2022,Grace Walker,Consumer,West,Office Supplies,Binders,74.7,1,0.2,6.36
ORD-17088,03-03-2024,05-03-2024,Grace Khan,Corporate,South,Office Supplies,Paper,99.94,1,0.1,19.09
ORD-10490,01-03-2024,03-03-2024,Carlos Clark,Consumer,South,Technology,Copiers,584.59,3,0.15,-47.72
ORD-11190,18-08-2022,19-08-2022,Anna Johnson,Home Office,Central,Technology,Phones,2092.99,1,0,496.06
ORD-14002,15-08-2024,16-08-2024,Priya Davis,Consumer,West,Technology,Phones,375.25,1,0,167.72
ORD-11089,26-03-2022,31-03-2022,Sara Patel,Corporate,South,Furniture,Tables,4128.48,4,0,267.62
ORD-14242,10-11-2022,14-11-2022,Fatima Young,Consumer,West,Technology,Machines,1691.14,1,0.1,256.77
ORD-11479,15-01-2022,18-01-2022,Tom Young,Corporate,West,Technology,Phones,3758.35,3,0.2,-469.88
ORD-15895,16-10-2023,18-10-2023,Kevin Johnson,Corporate,West,Office Supplies,Envelopes,294.52,4,0.1,15.91
ORD-13201,01-01-2024,02-01-2024,Wei Martinez,Corporate,West,Office Supplies,Storage,575.99,3,0.1,53.43
ORD-18079,02-04-2022,05-04-2022,Sara Khan,Consumer,West,Furniture,Tables,65.59,1,0,2.88
ORD-16002,07-09-2022,08-09-2022,Tom Khan,Consumer,South,Furniture,Chairs,117.89,1,0.2,-12.94
ORD-19262,16-12-2022,17-12-2022,Maria Davis,Corporate,East,Office Supplies,Envelopes,93.29,1,0.2,14.95
ORD-15394,19-07-2024,21-07-2024,Kevin Chen,Corporate,West,Technology,Machines,2008.18,6,0.15,141.03
ORD-12072,15-07-2024,17-07-2024,Wei Wilson,Consumer,Central,Furniture,Furnishings,6691.98,6,0,545.86
ORD-16839,17-03-2023,20-03-2023,,Consumer,East,Office Supplies,Binders,72.44,1,0,4.48
ORD-15662,27-09-2023,29-09-2023,Sara Khan,Consumer,West,Furniture,Chairs,4688.32,5,0.1,549.77
ORD-10071,01-09-2024,02-09-2024,Tom Rodriguez,Corporate,East,Office Supplies,Binders,140.17,1,0,28.26
ORD-18602,01-10-2022,06-10-2022,Wei Johnson,Corporate,West,Office Supplies,Binders,292.62,2,0,59.44
ORD-16704,02-05-2024,09-05-2024,Nina Brown,Corporate,West,Office Supplies,Storage,149.58,3,0.4,1.09
ORD-16126,07-12-2023,08-12-2023,Grace Garcia,Consumer,West,Technology,Phones,1209.75,1,0.1,-120.73
ORD-15238,22-04-2023,23-04-2023,Wei Davis,Consumer,EAST,Office Supplies,Labels,201.12,2,0,34.62
ORD-11852,09-09-2022,10-09-2022,Grace Lee,Corporate,South,Office Supplies,Paper,396.44,6,0.3,57.37
ORD-12727,27-02-2022,04-03-2022,Tom Walker,Consumer,South,Office Supplies,Envelopes,98.6,4,0.1,12.34
ORD-16038,10-07-2023,15-07-2023,Kevin Walker,Corporate,South,Office Supplies,Storage,53.41,1,0.3,7.48
ORD-19737,11-02-2022,13-02-2022,Mohammed Lee,Consumer,West,Office Supplies,Binders,331.4,4,0,98.59
ORD-17467,03-11-2024,08-11-2024,Mohammed Clark,Consumer,South,Office Supplies,Storage,92.41,1,0.1,13.36
ORD-14280,27-11-2022,28-11-2022,Linda Garcia,Consumer,south,Technology,Accessories,1236.59,2,0.3,-13.04
ORD-13848,15-01-2024,17-01-2024,Tom Smith,Home Office,East,Office Supplies,Binders,281.68,2,0.2,43.53
ORD-17109,25-02-2022,,John Lee,Consumer,South,Technology,Accessories,903.41,1,0,57.29
ORD-10824,17-02-2022,18-02-2022,Kevin Patel,Corporate,East,Technology,Accessories,636.02,2,0,190.44
ORD-10386,08-03-2022,10-03-2022,Sara Young,Consumer,West,Technology,Machines,1688.66,2,0.2,230.56
ORD-15815,07-05-2023,11-05-2023,Anna Khan,Consumer,South,Furniture,Bookcases,151.3,1,0.2,-18.03
ORD-10347,08-12-2022,11-12-2022,Linda Wilson,Consumer,Central,Office Supplies,Labels,597.98,3,0.2,-36.4
ORD-13672,12-04-2023,16-04-2023,Priya Davis,Home Office,South,Office Supplies,Labels,443.22,2,0,106.51
ORD-16152,14-08-2024,17-08-2024,Tom Walker,Corporate,South,Office Supplies,Labels,30.07,1,0.5,-5.41
ORD-12807,12-08-2023,14-08-2023,Linda Lee,Corporate,South,Furniture,Furnishings,430.18,2,0.1,-33.15
ORD-16865,24-08-2024,26-08-2024,Nina Patel,Consumer,West,Technology,Copiers,523.19,1,0.2,43.19
ORD-17546,02-01-2022,04-01-2022,Priya Patel,Consumer,South,Office Supplies,Art,30.91,2,0.2,4.79
ORD-18566,12-11-2022,14-11-2022,Carlos Davis,Home Office,East,Office Supplies,Binders,623.59,3,0.1,213.31
ORD-10468,26-11-2024,28-11-2024,Linda Brown,Consumer,West,Technology,Machines,12301.55,5,0,1921.49
ORD-11418,03-10-2024,08-10-2024,James Walker,Consumer,East,Furniture,Furnishings,696.08,2,0.2,12.35
ORD-18505,01-09-2023,03-09-2023,Sara Lee,Consumer,East,Furniture,Tables,3839.75,5,0.15,904.75
ORD-14632,05-03-2022,09-03-2022,Maria Walker,Consumer,East,Technology,Copiers,6298.26,3,0,149.58
ORD-14845,01-09-2022,06-09-2022,Mohammed Davis,Corporate,SOUTH,Technology,Phones,3991.58,2,0,1397.18
ORD-10341,03-01-2022,05-01-2022,Fatima Walker,Consumer,East,Office Supplies,Labels,431.32,2,0.1,100.12
ORD-17577,06-04-2024,11-04-2024,Tom Walker,Consumer,South,Technology,Copiers,6708.15,5,0,2232.32
ORD-11299,20-04-2024,22-04-2024,Nina Martinez,Corporate,East,Office Supplies,Paper,21.08,3,0.4,-2.99
ORD-18788,19-06-2023,22-06-2023,Wei Chen,Home Office,West,Furniture,Furnishings,3146.34,3,0,1819.21
ORD-16091,18-06-2022,19-06-2022,Tom Wilson,Corporate,East,Furniture,Chairs,300.52,3,0.15,85.67
ORD-12227,25-12-2023,29-12-2023,Kevin Clark,Consumer,East,Technology,Copiers,1441.42,2,0,109.92
ORD-11619,27-01-2023,31-01-2023,Tom Martinez,Home Office,Central,Technology,Phones,216.93,2,0.2,19.25
ORD-15082,02-04-2023,07-04-2023,Nina Khan,Corporate,East,Office Supplies,Binders,113.34,2,0.15,22.5
ORD-17634,12-11-2024,19-11-2024,Sara Brown,Home Office,South,Technology,Accessories,4347,3,0,1615.27
ORD-12490,26-02-2023,03-03-2023,Sara Lewis,Corporate,West,Office Supplies,Envelopes,76.02,5,0.3,17.18
ORD-18180,20-03-2023,25-03-2023,Tom Lee,Corporate,South,Technology,Accessories,889.1,2,0,240.3
ORD-13175,27-11-2024,28-11-2024,Anna Wilson,Corporate,West,Office Supplies,Labels,488.68,4,0,15.51
ORD-17220,17-07-2022,21-07-2022,Priya Patel,Home Office,West,Office Supplies,Envelopes,675.48,4,0,234.85
ORD-19763,23-11-2024,27-11-2024,David Patel,Consumer,South,Furniture,Tables,2049.14,2,,-45.45
ORD-11927,07-11-2023,11-11-2023,Carlos Wilson,Consumer,Central,Office Supplies,Labels,243.81,5,0.1,33.76
ORD-18743,25-12-2023,27-12-2023,John Clark,Home Office,East,Office Supplies,Labels,112.88,1,0.1,16.82
ORD-10719,19-12-2024,22-12-2024,Tom Martinez,Consumer,East,Furniture,Bookcases,418.91,1,0.1,-11.35
ORD-12833,10-04-2022,17-04-2022,Grace Lewis,Corporate,West,Office Supplies,Art,12,1,0,3.09
ORD-15179,11-06-2022,15-06-2022,Priya Smith,Corporate,South,Furniture,Bookcases,860.18,1,0.2,-14.1
ORD-17437,11-07-2022,16-07-2022,Maria Garcia,Consumer,South,Furniture,Furnishings,390.42,2,0,41.95
ORD-16861,20-04-2024,23-04-2024,Mohammed Rodriguez,Home Office,West,Furniture,Furnishings,2359.48,5,0.2,-667.94
ORD-14012,08-08-2023,15-08-2023,Sara Khan,Home Office,Central,Office Supplies,Envelopes,304.32,2,0,62.08
ORD-13180,27-05-2024,31-05-2024,Carlos Lewis,Consumer,South,Office Supplies,Storage,639.35,5,0,15.55
ORD-17809,16-08-2024,17-08-2024,Maria Johnson,Corporate,West,Technology,Copiers,1027.4,5,0,65.09
ORD-11653,03-01-2023,05-01-2023,David Khan,Home Office,West,Furniture,Tables,2563.52,3,0.1,-78.74
ORD-10749,18-05-2022,21-05-2022,Tom Johnson,Consumer,West,Office Supplies,Envelopes,263.98,3,0.15,24.84
ORD-10688,04-09-2023,08-09-2023,Maria Lewis,Corporate,West,Office Supplies,Envelopes,34.68,2,0.15,7.32
ORD-19637,10-08-2024,14-08-2024,Wei Patel,Consumer,West,Office Supplies,Storage,117.35,2,0.15,4.45
ORD-12861,27-08-2023,28-08-2023,Carlos Khan,Consumer,South,Office Supplies,Labels,264.19,2,0.1,54.23
ORD-17944,27-09-2024,02-10-2024,John Clark,Home Office,Central,Office Supplies,Envelopes,106.3,2,0.2,2.93
ORD-17112,17-12-2022,22-12-2022,Grace Smith,Home Office,South,Office Supplies,Binders,171.57,5,0.15,-10.08
ORD-13372,22-05-2024,23-05-2024,Kevin Young,Consumer,West,Office Supplies,Storage,205.21,2,0.15,40.15
ORD-13096,10-02-2023,13-02-2023,Wei Wilson,Home Office,Central,Technology,Phones,6871.23,4,0.2,1391.44
ORD-11558,19-11-2023,20-11-2023,Mohammed Khan,Corporate,West,Furniture,Tables,60.4,2,0.4,-6.82
ORD-11081,23-08-2022,25-08-2022,John Clark,Home Office,West,Furniture,Furnishings,1263.83,3,0.15,-169.54
ORD-15016,24-12-2024,29-12-2024,John Garcia,Consumer,Central,Technology,Phones,625.17,2,0.2,109.18
ORD-13471,27-10-2024,31-10-2024,John Lee,Consumer,South,Office Supplies,Art,103.99,3,0.15,7.64
ORD-19742,05-07-2022,10-07-2022,James Davis,Consumer,West,Office Supplies,Art,508.37,4,0.3,72.52
ORD-11853,11-04-2024,12-04-2024,Priya Smith,Corporate,Central,Technology,Phones,1598.64,1,0.15,130.43
ORD-14957,25-06-2024,27-06-2024,Mohammed Lee,Consumer,West,Technology,Copiers,8485.69,6,0.15,2087.26
ORD-15310,14-05-2023,16-05-2023,Carlos Brown,Consumer,South,Technology,Phones,1031.91,3,0.5,-23.19
ORD-16878,24-04-2024,25-04-2024,Linda Davis,Consumer,West,Office Supplies,Paper,134.89,2,0.4,8.91
ORD-14944,26-03-2024,31-03-2024,Grace Johnson,Consumer,West,Furniture,Bookcases,985.8,3,0,-113.48
ORD-13833,11-10-2023,15-10-2023,Carlos Garcia,Consumer,West,Office Supplies,Paper,197.78,5,0.1,44.15
ORD-14271,08-12-2023,09-12-2023,Fatima Chen,Corporate,South,Technology,Copiers,7681.95,4,0.2,-1771.17
ORD-17136,20-05-2022,21-05-2022,John Young,Consumer,South,Furniture,Furnishings,1788.29,3,0.1,-111.68
ORD-19371,01-12-2023,08-12-2023,Kevin Khan,Corporate,East,Furniture,Tables,824.08,1,0,-204.01
ORD-17219,12-08-2023,16-08-2023,Kevin Johnson,Consumer,South,Furniture,Furnishings,324.4,1,0.1,-28.67
ORD-15612,07-06-2022,08-06-2022,Carlos Brown,Consumer,South,Office Supplies,Art,34.9,1,0.1,2.74
ORD-19259,09-04-2022,12-04-2022,Mohammed Martinez,Consumer,South,Office Supplies,Labels,506.74,3,0.1,14.66
ORD-19548,13-03-2024,17-03-2024,Linda Clark,Consumer,East,Office Supplies,Labels,113.15,2,0.3,17.81
ORD-19346,03-08-2024,04-08-2024,Linda Brown,Home Office,South,Office Supplies,Binders,16.06,3,0.15,-0.34
ORD-19699,08-08-2023,09-08-2023,Anna Lee,Consumer,South,Office Supplies,Binders,468.89,3,0.15,109.56
ORD-15122,22-11-2023,26-11-2023,David Chen,Corporate,East,Furniture,Bookcases,138.72,1,0.2,-39.54
ORD-12659,07-07-2022,08-07-2022,Kevin Martinez,Consumer,East,Technology,Machines,403.92,1,0.15,98.43
ORD-19717,04-10-2022,08-10-2022,Priya Walker,Corporate,South,Office Supplies,Labels,165.98,1,0,52.52
ORD-15390,05-07-2023,07-07-2023,David Lee,Consumer,South,Office Supplies,Storage,233.95,1,0,118.08
ORD-12189,10-08-2023,12-08-2023,Linda Garcia,Home Office,East,Office Supplies,Art,426.54,3,0.15,23.42
ORD-13989,03-01-2023,08-01-2023,John Rodriguez,Home Office,West,Office Supplies,Paper,161.6,1,0.15,7.87
ORD-11531,16-09-2023,17-09-2023,David Clark,Corporate,South,Office Supplies,Art,284.2,2,0.1,71.67
ORD-18189,05-06-2023,10-06-2023,Maria Martinez,Consumer,East,Technology,Copiers,1679.1,2,0,317.3
ORD-12660,10-06-2024,12-06-2024,Kevin Khan,Corporate,East,Furniture,Furnishings,56.28,1,0,-1.39
ORD-15483,17-10-2024,19-10-2024,David Johnson,Consumer,West,Technology,Copiers,9623.36,5,0.2,-491.63
ORD-10338,26-11-2023,28-11-2023,Priya Johnson,Corporate,East,Office Supplies,Envelopes,1006.08,6,0.15,218.69
ORD-16817,15-10-2023,20-10-2023,John Wilson,Consumer,West,Technology,Copiers,8845.99,4,0.1,80.95
ORD-12347,15-06-2024,18-06-2024,Tom Khan,Corporate,Central,Office Supplies,Art,906.61,6,0.3,-33.64
ORD-17580,22-07-2024,27-07-2024,Anna Brown,Consumer,West,Office Supplies,Art,372.76,3,0.15,-25.46
ORD-11251,19-06-2023,21-06-2023,Fatima Walker,Corporate,West,Office Supplies,Art,732.72,6,0.5,-64.29
ORD-11892,09-11-2023,10-11-2023,Kevin Chen,Consumer,Central,Office Supplies,Storage,185.08,1,0,38.41
ORD-14052,26-01-2022,29-01-2022,Linda Clark,Corporate,West,Furniture,Tables,83.83,1,0.1,12.52
ORD-13670,04-02-2022,08-02-2022,Maria Rodriguez,Consumer,East,Office Supplies,Paper,610.5,5,0,192.17
ORD-10568,09-11-2022,11-11-2022,Fatima Walker,Home Office,West,Furniture,Bookcases,1273.15,2,0.2,-30.95
ORD-18205,18-09-2022,21-09-2022,Linda Smith,Home Office,West,Office Supplies,Envelopes,109.21,1,0,28.31
ORD-13453,08-11-2023,09-11-2023,Tom Johnson,Consumer,East,Technology,Accessories,1869.51,3,0.15,145.57
ORD-18388,11-06-2022,13-06-2022,Tom Walker,Consumer,South,Office Supplies,Art,156.69,1,0.1,48.22
ORD-18386,09-09-2024,10-09-2024,Maria Brown,Consumer,West,Office Supplies,Envelopes,351.65,3,0.15,55.31
ORD-10436,11-08-2022,14-08-2022,David Clark,Consumer,West,Technology,Phones,2363.3,2,0.4,-118.22
ORD-11559,10-08-2023,12-08-2023,Maria Lee,Corporate,East,Office Supplies,Paper,361.46,2,0.2,-5.84
ORD-18311,09-12-2024,10-12-2024,Priya Walker,Consumer,East,Technology,Phones,4277.08,4,0,1183.89
ORD-10655,19-09-2023,24-09-2023,David Garcia,Corporate,South,Furniture,Bookcases,410.76,5,0.1,-6.07
ORD-10554,10-01-2023,12-01-2023,Wei Martinez,Corporate,East,Technology,Machines,4449.36,2,0,1286.76
ORD-14876,15-12-2022,18-12-2022,Kevin Walker,Consumer,West,Office Supplies,Binders,126.16,1,0,25.45
ORD-17556,23-03-2023,25-03-2023,David Chen,Corporate,Central,Furniture,Tables,2156.34,3,0,520.44
ORD-18310,20-06-2022,24-06-2022,Kevin Wilson,Consumer,West,Office Supplies,Storage,122.68,2,0,26.94
ORD-12042,27-09-2022,30-09-2022,Linda Young,Home Office,South,Technology,Accessories,1109,1,0.1,54.19
ORD-16628,17-03-2022,20-03-2022,Anna Davis,Home Office,west,Furniture,Chairs,564.02,2,0,-230.73
ORD-15293,23-09-2023,28-09-2023,James Lewis,Consumer,South,Technology,Machines,707.02,1,0.2,-16.78
ORD-17842,12-12-2022,17-12-2022,Mohammed Martinez,Corporate,East,Technology,Phones,1164,1,0,292.35
ORD-18412,27-03-2023,30-03-2023,David Johnson,Consumer,Central,Office Supplies,Paper,590.36,4,0,31.33
ORD-17520,13-12-2022,17-12-2022,Fatima Clark,Consumer,East,Technology,Copiers,2135.95,2,0.2,90.07
ORD-16083,17-09-2022,19-09-2022,David Lee,Consumer,Central,Furniture,Chairs,943.87,2,0.1,-199.44
ORD-14941,20-01-2023,23-01-2023,Fatima Walker,Home Office,South,Office Supplies,Labels,87.7,4,0.1,20.16
ORD-10602,15-09-2022,16-09-2022,Fatima Khan,Consumer,East,Technology,Accessories,461.91,2,0.15,43.61
ORD-16973,04-01-2024,05-01-2024,Kevin Johnson,Corporate,West,Office Supplies,Storage,247.4,4,0,50.94
ORD-10611,26-01-2022,30-01-2022,John Garcia,Corporate,West,Technology,Copiers,3557.26,2,0,756.4
ORD-18309,02-07-2024,05-07-2024,Mohammed Lee,Consumer,Central,Technology,Machines,806.54,1,0,258.42
ORD-12357,25-11-2022,26-11-2022,Nina Lewis,Corporate,Central,Technology,Phones,7827.8,4,0.1,1100.45
ORD-14204,07-05-2022,10-05-2022,Priya Young,Consumer,East,Office Supplies,Storage,179.91,1,0.15,4.5
ORD-14326,11-12-2022,,David Young,Home Office,Central,Furniture,Bookcases,556.36,1,0,211.49
ORD-14039,16-11-2024,17-11-2024,Sara Clark,Home Office,West,Technology,Copiers,916.62,3,0,101.01
ORD-17113,21-03-2023,22-03-2023,Tom Young,Consumer,West,Office Supplies,Envelopes,151.58,1,0.2,-13
ORD-12471,16-07-2023,20-07-2023,Grace Johnson,Consumer,East,Office Supplies,Storage,138.52,6,0.15,32.75
ORD-11733,16-06-2022,18-06-2022,Fatima Lee,Corporate,East,Furniture,Furnishings,907.8,1,0.15,-292.3
ORD-19380,26-11-2024,29-11-2024,Tom Khan,Home Office,West,Furniture,Bookcases,750.09,1,0,-4.62
ORD-17851,26-10-2022,28-10-2022,James Patel,Home Office,East,Technology,Machines,8008.73,6,0.15,703.82
ORD-15398,08-04-2024,10-04-2024,Carlos Lee,Consumer,East,Technology,Copiers,5662.09,4,0.15,-58.08
ORD-14924,04-02-2022,08-02-2022,Sara Rodriguez,Corporate,East,Technology,Accessories,216.34,1,0,83.35
ORD-10151,25-07-2023,26-07-2023,Nina Lewis,Home Office,East,Office Supplies,Storage,666.9,3,0,160.17
ORD-19130,04-06-2024,08-06-2024,Grace Martinez,Consumer,West,Technology,Accessories,1294.28,2,0,548.33
ORD-14933,27-03-2024,01-04-2024,John Lewis,Home Office,West,Office Supplies,Storage,48.47,1,0.1,1.78
ORD-17968,14-06-2022,16-06-2022,Carlos Patel,Corporate,South,Technology,Phones,2151.4,2,0.15,91.9
ORD-15513,14-01-2022,16-01-2022,Fatima Patel,Consumer,West,Office Supplies,Paper,745.11,3,0,248.11
ORD-14265,16-12-2023,19-12-2023,David Rodriguez,Consumer,West,Office Supplies,Binders,502.34,3,0.1,22.66
ORD-15961,22-05-2022,23-05-2022,Linda Khan,Corporate,Central,Technology,Copiers,650.79,1,0.3,17.28
ORD-16180,11-10-2024,12-10-2024,Carlos Rodriguez,Corporate,South,Office Supplies,Paper,737.96,5,0.2,105.11
ORD-12073,26-06-2022,27-06-2022,Linda Patel,Consumer,East,Office Supplies,Art,656.32,4,0.1,134.16
ORD-10782,02-09-2023,05-09-2023,Sara Lewis,Consumer,West,Office Supplies,Storage,134.51,2,0.1,39.46
ORD-14493,02-09-2024,07-09-2024,David Young,Consumer,East,Office Supplies,Labels,17.28,1,0,6.06
ORD-13053,04-09-2023,08-09-2023,Anna Chen,Consumer,South,Office Supplies,Envelopes,290.09,2,0.3,19.93
ORD-10166,18-12-2023,22-12-2023,Sara Garcia,Consumer,West,Technology,Phones,318.16,2,0,95.17
ORD-13789,27-05-2022,01-06-2022,Wei Khan,Corporate,West,Office Supplies,Labels,88.18,4,0.5,-24.95
ORD-17073,27-10-2022,31-10-2022,James Chen,Corporate,West,Office Supplies,Envelopes,79.41,2,0.2,15.53
ORD-18544,17-04-2024,20-04-2024,Maria Brown,Corporate,West,Office Supplies,Labels,102.99,1,0,36.34
ORD-13458,08-09-2022,09-09-2022,Priya Martinez,Consumer,East,Office Supplies,Envelopes,212.06,2,0,83.6
ORD-19024,13-06-2024,16-06-2024,James Martinez,Consumer,Central,Technology,Copiers,4237.4,3,0.4,-498.73
ORD-16105,06-01-2022,07-01-2022,Carlos Brown,Corporate,East,Furniture,Tables,842.55,1,0,156.17
ORD-15321,25-02-2023,28-02-2023,David Clark,Corporate,West,Office Supplies,Labels,88.68,2,0.4,7.99
ORD-15892,19-08-2023,21-08-2023,Maria Wilson,Consumer,South,Furniture,Furnishings,919.14,3,0,-100.65
ORD-12489,01-11-2024,08-11-2024,David Garcia,Corporate,South,Technology,Accessories,1091.15,3,0.1,130.21
ORD-15738,24-07-2024,28-07-2024,Priya Patel,Corporate,West,Office Supplies,Paper,176.17,1,0,51.29
ORD-18455,07-08-2024,10-08-2024,David Lewis,Consumer,South,Office Supplies,Paper,100.51,1,0.2,3.49
ORD-10142,20-04-2024,23-04-2024,John Rodriguez,Corporate,South,Technology,Accessories,1026.87,1,0.1,309.26
ORD-15336,21-03-2023,25-03-2023,Sara Clark,Consumer,East,Office Supplies,Binders,78.79,4,0.3,5.29
ORD-11986,05-11-2022,12-11-2022,David Khan,Home Office,West,Furniture,Bookcases,538.8,1,0,-30.34
ORD-18607,16-12-2024,17-12-2024,Kevin Johnson,Corporate,West,Office Supplies,Labels,383.19,3,0,134.56
ORD-16548,17-12-2023,20-12-2023,Linda Smith,Corporate,Central,Furniture,Furnishings,3484.44,6,0,186.67
ORD-12499,12-11-2022,15-11-2022,Priya Martinez,Corporate,West,Office Supplies,Storage,214.16,2,0.2,31.54
ORD-19067,02-07-2023,03-07-2023,James Smith,Corporate,South,Office Supplies,Paper,356.08,2,0.15,48.57
ORD-14059,04-12-2022,05-12-2022,Priya Brown,Consumer,South,Office Supplies,Labels,299.85,2,0.3,5.12
ORD-13443,24-02-2022,25-02-2022,Wei Lee,Consumer,Central,Office Supplies,Storage,190.62,1,0,51.07
ORD-13981,07-08-2023,14-08-2023,Mohammed Rodriguez,Consumer,East,Office Supplies,Paper,37.91,1,0.2,9.2
ORD-16557,15-03-2023,17-03-2023,Kevin Davis,Consumer,West,Office Supplies,Paper,213.69,3,0,44.61
ORD-12693,05-08-2022,08-08-2022,James Chen,Consumer,West,Office Supplies,Storage,305.75,2,0.3,6.91
ORD-16319,22-09-2023,23-09-2023,Fatima Clark,Corporate,West,Technology,Copiers,4476.74,2,0,645.7
ORD-14333,26-01-2022,28-01-2022,Priya Clark,Consumer,West,Technology,Accessories,9136.3,5,0.1,-315.75
ORD-10989,03-04-2022,06-04-2022,Kevin Walker,Consumer,south,Office Supplies,Paper,213.86,3,0.5,-39.02
ORD-13422,13-09-2024,16-09-2024,Maria Walker,Home Office,East,Furniture,Tables,809.65,1,0,82.82
ORD-19173,10-12-2024,14-12-2024,Carlos Brown,Corporate,East,Furniture,Bookcases,515.96,1,0,74.54
ORD-11758,09-05-2023,11-05-2023,Carlos Khan,Home Office,West,Office Supplies,Storage,129.26,1,0.2,21.04
ORD-12369,17-06-2023,19-06-2023,Anna Lee,Corporate,East,Furniture,Chairs,1174.15,3,0.15,-96.4
ORD-11021,05-11-2022,08-11-2022,Priya Lewis,Home Office,East,Technology,Machines,4868.15,4,0.15,207.85
ORD-18976,05-12-2024,08-12-2024,Sara Walker,Corporate,East,Office Supplies,Labels,220.32,2,0.1,38.72
ORD-17190,15-06-2023,18-06-2023,Maria Wilson,Consumer,Central,Technology,Machines,1982.3,1,0,485.78
ORD-10866,06-04-2024,09-04-2024,Anna Patel,Corporate,South,Office Supplies,Labels,395.23,2,0.15,32.53
ORD-13020,18-06-2022,21-06-2022,Kevin Lewis,Consumer,East,Office Supplies,Envelopes,149.16,3,0.2,-9.58
ORD-19385,22-03-2022,24-03-2022,Sara Martinez,Consumer,South,Technology,Accessories,1136.93,2,0.15,-101.15
ORD-19301,17-05-2023,18-05-2023,Tom Khan,Consumer,West,Office Supplies,Envelopes,1437.9,6,0,486.21
ORD-17348,11-02-2024,12-02-2024,David Lee,Corporate,East,Furniture,Tables,629.42,1,0.2,-135.75
ORD-15415,10-12-2022,11-12-2022,Nina Brown,Corporate,South,Furniture,Bookcases,2315.18,3,0.2,90.57
ORD-17541,11-12-2024,13-12-2024,Grace Patel,Consumer,East,Office Supplies,Storage,30.62,2,0.1,3.74
ORD-11697,08-01-2022,10-01-2022,Mohammed Rodriguez,Consumer,South,Office Supplies,Labels,587.28,4,0.15,37.41
ORD-18054,25-10-2024,27-10-2024,James Lee,Consumer,Central,Office Supplies,Storage,24.68,1,0,2.52
ORD-16313,26-03-2023,02-04-2023,Linda Lewis,Consumer,Central,Furniture,Furnishings,1808.01,2,0.1,306
ORD-17056,06-06-2024,07-06-2024,Nina Johnson,Consumer,West,Technology,Accessories,887.4,1,0.2,345.8
ORD-10327,26-02-2022,27-02-2022,Priya Clark,Consumer,West,Technology,Machines,612.82,1,0.15,3.03
ORD-11445,04-10-2024,09-10-2024,Maria Davis,Corporate,South,Furniture,Bookcases,280.48,2,0,61.33
ORD-15896,09-03-2022,14-03-2022,Maria Brown,Consumer,East,Furniture,Bookcases,2764.08,4,0,-316.17
ORD-15678,02-05-2022,04-05-2022,Tom Khan,Home Office,Central,Technology,Phones,8859.75,5,0,1061.71
ORD-10803,21-12-2023,23-12-2023,Priya Garcia,Home Office,East,Furniture,Furnishings,1805.71,2,0.2,476.05
ORD-18328,07-02-2023,14-02-2023,,Consumer,Central,Office Supplies,Storage,110.88,1,0.15,13.02
ORD-13108,14-08-2023,21-08-2023,John Chen,Consumer,East,Office Supplies,Binders,156.08,1,0.1,-16.7
ORD-15322,23-11-2023,24-11-2023,Carlos Rodriguez,Home Office,West,Office Supplies,Art,72.76,1,0.2,6.56
ORD-15299,08-09-2024,12-09-2024,Fatima Smith,Home Office,West,Office Supplies,Binders,196.96,2,0.5,-0.68
ORD-11804,15-11-2024,16-11-2024,Kevin Wilson,Consumer,Central,Furniture,Tables,1538.64,6,,-76.57
ORD-16983,24-02-2024,26-02-2024,Carlos Young,Consumer,East,Office Supplies,Art,1125.1,5,0,102.85
ORD-12903,25-02-2022,01-03-2022,David Walker,Consumer,East,Office Supplies,Labels,335.2,5,0,77.62
ORD-18377,05-02-2022,06-02-2022,Tom Brown,Consumer,East,Technology,Copiers,3979.36,2,0.15,1519.56
ORD-18177,09-08-2024,11-08-2024,Nina Khan,Corporate,West,Furniture,Bookcases,750.12,1,0.2,-112.15
ORD-17910,02-11-2023,06-11-2023,Priya Johnson,Consumer,West,Office Supplies,Labels,880.99,6,0.3,-28.4
ORD-14161,06-08-2023,07-08-2023,Kevin Brown,Consumer,East,Technology,Accessories,1773.86,2,0,680.61
ORD-16488,26-11-2023,27-11-2023,Mohammed Young,Consumer,West,Office Supplies,Storage,563.42,4,0.2,106.64
ORD-16203,01-08-2024,02-08-2024,Tom Garcia,Corporate,east,Furniture,Bookcases,1840.38,3,0,-7.27
ORD-18165,17-10-2024,18-10-2024,Sara Clark,Consumer,Central,Technology,Machines,4947.84,2,0,83.35
ORD-10401,27-04-2022,01-05-2022,Sara Smith,Consumer,East,Technology,Accessories,1044.76,2,0,408.23
ORD-15983,23-02-2023,25-02-2023,Grace Khan,Corporate,West,Technology,Phones,765.45,1,0.1,-71.53
ORD-13413,24-08-2022,27-08-2022,Priya Garcia,Consumer,East,Office Supplies,Envelopes,142.34,1,0.2,-0.85
ORD-11346,01-03-2023,04-03-2023,Tom Johnson,Consumer,Central,Office Supplies,Paper,78.92,1,0.2,6.76
ORD-12391,26-11-2022,27-11-2022,David Chen,Consumer,Central,Office Supplies,Envelopes,99.22,2,0,10.72
ORD-11267,17-11-2023,18-11-2023,Grace Smith,Home Office,CENTRAL,Office Supplies,Art,49.9,3,0.3,-0.54
ORD-14901,13-12-2022,14-12-2022,Linda Lee,Corporate,West,Office Supplies,Envelopes,159.06,1,0.1,1.11
ORD-11443,05-09-2023,07-09-2023,John Patel,Corporate,South,Office Supplies,Paper,242.3,2,0.1,39.21
ORD-15055,25-03-2024,26-03-2024,Fatima Lee,Corporate,Central,Furniture,Chairs,2397.33,3,0,-664.2
ORD-11392,17-09-2023,19-09-2023,Priya Lewis,Consumer,Central,Office Supplies,Binders,45.89,1,0.3,9.91
ORD-10185,21-03-2022,24-03-2022,Fatima Clark,Corporate,WEST,Office Supplies,Art,54.97,2,0.1,8.19
ORD-18049,09-11-2023,14-11-2023,Wei Khan,Consumer,West,Technology,Machines,452.62,1,0,83.18
ORD-15847,25-11-2022,26-11-2022,Mohammed Martinez,Corporate,East,Office Supplies,Storage,1215.66,6,0,350.39
ORD-12085,10-11-2024,11-11-2024,Tom Lee,Consumer,East,Office Supplies,Labels,21.85,1,0.2,1.74
ORD-18588,26-11-2023,29-11-2023,Maria Martinez,Consumer,West,Technology,Machines,4828.68,3,0.1,1300.26
ORD-10096,07-05-2023,10-05-2023,James Lee,Consumer,South,Office Supplies,Envelopes,758.64,4,0,204.11
ORD-17990,03-12-2024,05-12-2024,Tom Rodriguez,Corporate,South,Office Supplies,Storage,273.94,2,0,83.29
ORD-12010,27-01-2022,01-02-2022,Maria Wilson,Home Office,East,Technology,Copiers,2670.36,3,0,-52.43
ORD-12119,15-04-2024,17-04-2024,Wei Brown,Consumer,Central,Office Supplies,Art,542.28,6,0,82.84
ORD-19030,01-10-2024,03-10-2024,Kevin Davis,Consumer,Central,Office Supplies,Labels,49.79,2,0.15,2.4
ORD-17023,18-02-2023,25-02-2023,Kevin Clark,Consumer,Central,Technology,Machines,2550.99,3,0.15,684.55
ORD-17738,26-09-2022,03-10-2022,Carlos Davis,Consumer,central,Technology,Phones,5226.66,3,0.15,597.89
ORD-18708,07-10-2024,10-10-2024,Wei Brown,Consumer,West,Technology,Copiers,14774.76,6,0,5727.37
ORD-10001,21-04-2023,24-04-2023,Nina Walker,Consumer,West,Furniture,Bookcases,753.63,1,0,44.88
ORD-14765,08-02-2024,09-02-2024,Linda Chen,Consumer,West,Office Supplies,Labels,410.22,3,0,110.8
ORD-11752,16-03-2022,19-03-2022,Mohammed Rodriguez,Corporate,East,Office Supplies,Storage,169.25,2,0.2,25.41
ORD-10469,05-12-2022,10-12-2022,James Clark,Corporate,East,Office Supplies,Art,492.83,5,0.15,125.79
ORD-17635,10-02-2022,12-02-2022,Wei Khan,Corporate,West,Furniture,Chairs,2090.82,4,0.2,170.26
ORD-18076,24-08-2022,28-08-2022,Grace Garcia,Consumer,Central,Office Supplies,Labels,60,3,0.3,-3.82
ORD-11659,27-08-2022,29-08-2022,Sara Johnson,Consumer,Central,Technology,Accessories,1904.63,2,0.5,-117.74
ORD-13762,20-03-2022,25-03-2022,Wei Clark,Consumer,South,Technology,Phones,1814.63,2,0.4,-101.27
ORD-13238,24-07-2022,25-07-2022,Wei Martinez,Consumer,West,Technology,Phones,1706.03,1,0,425.45
ORD-13825,18-07-2022,,Mohammed Davis,Consumer,West,Furniture,Furnishings,392.5,1,0.2,-4.1
ORD-11476,02-08-2022,05-08-2022,Priya Patel,Corporate,West,Office Supplies,Art,140.91,1,0.4,-30.37
ORD-10260,25-01-2023,27-01-2023,Priya Garcia,Consumer, East ,Furniture,Tables,2721.38,3,0.2,-347.27
ORD-13158,11-10-2023,16-10-2023,Mohammed Johnson,Home Office,South,Technology,Machines,6518.64,3,0,2656.11
ORD-14025,18-06-2024,20-06-2024,Fatima Walker,Corporate,Central,Office Supplies,Storage,19.85,1,0.1,2.8
ORD-17931,04-05-2024,06-05-2024,Anna Clark,Consumer,south,Technology,Accessories,4276.05,4,0.3,-692.28
ORD-19744,10-01-2022,17-01-2022,Kevin Lewis,Home Office,West,Technology,Accessories,2606.33,3,0.2,-298.97
ORD-11377,10-04-2024,12-04-2024,Anna Davis,Consumer,East,Technology,Accessories,2625.16,2,0,576.41
ORD-16635,04-07-2023,07-07-2023,Anna Brown,Corporate,CENTRAL,Office Supplies,Envelopes,211.36,1,0.1,21.32
ORD-13041,17-03-2023,19-03-2023,Linda Clark,Consumer,East,Technology,Machines,2365.36,3,0.1,-117.18
ORD-15719,21-10-2023,22-10-2023,Tom Chen,Corporate,East,Office Supplies,Binders,184.36,4,0,39.64
ORD-18002,24-09-2022,29-09-2022,Priya Rodriguez,Corporate,West,Furniture,Chairs,1127.51,2,0.5,-430.9
ORD-17306,04-08-2023,05-08-2023,Tom Smith,Consumer,East,Office Supplies,Art,188.22,4,0.2,38.39
ORD-11221,22-05-2022,24-05-2022,Carlos Davis,Consumer,East,Office Supplies,Paper,149.25,1,0.2,-5.46
ORD-19672,17-11-2024,18-11-2024,John Wilson,Consumer,West,Furniture,Chairs,489.22,3,0.5,14.39
ORD-19224,20-03-2024,21-03-2024,Nina Davis,Home Office,South,Office Supplies,Art,34.2,1,0,4.68
ORD-10535,09-11-2023,10-11-2023,James Clark,Corporate,Central,Technology,Accessories,4458.55,5,0,1210.75
ORD-10830,27-10-2023,30-10-2023,Anna Wilson,Corporate,East,Technology,Accessories,788.1,3,0,196.14
ORD-16518,16-11-2024,19-11-2024,Carlos Walker,Corporate,East,Technology,Accessories,2760.84,4,0,695.1
ORD-12212,05-11-2024,06-11-2024,John Lewis,Home Office,West,Office Supplies,Labels,595.88,4,0,232.78
ORD-16277,07-12-2023,08-12-2023,Sara Brown,Corporate,East,Office Supplies,Labels,278.86,3,0.3,22.26
ORD-14057,10-09-2022,14-09-2022,Fatima Wilson,Consumer,East,Office Supplies,Labels,555.34,5,,109.71
ORD-18524,22-04-2023,27-04-2023,Kevin Davis,Consumer,East,Office Supplies,Storage,434.98,4,0.4,78.2
ORD-10943,26-08-2024,31-08-2024,Kevin Patel,Consumer,East,Office Supplies,Storage,26.42,5,0.1,3.31
ORD-16409,08-12-2024,12-12-2024,David Lee,Corporate,South,Furniture,Furnishings,4037.51,4,0.1,1141.06
ORD-14502,11-05-2022,13-05-2022,Tom Martinez,Corporate,West,Furniture,Bookcases,1050.91,3,0.15,-112.69
ORD-10241,17-08-2022,20-08-2022,Fatima Smith,Consumer,West,Technology,Copiers,422.79,1,0,126.39
ORD-15885,15-03-2022,16-03-2022,Maria Wilson,Corporate,East,Furniture,Chairs,1061.5,1,0,119.18
ORD-11926,14-12-2023,19-12-2023,Linda Wilson,Corporate,South,Office Supplies,Art,266.92,3,0.5,24.05
ORD-17173,08-09-2024,11-09-2024,Nina Clark,Consumer,Central,Office Supplies,Art,433.7,3,0.1,67.36
ORD-12603,04-06-2022,07-06-2022,Mohammed Khan,Consumer,South,Furniture,Chairs,5480.88,6,0.2,584.89
ORD-10526,01-10-2022,04-10-2022,James Young,Consumer,South,Office Supplies,Art,451.39,3,0.3,33.48
ORD-13785,12-05-2022,14-05-2022,Carlos Khan,Consumer,CENTRAL,Furniture,Furnishings,2852.73,3,0,-231.38
ORD-15748,26-09-2023,29-09-2023,Linda Patel,Consumer,West,Furniture,Furnishings,1263.6,3,0,123.4
ORD-11159,11-05-2023,14-05-2023,Fatima Johnson,Corporate,East,Office Supplies,Storage,169.82,1,0.1,33.87
ORD-19583,12-02-2022,14-02-2022,Grace Lee,Home Office,West,Technology,Machines,3890.46,3,0,1869.07
ORD-17876,25-12-2022,26-12-2022,Tom Johnson,Home Office,Central,Furniture,Bookcases,1731.69,2,0.1,-510.53
ORD-16607,12-09-2022,16-09-2022,Linda Khan,Consumer,east,Furniture,Furnishings,875.33,1,0,59.15
ORD-12960,03-08-2022,05-08-2022,Sara Rodriguez,Consumer,West,Office Supplies,Storage,195.06,3,0,22.24
ORD-12252,16-07-2023,19-07-2023,Fatima Lee,Consumer,East,Office Supplies,Binders,631.68,4,0,152.23
ORD-12088,12-08-2022,15-08-2022,Nina Davis,Consumer,East,Office Supplies,Art,100.37,2,0.15,25.42
ORD-16641,27-09-2024,29-09-2024,Fatima Brown,Consumer,West,Office Supplies,Paper,204.12,1,0,31.55
ORD-16232,13-03-2023,18-03-2023,David Smith,Consumer,South,Office Supplies,Art,336.82,4,0.1,59.65
ORD-16227,08-06-2022,12-06-2022,James Johnson,Consumer,West,Furniture,Furnishings,1750.12,3,0.3,-474.19
ORD-14525,18-10-2022,19-10-2022,Priya Davis,Home Office, South ,Office Supplies,Labels,286.09,2,0.15,97.59
ORD-14293,18-11-2023,20-11-2023,Maria Davis,Home Office,West,Technology,Machines,4902.22,2,0,1665.8
ORD-16162,02-12-2023,04-12-2023,Linda Lee,Corporate,Central,Technology,Accessories,1667.42,1,0.15,541.71
ORD-12325,26-03-2022,28-03-2022,Tom Brown,Corporate,East,Technology,Phones,1162.77,1,0.1,-63.08
ORD-18766,10-12-2024,11-12-2024,Tom Rodriguez,Home Office,East,Office Supplies,Paper,418.46,2,0.1,135.19
ORD-18927,25-02-2022,26-02-2022,Anna Rodriguez,Corporate,West,Technology,Copiers,5972.25,3,0,852.5
ORD-16903,26-10-2023,27-10-2023,Linda Young,Corporate,West,Office Supplies,Art,171.22,1,0.3,10.88
ORD-18999,08-12-2024,09-12-2024,Carlos Garcia,Consumer,West,Office Supplies,Storage,269.98,2,0,93.45
ORD-11478,01-08-2024,05-08-2024,Mohammed Garcia,Consumer,East,Furniture,Bookcases,705.92,1,,-414.67
ORD-14434,15-02-2022,18-02-2022,Carlos Walker,Consumer,Central,Office Supplies,Labels,59.95,1,0.1,10.84
ORD-16170,24-09-2022,26-09-2022,Priya Khan,Consumer,South,Technology,Copiers,1613.26,1,0.15,-29.08
ORD-13988,14-01-2024,19-01-2024,David Davis,Consumer,South,Technology,Machines,1866.56,1,0.15,311.11
ORD-16107,06-10-2022,,Wei Young,Home Office, South ,Furniture,Furnishings,597.26,2,0.1,-129.95
ORD-16770,16-12-2023,23-12-2023,Mohammed Martinez,Consumer,West,Office Supplies,Storage,725.37,3,0,49.45
ORD-19674,07-10-2022,09-10-2022,Wei Garcia,Corporate,Central,Office Supplies,Binders,185.34,1,0.15,7.75
ORD-14349,23-07-2022,28-07-2022,Wei Young,Corporate,East,Furniture,Furnishings,81.98,1,0.1,-0.02
ORD-17317,24-12-2023,25-12-2023,James Walker,Corporate,South,Technology,Phones,4945.82,2,0,1227.15
ORD-10320,23-12-2024,27-12-2024,David Garcia,Home Office, West ,Office Supplies,Art,347.74,2,0.1,66.27
ORD-16144,06-08-2022,07-08-2022,Wei Wilson,Corporate,East,Technology,Machines,3478.2,5,0,312.61
ORD-17859,04-03-2022,05-03-2022,James Garcia,Home Office,West,Office Supplies,Labels,280.72,2,0,61.21
ORD-15042,04-10-2022,,James Smith,Corporate,central,Office Supplies,Storage,923.56,5,0.2,74.77
ORD-14215,23-12-2024,30-12-2024,Kevin Chen,Consumer,West,Technology,Machines,248.85,2,0.1,76.98
ORD-16551,17-04-2023,22-04-2023,John Walker,Corporate,West,Office Supplies,Envelopes,137.84,2,0.2,-10.97
ORD-11084,20-12-2024,21-12-2024,Priya Martinez,Home Office,Central,Furniture,Bookcases,147.46,1,0.4,-32.03
ORD-19016,03-10-2023,08-10-2023,Anna Davis,Home Office,Central,Furniture,Chairs,418.76,1,0.1,27.38
ORD-17428,17-07-2022,18-07-2022,Grace Young,Home Office,West,Office Supplies,Storage,432.56,3,0.15,69.6
ORD-13652,22-12-2023,24-12-2023,Anna Young,Corporate,West,Office Supplies,Envelopes,157.49,1,0,33.06
ORD-11191,05-09-2024,07-09-2024,David Garcia,Consumer,Central,Office Supplies,Paper,203.44,1,0.1,44.17
ORD-13827,12-09-2023,13-09-2023,Priya Lee,Home Office,West,Office Supplies,Binders,900,5,0.1,216.12
ORD-10620,20-04-2022,24-04-2022,Sara Young,Consumer,South,Office Supplies,Binders,318.98,2,0,173.53
ORD-12098,02-05-2022,04-05-2022,Mohammed Lewis,Corporate,East,Office Supplies,Art,107.52,4,0,12.79
ORD-14846,11-12-2022,13-12-2022,Anna Khan,Corporate,East,Office Supplies,Storage,369.98,3,0.2,89.58
ORD-17089,17-12-2022,19-12-2022,Wei Young,Consumer,West,Technology,Copiers,1329.3,1,0.15,60.22
ORD-18369,10-01-2023,14-01-2023,Grace Brown,Home Office,Central,Technology,Copiers,383.21,2,0.15,163.78
ORD-12803,25-05-2024,26-05-2024,Fatima Walker,Consumer,West,Furniture,Tables,1945.98,2,0,-195.62
ORD-15893,11-04-2024,13-04-2024,Nina Chen,Consumer,East,Technology,Accessories,2954.72,4,0.5,-641.07
ORD-11864,19-04-2024,20-04-2024,Fatima Johnson,Consumer,East,Office Supplies,Labels,196.62,3,0,68.21
ORD-17670,01-01-2022,03-01-2022,Fatima Martinez,Home Office,Central,Office Supplies,Storage,595.5,5,0,129.89
ORD-16054,07-01-2024,12-01-2024,Linda Clark,Consumer,West,Technology,Phones,5576.08,4,0.1,287.59
ORD-12295,07-06-2024,12-06-2024,Mohammed Clark,Consumer, East ,Office Supplies,Labels,535.65,3,0,51.62
ORD-11959,03-03-2022,04-03-2022,Kevin Brown,Corporate,West,Technology,Machines,1136.2,1,0.4,-51.84
ORD-15873,10-02-2023,12-02-2023,David Lee,Home Office,West,Technology,Accessories,7434.82,4,0.2,1558.22
ORD-19381,11-08-2022,15-08-2022,Grace Davis,Home Office,Central,Office Supplies,Labels,372.15,3,0.4,-28.72
ORD-10577,09-12-2023,13-12-2023,Sara Patel,Consumer,West,Technology,Copiers,830.62,1,0.15,117.43
ORD-15763,22-06-2024,24-06-2024,Maria Garcia,Corporate,Central,Furniture,Furnishings,1126.44,1,0,15.84
ORD-11395,19-09-2023,26-09-2023,Carlos Lewis,Consumer,East,Office Supplies,Labels,136.59,3,0,26.26
ORD-18102,17-06-2022,24-06-2022,Wei Lewis,Home Office,Central,Furniture,Bookcases,220.64,2,0,55.84
ORD-16279,08-10-2022,09-10-2022,Carlos Rodriguez,Consumer,EAST,Office Supplies,Envelopes,214.24,2,0.1,30.92
ORD-12754,12-10-2023,16-10-2023,Kevin Chen,Corporate,West,Furniture,Tables,470.98,1,0.15,-208.63
ORD-11805,15-11-2024,17-11-2024,Tom Lewis,Consumer,East,Office Supplies,Labels,100.83,4,0.2,-0.66
ORD-12854,15-08-2024,16-08-2024,James Chen,Consumer,Central,Furniture,Furnishings,1236.51,5,0.3,-304.27
ORD-19166,08-12-2022,,James Johnson,Consumer,West,Furniture,Furnishings,2508.25,3,0.1,770.73
ORD-13912,07-01-2024,09-01-2024,Wei Lewis,Consumer,East,Furniture,Bookcases,1335.83,2,0.1,67.99
ORD-14366,06-03-2024,13-03-2024,Anna Chen,Consumer,East,Furniture,Furnishings,746.94,2,0,-74.11
ORD-10170,14-06-2023,18-06-2023,James Lee,Consumer,East,Office Supplies,Art,196.46,1,0.1,48.78
ORD-12041,20-07-2022,24-07-2022,Grace Young,Corporate,East,Office Supplies,Labels,250.05,2,0.3,-31.59
ORD-14440,27-04-2022,04-05-2022,Priya Brown,Consumer,EAST,Furniture,Furnishings,288.7,2,0.5,-81.68
ORD-11233,11-12-2022,15-12-2022,Wei Khan,Consumer,West,Office Supplies,Binders,54.77,1,0,2.9
ORD-15911,27-09-2023,28-09-2023,John Davis,Consumer,Central,Office Supplies,Storage,225.23,2,0.1,57.05
ORD-18640,10-03-2022,11-03-2022,Maria Rodriguez,Consumer,West,Furniture,Bookcases,351.14,1,0.2,-58.44
ORD-19012,04-05-2023,08-05-2023,John Clark,Consumer,West,Office Supplies,Labels,42.34,1,0.4,1.81
ORD-15169,12-01-2023,15-01-2023,Sara Lewis,Corporate,Central,Furniture,Bookcases,1648.76,2,0,0.49
ORD-17387,14-07-2022,17-07-2022,Fatima Rodriguez,Consumer,East,Technology,Accessories,1794.49,1,0.2,-395.95
ORD-16818,22-11-2023,29-11-2023,Grace Young,Consumer,South,Technology,Phones,1141.63,1,0.1,286.91
ORD-19175,13-08-2023,16-08-2023,Kevin Khan,Home Office,Central,Office Supplies,Paper,197.68,1,0.2,-10.09
ORD-18949,13-07-2023,15-07-2023,Priya Lee,Consumer,West,Technology,Phones,2181.69,3,0.3,-409.68
ORD-13819,23-08-2023,25-08-2023,Carlos Smith,Consumer, West ,Technology,Copiers,8932.5,5,0.1,1398.02
ORD-18616,23-07-2024,26-07-2024,Grace Rodriguez,Corporate,West,Furniture,Furnishings,620.93,1,0,102.77
ORD-15592,06-12-2024,11-12-2024,Linda Rodriguez,Consumer,East,Furniture,Tables,779.79,3,0,65.95
ORD-12067,26-12-2024,31-12-2024,Sara Garcia,Corporate,Central,Technology,Machines,7343.35,5,0,477.62
ORD-11275,08-10-2024,10-10-2024,Wei Smith,Consumer,Central,Technology,Phones,3464.47,2,0.3,-407.32
ORD-18779,26-01-2024,27-01-2024,Grace Brown,Consumer,West,Office Supplies,Art,139.07,1,0,29.36
ORD-19574,11-03-2022,15-03-2022,Grace Young,Consumer,East,Office Supplies,Paper,37.7,1,0.4,-4.87
ORD-13118,17-06-2022,19-06-2022,Sara Chen,Consumer,West,Technology,Phones,3413.33,2,0.2,262.48
ORD-14395,16-06-2023,19-06-2023,Mohammed Patel,Consumer,East,Furniture,Bookcases,2850.15,3,0,-285.72
ORD-12949,27-02-2022,04-03-2022,Tom Brown,Consumer,East,Office Supplies,Storage,154.9,1,0,49.13
ORD-19718,14-12-2023,18-12-2023,Maria Khan,Corporate,South,Technology,Phones,4517.66,4,0.3,1465.65
ORD-11890,06-02-2022,08-02-2022,Nina Lewis,Home Office,WEST,Office Supplies,Art,421.6,2,0,113.32
ORD-10677,24-01-2023,26-01-2023,Fatima Johnson,Corporate,Central,Furniture,Furnishings,1706.2,5,0,-50.95
ORD-13097,15-05-2023,17-05-2023,Linda Lewis,Corporate,South,Technology,Copiers,399.96,2,0.1,42.1
ORD-16266,25-01-2023,29-01-2023,Sara Patel,Consumer,East,Technology,Phones,900.05,1,0.3,-58.6
ORD-17564,05-04-2022,10-04-2022,James Garcia,Consumer,SOUTH,Office Supplies,Envelopes,162.11,1,0.3,1.62
ORD-16397,06-11-2024,10-11-2024,Linda Brown,Consumer,South,Furniture,Tables,1243.65,4,0.15,384.68
ORD-17551,21-06-2023,22-06-2023,Grace Young,Consumer,Central,Technology,Accessories,7768.2,5,0,882.76
ORD-18263,05-11-2022,06-11-2022,Tom Young,Consumer,West,Technology,Copiers,1206.1,1,0.3,27.23
ORD-16829,22-10-2023,25-10-2023,Anna Garcia,Consumer,East,Office Supplies,Storage,292.51,2,0.2,-43.08
ORD-17735,13-05-2023,15-05-2023,,Home Office,Central,Technology,Phones,1616.7,1,0.1,65.38
ORD-11296,22-02-2022,27-02-2022,Anna Brown,Corporate,West,Technology,Copiers,1297.48,2,0,293.74
ORD-14391,18-09-2023,22-09-2023,Sara Clark,Consumer,South,Office Supplies,Labels,350.62,2,0.1,35
ORD-15166,04-12-2022,08-12-2022,Carlos Rodriguez,Consumer,South,Office Supplies,Paper,1085.65,5,0,226.54
ORD-14149,16-04-2024,17-04-2024,Carlos Chen,Corporate,West,Furniture,Chairs,2762,4,0,221.82
ORD-19464,04-12-2023,05-12-2023,Priya Rodriguez,Corporate,East,Office Supplies,Storage,256.4,2,0,52.37
ORD-13400,22-07-2023,26-07-2023,Linda Brown,Home Office,Central,Technology,Machines,1137.77,1,0.3,-306.39
ORD-12934,19-03-2023,20-03-2023,Priya Brown,Consumer,East,Furniture,Bookcases,1670.2,5,0,280.58
ORD-12239,27-11-2023,02-12-2023,Anna Rodriguez,Corporate,East,Office Supplies,Storage,83.73,1,0.2,15.42
ORD-13900,19-12-2023,24-12-2023,Grace Johnson,Home Office,Central,Technology,Phones,6733.62,6,0,-337.5
ORD-15648,17-04-2022,21-04-2022,Anna Khan,Home Office,Central,Furniture,Furnishings,1159.54,2,0.3,-206.69
ORD-17961,24-09-2024,27-09-2024,Wei Smith,Consumer,East,Furniture,Chairs,489.5,1,0.4,-10.42
ORD-13342,13-12-2022,15-12-2022,Fatima Davis,Consumer,East,Office Supplies,Envelopes,134.69,1,0,39.28
ORD-16102,04-07-2023,05-07-2023,Fatima Martinez,Consumer,Central,Technology,Phones,400.36,3,0.4,40.82
ORD-10301,09-11-2022,13-11-2022,David Martinez,Consumer,East,Office Supplies,Binders,139.71,2,0.2,14
ORD-10365,11-09-2022,18-09-2022,Mohammed Patel,Corporate,East,Office Supplies,Art,151.06,2,0.3,6.73
ORD-17715,02-03-2024,04-03-2024,Nina Davis,Corporate,South,Office Supplies,Envelopes,294.09,3,0.15,80.52
ORD-14198,22-11-2024,26-11-2024,James Smith,Consumer,west,Office Supplies,Art,320.33,3,0.1,44.44
ORD-16435,21-11-2024,25-11-2024,Carlos Chen,Consumer, East ,Office Supplies,Labels,486.21,4,0.2,77.17
ORD-16888,24-04-2022,27-04-2022,Kevin Wilson,Home Office,Central,Office Supplies,Envelopes,148.97,3,0.3,-14.67
ORD-11045,24-04-2023,26-04-2023,John Wilson,Consumer,Central,Office Supplies,Art,260.42,3,0.4,6.09
ORD-12795,08-03-2024,13-03-2024,Anna Rodriguez,Home Office,West,Office Supplies,Binders,230.18,2,0,28.48
ORD-15143,01-11-2024,05-11-2024,Tom Clark,Consumer,East,Office Supplies,Art,84.78,3,0.3,3.52
ORD-16827,12-05-2023,19-05-2023,David Lee,Consumer,West,Office Supplies,Binders,149.33,4,0.1,11.75
ORD-13694,15-12-2024,19-12-2024,Priya Martinez,Home Office,South,Office Supplies,Envelopes,160.92,4,0.3,-10.51
ORD-17430,27-03-2022,31-03-2022,Priya Rodriguez,Corporate,West,Office Supplies,Storage,51.54,1,0.5,3.18
ORD-10857,02-11-2023,04-11-2023,Carlos Davis,Corporate,East,Furniture,Bookcases,630.82,2,0.5,-87.99
ORD-14405,26-05-2024,31-05-2024,John Walker,Consumer,East,Office Supplies,Art,164.56,2,0,47.51
ORD-13005,26-12-2022,28-12-2022,Tom Patel,Consumer,South,Office Supplies,Storage,43.42,1,0,13.37
ORD-11215,17-12-2023,18-12-2023,Mohammed Martinez,Consumer,South,Office Supplies,Art,119.06,1,0.3,29.81
ORD-15583,01-09-2022,04-09-2022,David Johnson,Home Office,South,Office Supplies,Envelopes,716.87,4,0.1,144.75
ORD-18259,07-12-2023,08-12-2023,James Young,Home Office,West,Office Supplies,Art,970.15,5,0,167.82
ORD-13254,24-08-2022,27-08-2022,James Clark,Consumer,South,Office Supplies,Binders,161.25,1,0.2,10.43
ORD-14470,01-01-2024,06-01-2024,Carlos Smith,Home Office,South,Furniture,Tables,2614.98,4,0.3,547.34
ORD-15309,01-08-2024,04-08-2024,John Davis,Corporate,Central,Furniture,Furnishings,1174.42,2,0,-72.79
ORD-10544,22-02-2022,25-02-2022,Priya Lee,Consumer,West,Furniture,Furnishings,324.4,2,0.1,67.39
ORD-15447,11-06-2022,18-06-2022,James Lee,Consumer,East,Furniture,Furnishings,2612.03,4,0.2,-456.47
ORD-14387,12-12-2023,13-12-2023,Anna Clark,Corporate,East,Office Supplies,Labels,147.61,1,0.15,30.24
ORD-19066,18-11-2023,20-11-2023,Anna Walker,Consumer,West,Technology,Accessories,4834.1,2,0,1119.57
ORD-13688,24-08-2023,25-08-2023,Wei Chen,Corporate,East,Office Supplies,Paper,198.84,4,0,42.06
ORD-14485,13-12-2022,15-12-2022,Nina Smith,Consumer,West,Office Supplies,Binders,31.16,6,0.3,-0.53
ORD-12869,06-11-2023,11-11-2023,John Davis,Consumer,West,Office Supplies,Binders,6.6,1,0.1,1.24
ORD-14946,14-10-2024,19-10-2024,Carlos Wilson,Home Office,East,Technology,Accessories,2660.43,3,0,261.33
ORD-15090,09-11-2024,14-11-2024,Fatima Young,Consumer,South,Office Supplies,Art,413.56,2,0.15,4.39
ORD-11870,18-01-2023,20-01-2023,Sara Rodriguez,Consumer,East,Furniture,Bookcases,1581.14,3,0.2,-97.34
ORD-15956,18-08-2023,22-08-2023,Priya Smith,Consumer,South,Office Supplies,Storage,102.79,3,0.2,5.11
ORD-19645,19-06-2022,23-06-2022,Nina Lewis,Home Office,Central,Office Supplies,Labels,99.83,1,0,31.99
ORD-15258,18-11-2023,23-11-2023,David Walker,Consumer,East,Technology,Copiers,973.24,5,0.2,97.81
ORD-13231,11-11-2023,13-11-2023,Grace Garcia,Consumer,Central,Office Supplies,Paper,163.06,1,0.3,33.36
ORD-16260,24-07-2022,25-07-2022,Kevin Chen,Consumer,East,Office Supplies,Storage,457.85,3,0.15,57.2
ORD-15015,27-09-2022,29-09-2022,Fatima Walker,Home Office,East,Office Supplies,Binders,122.92,2,0.3,18.04
ORD-19437,27-03-2022,30-03-2022,Sara Walker,Home Office,West,Office Supplies,Binders,436.5,3,0,56.51
ORD-16358,13-12-2022,15-12-2022,Grace Clark,Corporate,SOUTH,Office Supplies,Labels,925.52,4,0,114.08
ORD-17160,20-07-2023,22-07-2023,Nina Davis,Consumer,South,Office Supplies,Storage,187.62,1,0.2,38.42
ORD-17030,14-01-2022,16-01-2022,Kevin Young,Corporate,West,Technology,Machines,5848.92,6,0.5,75.68
ORD-14506,22-12-2024,29-12-2024,John Lee,Home Office,Central,Office Supplies,Labels,561.49,3,0.1,35.56
ORD-19713,23-05-2024,24-05-2024,Fatima Garcia,Corporate,East,Furniture,Furnishings,1161.42,3,0,221.52
ORD-15141,15-06-2022,18-06-2022,Kevin Martinez,Corporate,West,Office Supplies,Storage,231.7,5,0.3,25.6
ORD-11894,05-03-2024,06-03-2024,Mohammed Chen,Consumer,West,Office Supplies,Binders,167.32,1,0,24.54
ORD-11184,20-11-2024,23-11-2024,Kevin Lee,Consumer,West,Office Supplies,Labels,942.66,6,0,212.42
ORD-13407,14-12-2023,17-12-2023,David Patel,Consumer,SOUTH,Furniture,Bookcases,1134.96,2,0.2,-231.45
ORD-13004,20-04-2024,21-04-2024,Maria Wilson,Consumer,East,Furniture,Bookcases,298.33,1,0.3,-123.45
ORD-11898,24-03-2023,28-03-2023,David Khan,Corporate,West,Office Supplies,Envelopes,488.02,3,0.15,120.97
ORD-10832,20-02-2022,23-02-2022,David Patel,Consumer,East,Office Supplies,Labels,245.78,3,0.2,27.08
ORD-16323,23-09-2022,27-09-2022,Fatima Garcia,Corporate,South,Office Supplies,Labels,60.25,4,0.15,2.23
ORD-15899,24-08-2024,26-08-2024,Carlos Clark,Corporate,West,Furniture,Chairs,903.15,3,0,154.53
ORD-10690,19-09-2022,26-09-2022,Tom Garcia,Home Office,Central,Technology,Accessories,5040.71,3,0.15,1305.3
ORD-18953,01-07-2024,05-07-2024,John Lee,Corporate,Central,Technology,Accessories,421.23,1,0.3,65.21
ORD-16614,22-04-2022,23-04-2022,Sara Chen,Corporate,South,Technology,Phones,3630.79,2,0.15,1077.66
ORD-16848,12-06-2023,15-06-2023,John Garcia,Home Office,Central,Technology,Machines,1814.8,1,0.1,633.71
ORD-16455,20-09-2022,21-09-2022,Kevin Smith,Consumer,Central,Technology,Copiers,1759.52,1,0.1,193.37
ORD-13776,02-07-2022,06-07-2022,Sara Garcia,Corporate,East,Office Supplies,Envelopes,412.76,4,0,126.69
ORD-11512,23-05-2022,27-05-2022,Anna Khan,Home Office,East,Office Supplies,Art,14.88,1,0,4.26
ORD-16362,26-04-2022,27-04-2022,Maria Lewis,Consumer,South,Furniture,Tables,1149.34,3,0.1,-312.53
ORD-19757,27-08-2023,03-09-2023,Wei Garcia,Home Office,Central,Technology,Copiers,1540.96,2,0.4,202.4
ORD-19281,25-12-2022,28-12-2022,Tom Johnson,Consumer,Central,Technology,Machines,6698.73,3,0,2383.54
ORD-13882,13-02-2023,14-02-2023,Maria Patel,Consumer,Central,Furniture,Chairs,180.51,1,0.3,-32.26
ORD-11075,03-11-2022,08-11-2022,Priya Khan,Consumer,South,Furniture,Furnishings,197.82,2,0.1,-20.33
ORD-19711,27-08-2022,30-08-2022,Tom Wilson,Corporate,East,Office Supplies,Envelopes,358.56,3,0.1,49.61
ORD-18060,25-02-2023,27-02-2023,Maria Brown,Home Office, East ,Furniture,Tables,866,2,0.4,-18.38
ORD-16453,07-08-2024,11-08-2024,Sara Davis,Corporate,West,Furniture,Chairs,382.9,1,0,-32.82
ORD-16535,12-08-2022,13-08-2022,Nina Lewis,Consumer,East,Technology,Accessories,3139.9,2,0,244.83
ORD-12111,20-08-2023,22-08-2023,Carlos Rodriguez,Consumer,East,Office Supplies,Labels,23.19,1,0.1,1.71
ORD-14865,06-11-2023,09-11-2023,James Patel,Home Office, West ,Furniture,Chairs,3481.36,4,0,-341.59
ORD-18579,11-11-2023,12-11-2023,Maria Garcia,Corporate,East,Office Supplies,Art,503.64,5,0.1,27.51
ORD-16468,13-12-2022,18-12-2022,Grace Garcia,Consumer,East,Office Supplies,Labels,133.57,1,0,47.78
ORD-19386,08-12-2024,10-12-2024,Fatima Lee,Consumer,Central,Furniture,Tables,3578.16,5,0.15,-785.61
ORD-19561,03-10-2024,08-10-2024,Priya Lee,Consumer,Central,Office Supplies,Labels,394.96,2,0,77.07
ORD-17062,20-02-2022,21-02-2022,Nina Chen,Home Office,East,Technology,Accessories,3883.95,3,0,867.56
ORD-12602,07-09-2022,08-09-2022,Priya Clark,Consumer,West,Office Supplies,Labels,150.24,1,0,9.07
ORD-11946,03-07-2024,06-07-2024,Linda Young,Consumer,Central,Office Supplies,Binders,118.52,1,0.3,14.21
ORD-14650,24-04-2023,26-04-2023,John Lee,Consumer,West,Office Supplies,Art,7.84,1,0.3,-0.3
ORD-17378,23-09-2023,25-09-2023,Tom Rodriguez,Consumer,Central,Furniture,Chairs,412.85,2,0.2,-66.14
ORD-13985,04-08-2024,05-08-2024,Anna Rodriguez,Consumer,East,Office Supplies,Binders,235.49,1,0,38.32
ORD-10752,09-07-2023,10-07-2023,John Johnson,Corporate,Central,Furniture,Tables,410,2,0,133.28
ORD-17211,06-01-2022,08-01-2022,Carlos Patel,Home Office,Central,Furniture,Tables,88.35,1,0,26.85
ORD-11361,22-11-2024,23-11-2024,Anna Khan,Consumer,South,Furniture,Bookcases,4897.62,5,0.1,13.32
ORD-18979,17-02-2022,20-02-2022,Anna Garcia,Consumer,West,Office Supplies,Art,10.66,1,0.5,-1.49
ORD-12682,08-09-2022,09-09-2022,,Consumer,Central,Office Supplies,Storage,66.46,1,0.1,9.26
ORD-15137,24-11-2024,25-11-2024,John Chen,Consumer,Central,Furniture,Bookcases,509.71,2,0.2,-168.22
ORD-13284,20-08-2023,25-08-2023,Linda Smith,Consumer,East,Office Supplies,Paper,258.44,2,0.3,-12.4
ORD-11835,16-03-2023,18-03-2023,James Young,Consumer,Central,Technology,Copiers,1258.93,1,0.2,296.71
ORD-19201,03-05-2023,07-05-2023,Maria Young,Corporate,West,Technology,Accessories,557.63,2,0.3,-10.79
ORD-10363,16-12-2023,23-12-2023,Maria Walker,Corporate,West,Office Supplies,Envelopes,125.15,1,0,14.95
ORD-15252,27-09-2022,28-09-2022,Priya Garcia,Home Office,South,Office Supplies,Art,214.42,2,0.3,-31.73
ORD-12764,15-12-2024,18-12-2024,Kevin Chen,Consumer, East ,Office Supplies,Binders,49.9,1,0.2,4.07
ORD-11135,24-09-2022,27-09-2022,James Lewis,Consumer,East,Technology,Copiers,862.49,1,0.15,-87.78
ORD-13212,21-12-2023,24-12-2023,Wei Chen,Consumer,West,Office Supplies,Paper,244,1,0,48.87
ORD-16915,04-02-2024,05-02-2024,Grace Lee,Corporate,South,Technology,Copiers,877.34,1,0,219.44
ORD-17507,04-10-2023,06-10-2023,Maria Smith,Consumer,East,Office Supplies,Storage,207.7,1,0.15,23.86
ORD-13807,07-05-2022,10-05-2022,Fatima Wilson,Home Office,East,Technology,Machines,1227.64,1,0.2,302.49
ORD-16523,23-05-2022,26-05-2022,Mohammed Young,Consumer,Central,Office Supplies,Envelopes,23.32,2,0.3,2.04
ORD-11679,08-12-2023,12-12-2023,Linda Lewis,Corporate,East,Furniture,Chairs,1724.68,2,0,539.13
ORD-14646,18-05-2023,20-05-2023,Anna Chen,Corporate,South,Technology,Phones,1327.93,1,0,343.65
ORD-13589,26-02-2024,29-02-2024,Fatima Garcia,Corporate,West,Furniture,Bookcases,2992.2,4,0,266.85
ORD-12356,19-12-2024,23-12-2024,John Smith,Corporate,East,Office Supplies,Envelopes,516.81,3,0.1,109.4
ORD-19571,08-11-2022,09-11-2022,Wei Smith,Consumer,Central,Technology,Copiers,1236.2,1,0.1,176.79
ORD-18099,25-06-2024,28-06-2024,Priya Davis,Corporate,East,Furniture,Bookcases,544.16,2,0,271.87
ORD-11622,06-10-2023,08-10-2023,Nina Martinez,Consumer, South ,Technology,Accessories,410.78,3,0.15,-166.85
ORD-16616,22-06-2024,26-06-2024,Nina Davis,Consumer,West,Technology,Machines,6183.05,3,0.1,1257.52
ORD-16867,12-10-2024,13-10-2024,James Smith,Home Office,East,Office Supplies,Envelopes,80.24,3,0.1,-4.87
ORD-18870,01-05-2024,03-05-2024,Fatima Wilson,Consumer,East,Technology,Copiers,10003.56,6,0.3,-401.77
ORD-14334,22-10-2024,24-10-2024,David Johnson,Home Office,Central,Technology,Accessories,4230.68,2,0,519.66
ORD-14097,18-07-2023,19-07-2023,David Chen,Consumer,East,Office Supplies,Envelopes,203.14,1,0,21.18
ORD-13014,24-10-2024,28-10-2024,Kevin Lewis,Consumer,West,Office Supplies,Binders,96.04,2,0,6.05
ORD-14810,24-10-2022,26-10-2022,Grace Khan,Consumer,South,Technology,Machines,6730.68,3,0,1213.04
ORD-18902,14-01-2024,15-01-2024,,Home Office,Central,Office Supplies,Art,440.64,2,0,88.33
ORD-14938,02-08-2022,03-08-2022,Grace Khan,Corporate,South,Office Supplies,Storage,357.8,2,0.1,26.74
ORD-16591,20-04-2024,24-04-2024,Grace Smith,Consumer,West,Office Supplies,Binders,550.48,3,0.1,119.14
ORD-12068,16-09-2023,19-09-2023,Kevin Rodriguez,Corporate,East,Furniture,Bookcases,349.82,2,0.3,68.18
ORD-14389,22-09-2023,27-09-2023,Maria Patel,Consumer,East,Technology,Copiers,1076.88,1,0.15,-116.66
ORD-10879,20-04-2023,25-04-2023,John Johnson,Consumer,Central,Office Supplies,Binders,130.63,3,0.1,35.15
ORD-18539,25-05-2023,28-05-2023,Wei Walker,Corporate,West,Technology,Accessories,1106.42,1,0.1,127.66
ORD-16909,25-06-2023,27-06-2023,Maria Chen,Consumer,East,Office Supplies,Labels,210.82,1,0.1,10.64
ORD-19370,06-11-2023,07-11-2023,James Rodriguez,Corporate,East,Office Supplies,Envelopes,71.55,1,0.1,9.13
ORD-15905,01-08-2022,03-08-2022,Nina Wilson,Corporate,West,Technology,Machines,2197.98,1,0,820.01
ORD-13797,06-03-2023,07-03-2023,David Rodriguez,Consumer,Central,Office Supplies,Binders,299.48,3,0.3,65.2
ORD-14959,26-02-2024,27-02-2024,Sara Rodriguez,Consumer,East,Office Supplies,Paper,98.58,2,0,21.14
ORD-10758,04-08-2023,07-08-2023,Wei Lee,Home Office,East,Technology,Copiers,2632.9,2,0,167.9
ORD-13121,11-05-2024,12-05-2024,Tom Clark,Consumer,West,Technology,Copiers,592.78,2,0,44.7
ORD-16351,05-09-2022,06-09-2022,Wei Walker,Consumer,East,Furniture,Furnishings,474.99,2,0.2,-134.6
ORD-12402,08-03-2024,10-03-2024,Linda Davis,Consumer,East,Technology,Accessories,1044.17,3,0.1,345.14
ORD-17095,12-07-2023,15-07-2023,Tom Lewis,Consumer,West,Technology,Phones,9779.52,4,0,1344.07
ORD-12059,12-09-2022,13-09-2022,David Chen,Consumer,West,Technology,Accessories,1961.23,3,0.15,203.98
ORD-19631,08-10-2022,12-10-2022,Kevin Smith,Corporate,East,Office Supplies,Storage,25.24,1,0,9.34
ORD-18063,06-07-2024,07-07-2024,John Martinez,Corporate,East,Office Supplies,Envelopes,101.73,1,0.1,19.31
ORD-12577,03-11-2023,05-11-2023,John Wilson,Home Office,East,Technology,Phones,989.67,3,0,67.58
ORD-11911,14-02-2022,17-02-2022,Tom Martinez,Corporate,West,Office Supplies,Art,133.63,2,0.2,22.76
ORD-16741,10-05-2024,17-05-2024,Grace Lewis,Corporate,Central,Office Supplies,Envelopes,117.5,2,0.4,1.07
ORD-17978,19-06-2024,22-06-2024,Kevin Smith,Consumer,South,Furniture,Tables,3541.54,4,0.2,-657.49
ORD-11020,16-04-2022,18-04-2022,Sara Clark,Home Office,WEST,Office Supplies,Labels,439.01,3,0.3,-2.01
ORD-11073,15-09-2022,16-09-2022,Kevin Walker,Consumer,West,Office Supplies,Binders,1106.2,5,0,155.47
ORD-15849,13-11-2024,18-11-2024,Anna Garcia,Home Office,East,Office Supplies,Storage,7.14,1,0,1.23
ORD-15255,24-06-2022,01-07-2022,Priya Smith,Home Office,West,Office Supplies,Binders,201.66,2,0,39.82
ORD-10058,17-06-2024,22-06-2024,Nina Rodriguez,Consumer,Central,Technology,Accessories,2347.7,1,0,594.45
ORD-15422,26-02-2022,03-03-2022,David Patel,Consumer,East,Office Supplies,Envelopes,97.5,3,0.1,13.15
ORD-19105,10-02-2024,11-02-2024,Kevin Walker,Consumer,West,Technology,Phones,2908.51,2,0.1,452.72
ORD-12294,08-12-2022,11-12-2022,John Davis,Corporate,East,Furniture,Bookcases,2994.84,6,0.1,22.03
ORD-18231,07-12-2024,09-12-2024,Fatima Khan,Consumer,West,Office Supplies,Art,184.34,1,0.2,11.38
ORD-18026,09-12-2023,12-12-2023,Nina Clark,Consumer,South,Technology,Phones,608.89,3,0.3,106.53
ORD-15334,14-03-2022,21-03-2022,Mohammed Wilson,Home Office,West,Office Supplies,Art,261.77,3,0.1,44.54
ORD-18818,26-08-2022,28-08-2022,Sara Davis,Consumer,Central,Furniture,Tables,3482.22,3,0,-207.73
ORD-17296,05-06-2022,10-06-2022,,Consumer,South,Furniture,Bookcases,828.88,4,0,11.16
ORD-12398,03-07-2024,07-07-2024,Linda Johnson,Home Office,Central,Furniture,Furnishings,880.02,1,0.2,-208.04
ORD-17599,18-06-2023,22-06-2023,Maria Garcia,Home Office,West,Office Supplies,Art,73.95,3,0,13.18
ORD-16789,25-04-2023,26-04-2023,Sara Patel,Consumer,East,Technology,Machines,1599.27,1,0.1,190.19
ORD-17557,06-08-2022,07-08-2022,Kevin Johnson,Consumer,Central,Office Supplies,Art,56.94,1,0,15.05
ORD-13133,09-03-2023,13-03-2023,Grace Brown,Home Office,West,Office Supplies,Art,86.13,2,0.1,12.73
ORD-11068,11-12-2023,14-12-2023,Nina Khan,Corporate,South,Furniture,Bookcases,540.2,1,0.4,-16.03
ORD-12529,03-10-2024,08-10-2024,Priya Davis,Consumer,South,Technology,Phones,4088.14,2,0,752.8
ORD-11773,16-12-2022,20-12-2022,Maria Rodriguez,Corporate,West,Office Supplies,Art,417.26,4,0.5,-19.17
ORD-11477,09-02-2023,11-02-2023,Nina Brown,Consumer,West,Furniture,Bookcases,597.29,3,0.1,-116.57
ORD-11513,17-03-2024,20-03-2024,Maria Patel,Consumer,East,Technology,Copiers,664.11,1,0.3,178.95
ORD-16292,05-11-2023,08-11-2023,Tom Johnson,Home Office,Central,Office Supplies,Envelopes,243.04,4,0.1,26.93
ORD-16707,26-11-2024,27-11-2024,Grace Khan,Consumer,West,Technology,Phones,501.74,2,0,149.71
ORD-13285,24-01-2024,28-01-2024,Carlos Rodriguez,Consumer,Central,Office Supplies,Art,233.76,2,0.4,-20.05
ORD-14451,15-01-2024,18-01-2024,Sara Rodriguez,Consumer,East,Office Supplies,Paper,171,2,0,75.95
ORD-13068,04-03-2022,05-03-2022,Mohammed Khan,Consumer,South,Furniture,Chairs,1624.5,2,0,-275.21
ORD-15360,26-08-2023,27-08-2023,Sara Patel,Corporate,South,Technology,Machines,4265.01,2,0.1,1256.22
ORD-15164,22-04-2023,26-04-2023,Fatima Chen,Corporate,South,Technology,Machines,1000.3,4,0.1,277.3
ORD-19375,25-01-2024,26-01-2024,Sara Davis,Home Office,East,Technology,Copiers,1992.41,1,0.1,-146.25
ORD-16291,12-06-2023,15-06-2023,Wei Young,Corporate,West,Office Supplies,Binders,477.98,3,0.2,25.48
ORD-18798,07-05-2024,10-05-2024,Mohammed Khan,Consumer,West,Furniture,Furnishings,540.34,1,0.4,-147.83
ORD-19379,13-03-2023,14-03-2023,Mohammed Johnson,Consumer,West,Furniture,Tables,766.6,1,0,-126.39
ORD-14612,14-12-2024,17-12-2024,Mohammed Rodriguez,Corporate,Central,Technology,Copiers,725.98,1,0.5,-146.5
ORD-19563,02-10-2024,05-10-2024,Wei Chen,Consumer,South,Office Supplies,Art,433.43,3,0.1,110.44
ORD-13289,03-07-2024,07-07-2024,James Smith,Consumer,West,Furniture,Furnishings,310.68,4,0,25.5
ORD-11799,07-08-2023,10-08-2023,Priya Khan,Consumer,South,Furniture,Chairs,441.92,1,0.15,-72.08
ORD-18847,13-01-2024,15-01-2024,Priya Garcia,Corporate,Central,Technology,Accessories,854.13,1,0,8.36
ORD-18646,11-05-2023,12-05-2023,Mohammed Khan,Consumer,East,Office Supplies,Labels,409.97,3,0.1,113.22
ORD-12009,16-12-2024,20-12-2024,Mohammed Johnson,Home Office,West,Office Supplies,Storage,324.11,2,0.2,-27.71
ORD-12500,02-03-2023,03-03-2023,John Davis,Consumer,East,Technology,Accessories,259.41,1,0,71.14
ORD-19524,20-12-2024,21-12-2024,Carlos Davis,Corporate,West,Technology,Accessories,671.34,1,0.3,-58.52
ORD-17242,23-12-2023,25-12-2023,David Rodriguez,Consumer,Central,Office Supplies,Storage,310.09,5,0.1,47.22
ORD-12191,26-11-2024,29-11-2024,Mohammed Young,Consumer,East,Office Supplies,Envelopes,24.82,2,0.15,5.01
ORD-10914,20-01-2022,24-01-2022,Tom Lewis,Consumer,West,Office Supplies,Labels,200.64,1,0.15,2.66
ORD-14288,05-11-2023,12-11-2023,Tom Brown,Corporate,West,Furniture,Bookcases,84.77,2,0.2,-11.49
ORD-13795,14-07-2022,15-07-2022,Grace Clark,Home Office,Central,Office Supplies,Art,11.11,1,0,0.77
ORD-13721,15-07-2024,18-07-2024,Wei Walker,Consumer,Central,Office Supplies,Paper,147.33,3,0.4,4.3
ORD-18032,01-05-2022,03-05-2022,Grace Patel,Consumer,West,Technology,Phones,1762.72,2,0.1,752.81
ORD-17560,05-02-2024,06-02-2024,Priya Garcia,Corporate,CENTRAL,Furniture,Chairs,3443.4,3,0,597.53
ORD-14085,19-02-2023,21-02-2023,Mohammed Young,Consumer,East,Office Supplies,Binders,205.65,1,0,65.59
ORD-15134,03-04-2024,07-04-2024,Anna Wilson,Consumer,East,Office Supplies,Paper,764.9,4,0.2,175.56
ORD-16274,26-07-2024,29-07-2024,Nina Walker,Home Office,West,Office Supplies,Labels,534.72,3,0.2,107.88
ORD-16055,03-06-2024,04-06-2024,Mohammed Wilson,Consumer,West,Furniture,Chairs,1747.4,2,0.15,419.93
ORD-17091,11-11-2023,15-11-2023,Priya Johnson,Corporate,South,Office Supplies,Envelopes,733.32,3,0,239.76
ORD-18097,16-09-2024,18-09-2024,Wei Young,Consumer,Central,Furniture,Tables,4304.04,4,0,659.23
ORD-18017,06-08-2024,13-08-2024,Carlos Garcia,Home Office, East ,Office Supplies,Art,164.26,1,0.3,23.85
ORD-15313,10-08-2022,13-08-2022,Carlos Johnson,Corporate,East,Technology,Copiers,5751.07,3,0.2,1066.31
ORD-12681,10-02-2022,15-02-2022,Linda Lewis,Consumer,Central,Furniture,Bookcases,2319.44,4,0.1,-427.01
ORD-15614,05-07-2022,08-07-2022,Wei Brown,Corporate,West,Office Supplies,Paper,170.01,1,0.1,21.64
ORD-12505,07-05-2024,08-05-2024,Maria Lee,Corporate,Central,Office Supplies,Labels,364.01,3,0.2,-16.44
ORD-11303,07-10-2022,09-10-2022,Sara Chen,Consumer,West,Furniture,Chairs,519.52,1,0.1,-181.89
ORD-14722,26-04-2024,01-05-2024,Wei Lewis,Consumer,East,Office Supplies,Storage,12.17,1,0.4,-1.39
ORD-13805,25-03-2024,30-03-2024,Linda Rodriguez,Consumer,South,Technology,Accessories,2913.28,2,0,740.07
ORD-11173,09-11-2024,10-11-2024,James Rodriguez,Consumer,South,Furniture,Furnishings,1700.64,3,0,-124.6
ORD-11432,21-06-2023,23-06-2023,Maria Martinez,Corporate,West,Technology,Machines,613.57,4,0.2,41.45
ORD-11099,12-12-2022,13-12-2022,Priya Brown,Consumer,WEST,Furniture,Tables,443.94,1,0.15,-64.94
ORD-19388,17-08-2024,20-08-2024,Mohammed Lewis,Corporate,Central,Technology,Phones,106.24,1,0.1,12.12
ORD-11908,01-04-2023,06-04-2023,Wei Chen,Corporate,East,Office Supplies,Art,67.2,3,0.1,9.66
ORD-17107,05-12-2022,06-12-2022,Maria Johnson,Corporate,South,Furniture,Tables,1588.4,4,0,317.6
ORD-13022,18-07-2022,20-07-2022,Kevin Davis,Corporate,East,Office Supplies,Labels,486.3,2,0,70.97
ORD-19255,18-01-2024,19-01-2024,John Martinez,Consumer,east,Office Supplies,Paper,695.18,6,0.15,-44.1
ORD-19156,07-07-2023,09-07-2023,Linda Patel,Corporate,West,Furniture,Tables,2510.43,3,0.1,-92.11
ORD-19655,12-03-2024,13-03-2024,Fatima Garcia,Consumer,South,Furniture,Chairs,926.88,1,0.2,201.11
ORD-11405,05-08-2023,12-08-2023,David Rodriguez,Corporate,East,Technology,Phones,4836.96,4,0.1,836.13
ORD-16006,07-11-2022,11-11-2022,Grace Rodriguez,Corporate,South,Furniture,Tables,2291,6,0.1,-371.87
ORD-16294,02-09-2024,03-09-2024,James Patel,Home Office,South,Technology,Machines,1894.92,6,0,425.64
ORD-19298,12-12-2024,15-12-2024,Maria Rodriguez,Consumer,Central,Furniture,Furnishings,725.22,5,0.15,-17.62
ORD-18749,08-07-2022,11-07-2022,David Lewis,Home Office,East,Technology,Accessories,2253.15,2,0.15,202.02
ORD-19772,08-08-2024,13-08-2024,David Young,Consumer,East,Office Supplies,Envelopes,37.15,1,0.1,4.38
ORD-12813,15-04-2023,16-04-2023,Grace Smith,Consumer,West,Office Supplies,Storage,39.66,3,0,6.1
ORD-10309,14-12-2024,17-12-2024,Carlos Patel,Consumer,West,Furniture,Chairs,458.4,1,0,155.07
ORD-15508,13-11-2022,20-11-2022,Grace Clark,Consumer,East,Office Supplies,Labels,203.61,3,0,58.56
ORD-14090,12-03-2023,19-03-2023,Carlos Wilson,Corporate,East,Office Supplies,Paper,49.43,1,0,10.21
ORD-10775,20-09-2022,21-09-2022,Kevin Walker,Corporate,East,Furniture,Tables,435.68,1,0.5,-213.42
ORD-14580,20-11-2023,25-11-2023,James Lewis,Consumer,West,Technology,Machines,8542.72,4,,1654.89
ORD-15670,07-12-2024,14-12-2024,John Patel,Consumer,East,Furniture,Bookcases,604.77,1,0,32.12
ORD-10367,21-12-2024,23-12-2024,Grace Rodriguez,Consumer,East,Office Supplies,Storage,304.13,2,0.1,67.92
ORD-10570,07-09-2023,09-09-2023,Grace Rodriguez,Home Office,East,Office Supplies,Paper,231.18,2,0.2,41.43
ORD-14099,06-05-2022,08-05-2022,Linda Lee,Consumer,South,Technology,Copiers,658.59,1,0,-6.84
ORD-14745,23-04-2023,24-04-2023,Maria Clark,Home Office,South,Office Supplies,Paper,55.31,1,0.2,0.64
ORD-19204,23-10-2022,28-10-2022,Grace Lee,Consumer,East,Office Supplies,Envelopes,196.07,3,0.4,3.48
ORD-17611,03-05-2023,05-05-2023,Carlos Martinez,Consumer,East,Office Supplies,Envelopes,35.68,1,0.1,3.04
ORD-14537,02-03-2023,05-03-2023,Maria Smith,Home Office,West,Office Supplies,Binders,579.26,3,0.15,31.73
ORD-11593,11-10-2022,14-10-2022,Carlos Lewis,Consumer,West,Technology,Phones,3686.52,2,0,642.1
ORD-12263,23-09-2022,24-09-2022,Grace Walker,Consumer,East,Office Supplies,Envelopes,62.7,1,0,12.96
ORD-19607,21-08-2024,26-08-2024,Carlos Chen,Consumer,East,Office Supplies,Labels,73.46,1,0.15,8.56
ORD-18797,16-04-2022,20-04-2022,Grace Lewis,Corporate,West,Office Supplies,Paper,570.16,4,0,122.73
ORD-11541,16-07-2023,19-07-2023,Wei Walker,Consumer,Central,Technology,Copiers,10003.26,6,0,2072.34
ORD-19626,10-12-2024,15-12-2024,Sara Patel,Home Office,West,Office Supplies,Paper,128.58,1,0.1,9.85
ORD-18564,17-09-2024,18-09-2024,Nina Chen,Consumer,Central,Furniture,Tables,2278.25,5,0,317.52
ORD-19671,11-08-2022,15-08-2022,Anna Lewis,Home Office,Central,Furniture,Bookcases,1338.88,2,0.1,-105.01
ORD-19275,24-06-2024,25-06-2024,James Garcia,Corporate, Central ,Furniture,Chairs,907.83,1,0.15,-262
ORD-14644,27-07-2022,01-08-2022,David Johnson,Home Office,west,Furniture,Furnishings,934.78,1,0.15,137.64
ORD-19349,24-06-2022,01-07-2022,Linda Wilson,Consumer,East,Technology,Copiers,1414.02,1,0.15,165.55
ORD-15365,24-06-2024,26-06-2024,Grace Walker,Consumer,South,Office Supplies,Storage,67.09,1,0,17.27
ORD-11840,19-03-2023,22-03-2023,Carlos Rodriguez,Consumer,West,Technology,Phones,5119.74,3,0.1,-9.34
ORD-18198,14-03-2023,15-03-2023,Priya Clark,Corporate,West,Technology,Machines,90.64,2,0,16.94
ORD-16127,19-08-2022,24-08-2022,Wei Chen,Consumer,West,Furniture,Chairs,219.74,1,0.2,-0.87
ORD-15041,23-10-2023,24-10-2023,Mohammed Davis,Home Office,East,Technology,Phones,2040.58,4,0.2,347.84
ORD-15785,23-12-2023,25-12-2023,Anna Brown,Home Office,South,Technology,Accessories,2140.68,3,0,184.98
ORD-19178,19-07-2023,21-07-2023,Tom Lewis,Corporate,East,Office Supplies,Labels,68.54,3,0.2,4.92
ORD-10072,05-06-2023,06-06-2023,Carlos Young,Consumer,Central,Furniture,Furnishings,2848.9,3,0.2,-397.84
ORD-17070,26-06-2024,29-06-2024,Nina Lewis,Consumer,West,Furniture,Bookcases,3446.44,4,0.15,388.5
ORD-14829,25-10-2023,28-10-2023,Fatima Garcia,Consumer,West,Furniture,Tables,1698.9,2,0.2,-3.91
ORD-18361,18-02-2024,19-02-2024,Priya Lee,Home Office,East,Office Supplies,Binders,25.53,1,0.1,7.91
ORD-15090,09-11-2024,14-11-2024,Fatima Young,Consumer,South,Office Supplies,Art,413.56,2,0.15,4.39
ORD-14858,23-09-2024,27-09-2024,Linda Young,Consumer,East,Furniture,Tables,1585.2,3,0,-496.75
ORD-16233,17-11-2024,18-11-2024,Anna Patel,Corporate,South,Furniture,Bookcases,3829.2,6,0.2,-354.75
ORD-12835,24-04-2023,28-04-2023,Priya Davis,Corporate,Central,Furniture,Furnishings,771.22,3,0.2,35.29
ORD-14269,16-03-2022,20-03-2022,Linda Lee,Consumer,Central,Office Supplies,Binders,126.74,2,0.2,-1.36
ORD-16161,10-07-2022,13-07-2022,Grace Chen,Consumer,Central,Office Supplies,Envelopes,230.82,3,0,60.71
ORD-16952,15-09-2024,17-09-2024,John Smith,Home Office,West,Office Supplies,Storage,486.72,3,0.15,17.71
ORD-15830,23-12-2024,27-12-2024,David Chen,Consumer,East,Office Supplies,Paper,158.96,1,0.3,-20.59
ORD-19355,10-11-2022,11-11-2022,Priya Patel,Consumer,South,Office Supplies,Binders,54.67,1,0.15,4.94
ORD-13736,19-12-2022,20-12-2022,Mohammed Chen,Home Office,East,Office Supplies,Envelopes,317.16,2,0,94.95
ORD-18852,27-09-2024,30-09-2024,Anna Khan,Consumer,Central,Furniture,Tables,1302,2,0.3,-39.02
ORD-16948,26-09-2022,29-09-2022,Sara Smith,Consumer,West,Office Supplies,Art,615.55,3,0.1,74.11
ORD-12511,24-03-2022,27-03-2022,Carlos Lee,Consumer,East,Technology,Copiers,2504.78,2,0,758.33
ORD-17054,26-06-2024,01-07-2024,Sara Davis,Consumer,East,Technology,Phones,2602.68,2,0.15,-172.78
ORD-17283,10-04-2024,17-04-2024,Fatima Lewis,Consumer,South,Technology,Phones,372.04,1,0.5,-34.46
ORD-17271,03-08-2023,04-08-2023,Maria Lewis,Consumer,Central,Furniture,Furnishings,788.3,5,0.3,-279.76
ORD-11780,10-09-2024,13-09-2024,Fatima Young,Corporate,West,Office Supplies,Binders,21.38,1,0,4.02
ORD-16447,13-09-2022,16-09-2022,Nina Smith,Consumer,West,Furniture,Tables,377.02,1,0.2,-24.67
ORD-11775,18-05-2024,19-05-2024,Anna Davis,Consumer,Central,Technology,Accessories,2645.95,3,0.2,353.98
ORD-11534,22-10-2024,26-10-2024,Maria Martinez,Consumer,Central,Office Supplies,Storage,537.03,3,0.15,62.59
ORD-14934,14-05-2023,17-05-2023,Maria Smith,Consumer,East,Furniture,Tables,1762.19,4,0.15,-244.02
ORD-13105,06-02-2022,07-02-2022,Carlos Davis,Corporate, South ,Office Supplies,Paper,199.6,2,0.1,22.2
ORD-13765,25-12-2023,27-12-2023,Maria Khan,Consumer,South,Office Supplies,Binders,55.26,2,0,23.1
ORD-13334,21-01-2024,23-01-2024,Carlos Chen,Consumer,Central,Furniture,Bookcases,961.86,3,0,256.88
ORD-13596,06-12-2023,07-12-2023,Grace Johnson,Corporate, West ,Office Supplies,Storage,125.42,1,0.15,29.6
ORD-14960,16-06-2023,19-06-2023,Sara Chen,Consumer,Central,Office Supplies,Envelopes,110.97,1,0.1,25.82
ORD-13330,01-11-2023,08-11-2023,Tom Rodriguez,Consumer,East,Office Supplies,Storage,1031.35,5,0.15,147.38
ORD-18065,10-08-2023,14-08-2023,Grace Rodriguez,Consumer,East,Office Supplies,Envelopes,120.06,2,0,17.93
ORD-18489,27-11-2024,30-11-2024,Anna Young,Corporate,East,Office Supplies,Labels,119.66,1,0,31.71
ORD-14912,09-01-2024,12-01-2024,John Rodriguez,Consumer,Central,Furniture,Bookcases,357.64,1,0.3,-121.08
ORD-17772,12-04-2024,13-04-2024,James Rodriguez,Consumer,East,Technology,Copiers,559.43,2,0.4,34.62
ORD-15999,09-05-2024,12-05-2024,John Rodriguez,Consumer,Central,Technology,Phones,181.68,1,0,68.28
ORD-14394,08-09-2023,12-09-2023,Nina Khan,Consumer,Central,Furniture,Chairs,656.49,1,0,78.9
ORD-14467,01-05-2022,04-05-2022,Linda Johnson,Consumer,West,Office Supplies,Art,213.47,2,0.2,15.79
ORD-15995,13-12-2023,14-12-2023,David Wilson,Home Office,West,Office Supplies,Envelopes,347.86,3,0.2,68.94
ORD-15389,16-10-2022,19-10-2022,Maria Davis,Consumer,West,Technology,Machines,2353.24,4,0,1017.97
ORD-14362,22-08-2023,23-08-2023,Tom Martinez,Consumer,East,Office Supplies,Binders,206.6,2,0.15,-8.98
ORD-13962,12-02-2022,13-02-2022,Carlos Clark,Consumer,West,Technology,Machines,3369.84,2,0,94.54
ORD-14256,11-05-2023,14-05-2023,Maria Clark,Consumer,East,Technology,Copiers,1285.68,1,0.15,335.37
ORD-11784,24-02-2024,26-02-2024,James Martinez,Consumer,Central,Office Supplies,Paper,53.29,1,,-8.11
ORD-18915,12-10-2022,13-10-2022,James Young,Consumer,West,Office Supplies,Binders,134.77,5,0.15,19.37
ORD-17205,11-04-2024,15-04-2024,Nina Garcia,Consumer,East,Office Supplies,Storage,93.87,1,0,11.5
ORD-11029,05-02-2022,08-02-2022,Priya Brown,Consumer,Central,Office Supplies,Labels,391.07,3,0.15,-3.05
ORD-10519,17-11-2024,22-11-2024,John Garcia,Corporate,West,Office Supplies,Binders,595.91,3,0.15,77.63
ORD-19183,19-06-2023,26-06-2023,Carlos Rodriguez,Corporate,Central,Technology,Machines,2490.29,1,0,-101.84
ORD-12446,25-03-2023,26-03-2023,Carlos Davis,Corporate,East,Furniture,Tables,1284.68,4,0,-147.16
ORD-17210,23-03-2023,25-03-2023,Mohammed Johnson,Corporate,South,Office Supplies,Storage,289.06,3,0.1,44.41
ORD-15319,18-11-2022,19-11-2022,James Patel,Consumer,South,Office Supplies,Paper,5.73,1,0.3,0.37
ORD-11914,19-12-2024,20-12-2024,Priya Walker,Corporate,East,Technology,Copiers,7588.15,5,0,3188.37
ORD-18509,21-07-2023,22-07-2023,Mohammed Brown,Consumer,East,Technology,Phones,1512.69,1,0.15,-6.22
ORD-10238,25-08-2023,26-08-2023,John Rodriguez,Corporate,West,Furniture,Bookcases,399.83,1,0,99.61
ORD-17555,26-10-2023,27-10-2023,David Lewis,Consumer,South,Office Supplies,Envelopes,536.93,4,0.3,-26.69
ORD-11609,10-10-2023,17-10-2023,Sara Young,Consumer,South,Office Supplies,Paper,465.72,4,0,95.6
ORD-18164,25-11-2024,28-11-2024,Kevin Johnson,Corporate,West,Office Supplies,Envelopes,252.5,4,0.1,42.03
ORD-17019,15-05-2022,17-05-2022,Linda Garcia,Home Office,Central,Furniture,Chairs,849.24,4,0.3,-52.64
ORD-18940,06-09-2022,11-09-2022,Linda Khan,Home Office,South,Technology,Accessories,6968.61,4,,638.13
ORD-10395,08-11-2024,09-11-2024,Carlos Clark,Home Office,East,Office Supplies,Binders,823.24,4,0,74.85
ORD-14190,24-07-2024,26-07-2024,Priya Lee,Corporate,South,Office Supplies,Storage,149.31,1,0,59.63
ORD-17858,18-02-2024,22-02-2024,Tom Lee,Consumer,West,Office Supplies,Labels,195.48,1,0.2,1.75
ORD-15935,25-12-2022,30-12-2022,Kevin Wilson,Corporate,East,Furniture,Chairs,1198.67,4,0.15,399.97
ORD-15881,09-05-2022,12-05-2022,Grace Garcia,Consumer,South,Office Supplies,Binders,51.79,1,0.2,3.02
ORD-11983,01-11-2022,06-11-2022,Grace Brown,Corporate,West,Technology,Accessories,4638.3,3,0,1066.39
ORD-11936,17-05-2023,22-05-2023,,Consumer,South,Technology,Accessories,299.27,1,0,94.61
ORD-13364,04-12-2024,06-12-2024,John Young,Corporate,East,Technology,Machines,1888.46,1,0,325.98
ORD-18918,25-08-2024,26-08-2024,John Smith,Home Office,West,Office Supplies,Envelopes,347.3,2,0,89.41
ORD-12618,14-09-2024,17-09-2024,Grace Martinez,Consumer,East,Office Supplies,Storage,189.57,1,0,31.63
ORD-16648,13-12-2022,17-12-2022,Anna Young,Consumer,East,Office Supplies,Labels,403.96,4,0,67.4
ORD-11033,11-12-2024,12-12-2024,Nina Young,Consumer,West,Furniture,Tables,116.13,1,0.15,-20.08
ORD-14180,08-11-2023,09-11-2023,David Johnson,Home Office,West,Office Supplies,Art,492.01,4,0.15,146.76
ORD-17686,22-11-2024,25-11-2024,,Home Office,Central,Office Supplies,Envelopes,100.87,3,0.2,17.78
ORD-10234,11-08-2024,15-08-2024,Wei Clark,Home Office,East,Furniture,Furnishings,1593.11,5,,471.18
ORD-14388,17-11-2024,21-11-2024,James Garcia,Corporate,South,Technology,Machines,2031.44,1,0.1,73.24
ORD-15048,23-10-2022,25-10-2022,Maria Patel,Consumer,West,Office Supplies,Paper,76.48,2,0.1,8.03
ORD-10604,04-03-2022,07-03-2022,Kevin Martinez,Corporate,East,Office Supplies,Art,162.67,2,0.3,-30.98
ORD-18400,19-12-2024,21-12-2024,Nina Khan,Corporate,West,Technology,Phones,143.6,1,0.3,1.81
ORD-14977,22-05-2024,27-05-2024,Grace Chen,Corporate,East,Office Supplies,Paper,286.59,3,0.3,24.1
ORD-13268,08-02-2024,09-02-2024,Linda Young,Consumer,West,Office Supplies,Art,202.78,1,0.15,22.99
ORD-12804,23-12-2023,25-12-2023,Grace Rodriguez,Consumer,East,Office Supplies,Binders,93.54,3,0,15.51
ORD-11431,25-11-2024,27-11-2024,Carlos Martinez,Consumer,West,Office Supplies,Art,241.96,2,0.1,48.59
ORD-12709,04-09-2022,06-09-2022,Nina Lewis,Corporate,South,Office Supplies,Labels,252.45,3,0.15,14.19
ORD-13650,21-06-2022,23-06-2022,Priya Rodriguez,Consumer,WEST,Office Supplies,Binders,222.67,2,0.3,-0.57
ORD-17383,21-08-2024,25-08-2024,Linda Patel,Consumer,West,Technology,Copiers,1439.68,2,0.4,133.02
ORD-19339,21-05-2022,24-05-2022,Tom Rodriguez,Consumer,East,Office Supplies,Art,640.24,4,0,152.19
ORD-14902,08-05-2023,11-05-2023,John Young,Corporate,EAST,Technology,Accessories,1439.06,1,0.2,-3.88
ORD-14208,11-11-2022,13-11-2022,Tom Garcia,Home Office,Central,Office Supplies,Binders,22.42,1,0.2,3.01
ORD-12365,23-06-2023,26-06-2023,Sara Johnson,Corporate,East,Office Supplies,Labels,270.73,3,0.3,40
ORD-11321,23-04-2023,26-04-2023,Mohammed Davis,Consumer,West,Furniture,Furnishings,4227.56,4,0,-1350.77
ORD-16167,23-02-2023,26-02-2023,Carlos Lewis,Home Office,West,Office Supplies,Storage,103.92,1,0.3,3.23
ORD-12576,17-03-2023,18-03-2023,Kevin Walker,Consumer,West,Furniture,Chairs,458.55,1,0.2,23.42
ORD-15043,20-11-2024,25-11-2024,John Wilson,Home Office,East,Furniture,Bookcases,5436.34,6,0.1,-343.89
ORD-19142,11-07-2023,14-07-2023,Wei Martinez,Corporate,South,Office Supplies,Paper,95.57,1,0.3,20.18
ORD-15683,07-08-2023,09-08-2023,Carlos Rodriguez,Corporate,Central,Office Supplies,Labels,91.07,1,0.15,17.08
ORD-16914,19-02-2024,20-02-2024,Tom Smith,Consumer,East,Office Supplies,Envelopes,536.54,3,0.1,182.04
ORD-15273,20-11-2022,21-11-2022,,Corporate,West,Office Supplies,Binders,43.92,2,0.1,3.28
ORD-12641,27-07-2024,03-08-2024,Nina Rodriguez,Consumer,Central,Office Supplies,Storage,366.94,3,0.2,28.7
ORD-19704,11-12-2022,15-12-2022,Kevin Patel,Corporate,South,Office Supplies,Paper,349.31,2,0.1,29.1
ORD-16688,16-10-2024,17-10-2024,Wei Patel,Consumer,South,Technology,Machines,2092.18,1,0.1,20.5
ORD-18650,13-09-2024,15-09-2024,Fatima Lewis,Corporate,East,Office Supplies,Storage,82.61,1,0.1,19.71
ORD-14726,02-08-2022,04-08-2022,Carlos Davis,Corporate,West,Office Supplies,Paper,338.78,2,0.1,67.16
ORD-13754,25-03-2022,26-03-2022,Nina Young,Home Office,West,Furniture,Bookcases,3240.08,4,0,856.84
ORD-15666,27-12-2023,31-12-2023,Fatima Khan,Consumer,South,Office Supplies,Art,146.84,1,0.1,6.02
ORD-17356,13-12-2022,17-12-2022,Linda Patel,Consumer,East,Office Supplies,Labels,176.41,2,0.15,-30.2
ORD-18611,03-05-2024,04-05-2024,Linda Clark,Consumer,South,Technology,Copiers,7672.39,4,0.1,1229.2
ORD-18411,21-03-2022,22-03-2022,Anna Wilson,Corporate,West,Office Supplies,Binders,241.52,2,0.1,52.9
ORD-13432,23-07-2022,28-07-2022,Kevin Clark,Home Office,South,Office Supplies,Art,237.74,2,0,84.43
ORD-17687,22-05-2022,27-05-2022,Kevin Lewis,Consumer,East,Office Supplies,Envelopes,445.62,3,0,60.01
ORD-19312,14-03-2022,17-03-2022,Anna Khan,Home Office,Central,Furniture,Tables,540.08,3,0.1,6.87
ORD-12683,06-04-2024,11-04-2024,Maria Lewis,Corporate,south,Furniture,Tables,312.3,2,0.4,-79.18
ORD-13380,19-03-2024,20-03-2024,Nina Clark,Home Office,East,Technology,Copiers,1660.56,2,0.2,-25.4
ORD-15710,06-02-2022,08-02-2022,Nina Brown,Home Office,Central,Office Supplies,Labels,261.52,2,0.3,10.71
ORD-17325,26-12-2022,29-12-2022,Linda Patel,Consumer,South,Technology,Machines,1259.04,3,0,222.87
ORD-14318,17-03-2024,19-03-2024,Kevin Patel,Consumer,West,Technology,Accessories,5425.3,5,0,-466.37
ORD-14073,23-11-2023,26-11-2023,Grace Garcia,Consumer,South,Office Supplies,Envelopes,510.88,6,0.4,-86.2
ORD-19075,03-05-2023,06-05-2023,John Lee,Consumer,East,Technology,Copiers,1124.29,1,0.5,-9.22
ORD-16252,07-09-2024,10-09-2024,Linda Johnson,Corporate,Central,Technology,Phones,905.94,3,0,141.62
ORD-18688,18-05-2022,20-05-2022,Linda Davis,Consumer,Central,Technology,Machines,2569.32,3,0,592.42
ORD-17090,24-08-2022,27-08-2022,Priya Khan,Consumer,East,Office Supplies,Envelopes,29.37,1,0.1,10.68
ORD-13932,21-12-2023,26-12-2023,James Smith,Corporate,West,Office Supplies,Envelopes,110.51,1,0,10.63
ORD-11742,16-06-2022,18-06-2022,Nina Wilson,Consumer,South,Technology,Copiers,1642.12,4,0,45.91
ORD-18610,08-02-2024,09-02-2024,Anna Young,Consumer,west,Office Supplies,Labels,146.06,1,0.15,0.94
ORD-10202,08-10-2022,09-10-2022,James Davis,Corporate,West,Office Supplies,Storage,615.11,3,0.1,76.17
ORD-17456,18-11-2024,20-11-2024,Grace Walker,Consumer,East,Technology,Phones,1862.27,1,0,183.6
ORD-11877,05-07-2022,07-07-2022,Tom Martinez,Consumer,West,Office Supplies,Paper,112.35,3,0.15,10.45
ORD-18592,03-10-2024,07-10-2024,Priya Johnson,Consumer,West,Office Supplies,Art,357.27,3,0,52.88
ORD-16185,03-04-2024,06-04-2024,David Wilson,Corporate,West,Office Supplies,Labels,357.82,2,0.1,75.02
ORD-19310,23-09-2022,25-09-2022,Grace Martinez,Consumer,Central,Office Supplies,Envelopes,626.05,4,0.3,-13.92
ORD-16258,05-02-2024,10-02-2024,Maria Brown,Consumer,Central,Furniture,Tables,277.85,1,0,78.34
ORD-18799,03-11-2023,05-11-2023,Maria Walker,Corporate,east,Furniture,Tables,501.74,1,0,61.45
ORD-11923,27-02-2022,28-02-2022,Sara Clark,Corporate,West,Office Supplies,Labels,692.37,5,0.4,-37.12
ORD-19145,14-03-2024,15-03-2024,John Lee,Corporate,West,Office Supplies,Binders,299.8,4,0,62.75
ORD-12841,27-06-2023,28-06-2023,Linda Davis,Home Office,East,Technology,Accessories,335.6,1,0.1,-30.7
ORD-14383,03-02-2024,06-02-2024,Linda Young,Corporate,East,Furniture,Furnishings,394.84,2,0,-245.4
ORD-18325,14-10-2022,15-10-2022,Fatima Lee,Consumer,Central,Technology,Machines,245.97,3,0.4,-21.16
ORD-11924,16-12-2022,18-12-2022,Grace Lee,Home Office,South,Technology,Machines,8392.4,4,0,-415.59
ORD-18737,20-07-2024,24-07-2024,Wei Rodriguez,Corporate,West,Office Supplies,Binders,183.82,3,0.1,25.27
ORD-14209,16-07-2024,19-07-2024,James Martinez,Consumer,West,Technology,Copiers,87.21,2,0.1,8.87
ORD-16465,14-06-2024,16-06-2024,David Chen,Consumer,East,Furniture,Chairs,420.83,1,0,100.01
ORD-18637,05-12-2023,08-12-2023,Nina Garcia,Consumer,Central,Technology,Phones,1507.15,1,0.2,150.18
ORD-10027,01-07-2022,03-07-2022,Sara Young,Consumer,Central,Technology,Copiers,241.23,2,0.15,89.45
ORD-18548,13-10-2024,15-10-2024,John Lee,Consumer,East,Office Supplies,Storage,177.66,2,0.1,1.35
ORD-15205,04-12-2024,08-12-2024,Nina Smith,Consumer,South,Office Supplies,Labels,1120.01,6,0.15,100.27
ORD-17275,26-12-2022,29-12-2022,Priya Young,Consumer,West,Office Supplies,Storage,417.54,3,0.15,0.88
ORD-13568,23-09-2023,24-09-2023,Wei Chen,Corporate,Central,Technology,Machines,5507.67,3,0,1321.28
ORD-17254,10-09-2024,12-09-2024,Wei Lewis,Corporate,East,Office Supplies,Envelopes,374.49,3,0.1,4.7
ORD-15320,17-12-2022,20-12-2022,David Davis,Consumer,South,Furniture,Tables,768.67,1,0.3,242.27
ORD-17896,03-11-2022,08-11-2022,Nina Smith,Consumer,Central,Furniture,Chairs,318.14,1,0.3,-44.31
ORD-13431,10-08-2022,11-08-2022,David Garcia,Consumer,WEST,Technology,Accessories,707.87,1,0.2,-20.04
ORD-17877,26-01-2024,29-01-2024,Grace Lewis,Home Office,East,Technology,Copiers,2231.9,5,0,657.9
ORD-18087,05-03-2022,10-03-2022,Priya Martinez,Consumer,East,Office Supplies,Paper,204.73,1,0,50.39
ORD-16492,20-06-2024,22-06-2024,Carlos Martinez,Corporate,South,Office Supplies,Envelopes,256.2,3,0.15,45.01
ORD-12176,21-04-2024,23-04-2024,Fatima Lewis,Consumer,East,Office Supplies,Binders,238.91,2,0.4,-2.03
ORD-14621,07-12-2023,08-12-2023,,Consumer,East,Furniture,Chairs,2198.27,4,0.15,102.94
ORD-12521,19-11-2024,20-11-2024,Fatima Lewis,Consumer,East,Technology,Copiers,1050.37,2,0.2,-77.14
ORD-15569,22-09-2024,24-09-2024,Priya Rodriguez,Corporate,East,Furniture,Bookcases,2421.65,6,0.2,-523.83
ORD-19501,13-07-2024,15-07-2024,James Smith,Corporate,West,Furniture,Bookcases,3054.72,6,0,-662.46
ORD-13879,12-09-2022,14-09-2022,Linda Rodriguez,Consumer,South,Furniture,Tables,570.95,1,0.1,-58.18
ORD-14602,13-06-2024,15-06-2024,Anna Martinez,Home Office,South,Office Supplies,Labels,50.52,4,0.15,11.39
ORD-13551,26-12-2024,29-12-2024,Linda Clark,Home Office,South,Furniture,Bookcases,172.36,1,0.4,-44.51
ORD-19751,26-11-2022,01-12-2022,Tom Walker,Consumer,West,Technology,Machines,1811.7,2,0.2,279.56
ORD-19552,18-02-2023,25-02-2023,Wei Lee,Corporate,West,Office Supplies,Art,99.25,3,0.1,2.58
ORD-11223,26-12-2022,31-12-2022,Linda Smith,Consumer,WEST,Technology,Accessories,1447.84,2,0,376.15
ORD-12444,11-05-2022,14-05-2022,Tom Wilson,Corporate,West,Furniture,Tables,1448.96,3,0.1,-60.49
ORD-17604,24-05-2024,25-05-2024,Sara Rodriguez,Corporate,East,Furniture,Bookcases,593.06,1,0.2,66.49
ORD-12563,10-10-2022,14-10-2022,Carlos Brown,Corporate,West,Technology,Phones,231.85,5,0.5,-36.55
ORD-13312,02-12-2022,05-12-2022,Mohammed Rodriguez,Corporate,West,Office Supplies,Envelopes,287.26,3,0.5,-37.21
ORD-18052,26-02-2024,28-02-2024,Tom Khan,Corporate,central,Technology,Phones,3837.14,3,0.2,723.67
ORD-15791,25-10-2023,29-10-2023,Anna Martinez,Consumer,East,Furniture,Furnishings,2132.16,2,0,64.73
ORD-19285,03-06-2022,05-06-2022,Carlos Davis,Consumer,Central,Technology,Machines,743.75,2,0.15,79.65
ORD-17035,03-04-2024,06-04-2024,James Clark,Consumer,South,Technology,Accessories,76.83,1,0.4,-26.64
ORD-13067,09-04-2023,11-04-2023,Linda Patel,Consumer,Central,Office Supplies,Labels,172.65,1,0.1,16.9
ORD-11626,24-06-2023,26-06-2023,James Martinez,Home Office,West,Furniture,Bookcases,1167.21,2,0.1,186.86
ORD-11264,09-10-2022,14-10-2022,Priya Rodriguez,Consumer,Central,Office Supplies,Labels,319.62,2,0,75.73
ORD-13969,25-06-2022,26-06-2022,Fatima Martinez,Consumer,East,Office Supplies,Storage,66.21,1,0.1,5.96
ORD-11964,04-03-2024,08-03-2024,Grace Brown,Consumer,West,Office Supplies,Art,318.67,2,0.2,-28.37
ORD-18143,22-04-2022,24-04-2022,Grace Johnson,Consumer,East,Furniture,Furnishings,2777.56,6,0.15,-692.15
ORD-10877,25-10-2024,26-10-2024,Maria Chen,Consumer,East,Office Supplies,Envelopes,48.59,2,0.15,5.48
ORD-19187,07-11-2023,12-11-2023,Tom Wilson,Consumer,West,Technology,Phones,30.85,1,0,7.58
ORD-19697,12-10-2024,,Fatima Khan,Consumer,East,Furniture,Tables,710.24,2,0.15,-215.57
ORD-15735,20-11-2023,22-11-2023,Kevin Brown,Home Office,East,Office Supplies,Paper,284.17,2,0.4,-0.47
ORD-13478,26-09-2023,27-09-2023,Linda Rodriguez,Corporate, East ,Office Supplies,Envelopes,81.26,1,0.5,-4.17
ORD-14109,24-08-2022,26-08-2022,Tom Garcia,Consumer,West,Technology,Phones,1397.21,2,0.1,-149.88
ORD-10481,08-04-2022,13-04-2022,Wei Young,Corporate,West,Furniture,Bookcases,3070.76,3,0.1,-1208.61
ORD-19333,15-12-2022,17-12-2022,Kevin Chen,Consumer,West,Office Supplies,Binders,437.06,2,0.1,118.14
ORD-19043,14-06-2022,16-06-2022,Maria Smith,Consumer,West,Technology,Machines,1979.6,1,0,226.87
ORD-17889,06-11-2022,08-11-2022,Priya Smith,Consumer,South,Office Supplies,Paper,173.74,1,0.2,35.6
ORD-17313,13-05-2022,16-05-2022,James Clark,Corporate,East,Office Supplies,Binders,36.69,2,0.15,7.38
ORD-18987,17-04-2024,18-04-2024,Grace Garcia,Home Office,East,Office Supplies,Paper,249.2,2,0,18.72
ORD-16520,16-12-2024,20-12-2024,Sara Davis,Corporate,West,Technology,Phones,1692.75,3,0.3,82.64
ORD-12552,15-08-2024,17-08-2024,Fatima Lee,Consumer,West,Furniture,Bookcases,1299,3,0,-285.54
ORD-18406,16-03-2023,18-03-2023,Linda Khan,Consumer,Central,Furniture,Chairs,1085.52,2,0,-89.14
ORD-19456,05-06-2024,08-06-2024,John Wilson,Consumer,South,Technology,Machines,4223.07,3,0,905.79
ORD-14953,23-07-2022,25-07-2022,James Davis,Consumer,East,Office Supplies,Labels,107.98,1,0.15,3.19
ORD-16647,01-03-2023,04-03-2023,Fatima Wilson,Consumer,South,Office Supplies,Art,9.26,2,0.2,0.12
ORD-13129,27-07-2024,30-07-2024,John Garcia,Corporate,South,Office Supplies,Binders,478.22,3,0.1,75.93
ORD-14142,18-10-2023,22-10-2023,Carlos Chen,Corporate,East,Office Supplies,Binders,382.5,2,0.1,20.9
ORD-12918,06-11-2024,09-11-2024,Anna Young,Consumer,West,Office Supplies,Paper,98.55,1,0,30.26
ORD-13871,26-02-2024,28-02-2024,Anna Smith,Corporate,West,Technology,Machines,410.84,2,0,-25.14
ORD-14041,06-02-2023,11-02-2023,Mohammed Clark,Consumer,WEST,Technology,Machines,1034.42,2,0,70.39
ORD-12314,12-12-2024,15-12-2024,John Martinez,Consumer,West,Technology,Machines,2105.53,1,0,315.54
ORD-19623,16-02-2024,18-02-2024,Mohammed Smith,Corporate,South,Technology,Machines,4363.76,4,0.5,-1.91
ORD-16481,10-03-2024,11-03-2024,John Smith,Consumer,West,Office Supplies,Binders,125.64,2,0.1,34.31
ORD-14995,05-06-2024,06-06-2024,Grace Chen,Consumer,East,Furniture,Bookcases,1141.16,2,0.4,-190.02
ORD-15118,13-12-2024,16-12-2024,John Khan,Consumer,Central,Technology,Machines,4323.73,3,0.1,-208.98
ORD-14328,21-01-2024,23-01-2024,Kevin Lewis,Consumer,Central,Office Supplies,Paper,14.99,1,0.1,4.3
ORD-10941,15-07-2024,18-07-2024,Sara Garcia,Consumer,West,Office Supplies,Art,79.4,2,0.4,7.4
ORD-19519,20-12-2023,23-12-2023,Maria Smith,Corporate,West,Technology,Accessories,1049.53,5,0.1,-11.07
ORD-19587,03-08-2022,04-08-2022,Wei Lewis,Consumer,East,Furniture,Bookcases,998.47,3,0.2,78.92
ORD-19729,12-06-2022,16-06-2022,Fatima Lewis,Corporate,Central,Office Supplies,Paper,124.65,1,0.2,6.18
ORD-16925,25-09-2022,28-09-2022,Fatima Garcia,Consumer,East,Office Supplies,Art,260.97,3,0.3,15.7
ORD-13237,07-12-2022,11-12-2022,Maria Young,Consumer,West,Office Supplies,Labels,797.3,4,0.15,129.47
ORD-17397,12-03-2022,14-03-2022,Tom Wilson,Corporate,East,Office Supplies,Binders,131.04,2,0.15,12.37
ORD-19126,10-08-2024,15-08-2024,Kevin Young,Consumer,South,Office Supplies,Envelopes,462.38,3,0.1,63.23
ORD-18934,07-07-2024,12-07-2024,Tom Johnson,Consumer,South,Technology,Phones,228.06,3,0,-6.77
ORD-18238,20-07-2023,23-07-2023,Priya Smith,Consumer,central,Technology,Machines,240.98,2,0.2,52.63
ORD-11809,01-08-2024,03-08-2024,Carlos Patel,Home Office,South,Office Supplies,Binders,758.18,4,0.2,60.4
ORD-13533,22-04-2023,25-04-2023,Kevin Wilson,Corporate,West,Office Supplies,Envelopes,100.49,3,0.2,3.75
ORD-16317,07-11-2024,14-11-2024,Nina Lee,Consumer,Central,Technology,Machines,1690.87,1,0.3,-19.58
ORD-11165,07-08-2023,11-08-2023,Mohammed Lewis,Home Office,East,Technology,Copiers,960.8,1,0.1,123.96
ORD-10204,23-08-2022,25-08-2022,Carlos Rodriguez,Consumer,West,Office Supplies,Storage,403.45,2,0.1,125.78
ORD-18945,10-06-2022,11-06-2022,Priya Davis,Consumer,East,Office Supplies,Art,243.46,2,0,84.45
ORD-19286,06-09-2023,08-09-2023,Anna Walker,Consumer,Central,Office Supplies,Paper,96.03,1,0.2,3.93
ORD-13689,09-05-2022,10-05-2022,Mohammed Walker,Home Office,West,Technology,Machines,1404.79,1,0,579.28
ORD-18691,01-02-2022,02-02-2022,Mohammed Khan,Corporate,Central,Office Supplies,Paper,326.81,2,0.15,-25.57
ORD-11887,03-09-2024,04-09-2024,Sara Smith,Consumer,Central,Office Supplies,Art,102.35,1,0,24.19
ORD-13509,16-03-2022,19-03-2022,Mohammed Garcia,Corporate,West,Technology,Phones,3385.85,5,0.15,156.9
ORD-11162,19-09-2023,20-09-2023,Wei Walker,Consumer,South,Technology,Accessories,4372,2,0,1220.54
ORD-16774,15-03-2024,18-03-2024,James Chen,Home Office,West,Technology,Phones,731.38,6,0.2,66.17
ORD-12729,20-10-2022,22-10-2022,Fatima Johnson,Consumer,Central,Office Supplies,Envelopes,152.14,2,0,35.99
ORD-11600,19-01-2022,20-01-2022,John Brown,Corporate,West,Office Supplies,Art,449.34,3,0.3,-22.79
ORD-17133,09-12-2023,10-12-2023,Nina Chen,Home Office,West,Office Supplies,Paper,61.96,1,0.1,10.27
ORD-10086,03-08-2022,04-08-2022,John Smith,Consumer,EAST,Furniture,Tables,1263.91,3,0.3,-572.21
ORD-15965,13-09-2023,15-09-2023,Wei Chen,Home Office,East,Office Supplies,Storage,181.77,1,0,32.17
ORD-18295,27-07-2023,29-07-2023,John Young,Home Office,South,Furniture,Chairs,2573.22,3,0,-110.52
ORD-12207,09-07-2022,13-07-2022,James Young,Home Office,Central,Office Supplies,Paper,839.04,6,0,47.16
ORD-13046,13-12-2022,16-12-2022,Mohammed Davis,Consumer,West,Office Supplies,Storage,100.46,2,0.1,25.55
ORD-17747,15-06-2024,17-06-2024,Tom Rodriguez,Consumer,Central,Office Supplies,Labels,353.6,2,0.15,23.81
ORD-16059,11-06-2022,13-06-2022,Carlos Garcia,Consumer,Central,Furniture,Furnishings,1123.5,1,0,44.51
ORD-14717,03-07-2024,07-07-2024,Kevin Martinez,Consumer,South,Technology,Phones,1496.95,1,0.1,-287.06
ORD-15909,07-03-2022,10-03-2022,Priya Brown,Home Office,South,Technology,Copiers,1181.39,1,0.1,349.42
ORD-18105,22-12-2023,29-12-2023,Anna Patel,Corporate,Central,Office Supplies,Binders,217.25,2,0.3,13.43
ORD-18560,11-11-2024,13-11-2024,Priya Smith,Consumer,West,Technology,Accessories,375.98,1,0.1,72.52
ORD-10364,23-10-2023,24-10-2023,Kevin Clark,Corporate,West,Office Supplies,Binders,654.52,4,0,151.35
ORD-13980,27-06-2022,30-06-2022,Grace Wilson,Consumer,West,Furniture,Chairs,581.62,2,0.1,129.27
ORD-18179,26-05-2023,31-05-2023,Grace Lewis,Consumer,Central,Technology,Phones,1218.6,3,0,330.55
ORD-18858,21-09-2023,26-09-2023,Nina Johnson,Consumer,South,Technology,Phones,1814.84,1,0,88.78
ORD-11292,20-09-2022,22-09-2022,Wei Walker,Consumer,Central,Furniture,Chairs,1488.02,2,0.3,21.54
ORD-13975,02-04-2024,05-04-2024,Tom Smith,Consumer,South,Furniture,Bookcases,3195.56,4,0,-162.77
ORD-17250,11-09-2022,12-09-2022,,Consumer,South,Furniture,Tables,128.92,2,0,-12.01
ORD-19206,01-02-2022,06-02-2022,Maria Patel,Corporate,South,Technology,Machines,3769.06,2,0.2,1011.46
ORD-17679,23-04-2022,25-04-2022,Maria Khan,Consumer,West,Technology,Accessories,242.24,1,0,45.75
ORD-18223,17-01-2022,22-01-2022,James Smith,Consumer,CENTRAL,Technology,Phones,2203.68,4,0,341.82
ORD-18924,06-10-2023,08-10-2023,Wei Lewis,Corporate,West,Furniture,Chairs,3443.95,6,0.2,-560.04
ORD-10999,23-09-2023,27-09-2023,Kevin Brown,Home Office,West,Office Supplies,Labels,85.03,1,0.2,11.96
ORD-13172,17-12-2022,20-12-2022,Kevin Khan,Corporate,West,Office Supplies,Paper,165.74,1,0,39.55
ORD-11036,09-02-2023,11-02-2023,Tom Martinez,Consumer,West,Office Supplies,Paper,10.86,1,0.1,0.75
ORD-19046,01-12-2022,06-12-2022,Fatima Clark,Consumer,West,Technology,Machines,1919.39,3,0.15,302.98
ORD-15749,06-04-2023,10-04-2023,Maria Wilson,Consumer,East,Office Supplies,Storage,16.51,4,0.4,0.57
ORD-19365,10-12-2024,12-12-2024,Anna Wilson,Corporate,South,Office Supplies,Binders,103.12,1,0.1,14.18
ORD-12802,03-05-2022,08-05-2022,John Chen,Consumer,East,Furniture,Furnishings,3447.04,4,0,-862.41
ORD-15184,04-06-2023,09-06-2023,Priya Lewis,Consumer,West,Office Supplies,Storage,12.3,2,0.2,1.15
ORD-12694,21-02-2023,23-02-2023,Maria Khan,Corporate,West,Furniture,Chairs,1138.18,1,0,210.79
ORD-11336,13-11-2022,14-11-2022,David Chen,Consumer,West,Furniture,Chairs,1397.1,3,0,-257.08
ORD-10995,10-05-2023,11-05-2023,John Lee,Home Office,South,Office Supplies,Art,107.76,1,0.3,8.26
ORD-10220,10-03-2022,11-03-2022,Priya Brown,Consumer,Central,Technology,Copiers,65.41,2,0.4,15.87
ORD-12401,25-12-2022,26-12-2022,Wei Clark,Consumer,West,Furniture,Bookcases,567.3,2,0.2,90
ORD-19467,05-11-2024,07-11-2024,Priya Walker,Consumer,East,Office Supplies,Art,311.64,2,0.15,32.06
ORD-18825,19-02-2023,21-02-2023,John Khan,Consumer,East,Office Supplies,Envelopes,86.6,2,0,21.11
ORD-11044,15-11-2022,16-11-2022,Linda Lee,Corporate,Central,Furniture,Furnishings,1967.74,3,0.4,-251.17
ORD-13821,21-08-2024,22-08-2024,Mohammed Garcia,Consumer,West,Office Supplies,Art,665.98,5,0.15,85.73
ORD-10249,10-07-2023,11-07-2023,James Clark,Consumer,South,Office Supplies,Labels,103,2,0,20.93
ORD-12007,09-07-2024,10-07-2024,Mohammed Khan,Corporate,East,Furniture,Tables,3644.54,4,0.2,164.18
ORD-16261,18-03-2023,22-03-2023,Mohammed Walker,Home Office,West,Office Supplies,Labels,1207.8,5,0,252.72
ORD-19786,02-09-2022,03-09-2022,Sara Chen,Consumer,Central,Furniture,Tables,424.41,3,0,66.29
ORD-15288,24-10-2023,26-10-2023,Carlos Young,Consumer,East,Office Supplies,Binders,212.15,1,0.1,21.6
ORD-11886,10-09-2024,12-09-2024,John Chen,Consumer,West,Furniture,Chairs,901.08,1,0.1,147.88
ORD-18543,21-10-2023,26-10-2023,Sara Patel,Home Office,East,Office Supplies,Envelopes,452.88,6,0,60.76
ORD-14659,17-05-2023,20-05-2023,David Rodriguez,Consumer,Central,Office Supplies,Paper,797.98,5,0.15,94.59
ORD-18586,02-04-2024,07-04-2024,Nina Young,Home Office,West,Technology,Machines,2040.55,1,0,150.37
ORD-13466,23-05-2024,25-05-2024,Mohammed Chen,Corporate,East,Technology,Accessories,13076.52,6,0,748.66
ORD-12538,01-06-2024,02-06-2024,Grace Davis,Consumer,Central,Furniture,Bookcases,735.58,2,0,-62.8
ORD-17214,12-12-2022,13-12-2022,John Johnson,Consumer,West,Office Supplies,Paper,109.35,1,0.15,22.96
ORD-18621,02-10-2023,03-10-2023,John Lee,Consumer,Central,Technology,Copiers,694.18,1,0.2,-6.66
ORD-14481,07-12-2023,12-12-2023,Carlos Martinez,Corporate,West,Office Supplies,Storage,537.03,3,0.1,7.1
ORD-17492,11-03-2022,14-03-2022,Wei Patel,Home Office,West,Office Supplies,Binders,419.24,2,0.1,6.19
ORD-11301,24-11-2024,27-11-2024,Wei Walker,Consumer,East,Technology,Machines,1071.37,1,0.15,317.59
ORD-14618,08-11-2024,12-11-2024,Mohammed Davis,Consumer,South,Office Supplies,Art,273.69,3,0,76.09
ORD-10591,08-04-2022,11-04-2022,Tom Davis,Consumer,West,Furniture,Bookcases,1069.61,1,0,175.61
ORD-18741,18-06-2024,21-06-2024,David Garcia,Consumer,East,Office Supplies,Envelopes,327.58,2,0.2,81.02
ORD-18812,07-03-2022,09-03-2022,Priya Garcia,Corporate,East,Office Supplies,Binders,381.36,6,0.2,-3.21
ORD-12202,18-01-2023,21-01-2023,Kevin Walker,Consumer,East,Technology,Copiers,3187.7,2,0,986.17
ORD-12225,11-07-2024,13-07-2024,Mohammed Patel,Consumer,West,Technology,Phones,5200.17,5,0.15,-110.87
ORD-12259,21-10-2023,24-10-2023,Anna Davis,Consumer,South,Furniture,Tables,1087.77,1,0,-1.83
ORD-14478,01-04-2023,03-04-2023,Tom Rodriguez,Home Office,East,Technology,Phones,927.41,3,0.2,180.12
ORD-10518,23-12-2023,27-12-2023,Maria Young,Consumer,West,Office Supplies,Storage,135.69,1,0.15,13.15
ORD-17870,03-03-2024,06-03-2024,Linda Rodriguez,Home Office,South,Office Supplies,Labels,22.57,1,0.15,0.12
ORD-14669,21-03-2024,25-03-2024,Kevin Young,Consumer,East,Technology,Accessories,6657.19,4,0.1,1419.71
ORD-15684,08-03-2023,10-03-2023,John Khan,Consumer,East,Furniture,Bookcases,67.62,1,0,6.5
ORD-16753,18-07-2023,19-07-2023,Tom Patel,Consumer,South,Office Supplies,Labels,843.88,5,0.1,44.81
ORD-14691,12-12-2023,13-12-2023,Kevin Smith,Corporate,East,Office Supplies,Paper,230.9,2,0.1,-7.85
ORD-13104,03-12-2022,06-12-2022,Maria Patel,Home Office,Central,Office Supplies,Paper,247.42,1,0,107.95
ORD-14062,11-02-2023,13-02-2023,Grace Khan,Consumer,Central,Office Supplies,Binders,183.1,2,0.1,45.2
ORD-16603,13-01-2022,17-01-2022,John Johnson,Corporate,West,Furniture,Tables,90.61,1,0.15,-21.8
ORD-16622,27-05-2023,28-05-2023,Sara Lee,Consumer,East,Furniture,Tables,3387.53,4,0.1,-431.66
ORD-15982,23-07-2023,26-07-2023,Priya Walker,Consumer,East,Office Supplies,Labels,673.68,6,0.2,-13.99
ORD-13045,09-08-2022,16-08-2022,Wei Wilson,Consumer,West,Office Supplies,Labels,90.75,4,0.15,21.53
ORD-14672,12-11-2023,13-11-2023,Wei Wilson,Corporate,South,Office Supplies,Art,153.05,2,0.15,10.96
ORD-11650,05-12-2024,10-12-2024,,Consumer,Central,Office Supplies,Paper,49.74,1,0.4,5.28
ORD-19311,24-11-2023,26-11-2023,Wei Walker,Corporate,East,Office Supplies,Storage,1065.72,6,0,112.59
ORD-16163,22-12-2023,25-12-2023,Nina Patel,Consumer,West,Furniture,Bookcases,343.46,1,0.1,-28.77
ORD-16056,16-06-2023,21-06-2023,Fatima Brown,Corporate,West,Technology,Phones,1471.71,4,0.2,219.4
ORD-10254,22-01-2023,24-01-2023,James Wilson,Consumer,South,Technology,Accessories,1070.43,2,0.2,66.76
ORD-14647,27-05-2022,29-05-2022,Nina Davis,Home Office,West,Office Supplies,Labels,284.09,2,0.3,51.74
ORD-15731,27-07-2023,29-07-2023,Fatima Davis,Home Office,East,Technology,Copiers,1198.61,1,0.4,267.75
ORD-17096,26-09-2024,28-09-2024,Wei Lewis,Home Office,South,Furniture,Tables,209.84,1,0.15,-14.57
ORD-11274,03-02-2022,08-02-2022,Tom Martinez,Home Office,Central,Technology,Phones,3946.4,4,0.3,-168.76
ORD-11816,19-09-2024,21-09-2024,Sara Patel,Consumer,South,Furniture,Tables,243.34,2,0,21.86
ORD-14851,19-09-2023,23-09-2023,Tom Martinez,Home Office,West,Office Supplies,Art,39.5,1,0,10.98
ORD-16898,08-01-2023,09-01-2023,Linda Clark,Corporate,South,Technology,Accessories,4636.2,2,0,431.29
ORD-12634,08-12-2022,11-12-2022,Priya Patel,Corporate,Central,Furniture,Chairs,669.1,1,0,102.53
ORD-11327,02-12-2023,03-12-2023,Mohammed Khan,Home Office,South,Office Supplies,Envelopes,1279.02,6,0,160.96
ORD-14735,17-10-2024,21-10-2024,Tom Walker,Corporate,West,Furniture,Chairs,4889.41,5,0.15,-56.09
ORD-11053,12-05-2022,17-05-2022,Wei Khan,Corporate,East,Furniture,Tables,444.31,1,0.4,-89.92
ORD-10043,05-11-2024,09-11-2024,James Davis,Consumer,West,Furniture,Chairs,3441.48,3,0,242.77
ORD-10007,01-12-2023,03-12-2023,Tom Lee,Home Office,South,Technology,Accessories,3481.72,2,0.1,1062.01
ORD-10480,26-09-2024,27-09-2024,David Walker,Consumer,Central,Office Supplies,Labels,50.35,1,0.2,5.38
ORD-17906,12-04-2023,13-04-2023,Kevin Lee,Corporate,East,Technology,Accessories,2210.09,1,0,200.14
ORD-17200,01-03-2023,04-03-2023,Carlos Martinez,Home Office,East,Technology,Accessories,4445.33,3,0.1,836.47
ORD-15590,19-10-2024,22-10-2024,Nina Garcia,Consumer,West,Office Supplies,Storage,14.48,1,0,2.3
ORD-10471,04-04-2023,07-04-2023,Tom Lewis,Consumer,Central,Furniture,Chairs,1091.26,2,0,243.77
ORD-14517,22-12-2023,27-12-2023,John Walker,Home Office,Central,Office Supplies,Binders,74.48,4,0.1,18
ORD-18757,03-11-2022,10-11-2022,Kevin Martinez,Corporate,Central,Furniture,Chairs,1876.53,2,0.15,-32.47
ORD-19722,10-12-2023,12-12-2023,Nina Patel,Home Office,East,Technology,Copiers,6876.68,6,0.1,3445.85
ORD-12237,08-01-2024,10-01-2024,David Rodriguez,Consumer,west,Office Supplies,Labels,45.21,1,0.15,3.2
ORD-12322,22-12-2023,24-12-2023,Linda Walker,Consumer,East,Furniture,Bookcases,1343.06,3,0.15,79.02
ORD-18091,19-12-2023,21-12-2023,Anna Young,Consumer,East,Technology,Copiers,131.99,1,0.1,8.78
ORD-17643,04-04-2024,08-04-2024,David Khan,Corporate,East,Technology,Phones,3563.19,3,0.1,1531.98
ORD-18333,26-11-2022,29-11-2022,Anna Brown,Home Office,South,Office Supplies,Art,670.53,3,0,177.54
ORD-10654,02-08-2023,07-08-2023,Kevin Lewis,Consumer,South,Technology,Copiers,727.1,1,0.1,43.27
ORD-17049,05-06-2023,12-06-2023,John Wilson,Consumer, East ,Office Supplies,Storage,159.66,2,0.1,16.73
ORD-18269,06-01-2022,09-01-2022,Priya Patel,Home Office,West,Technology,Accessories,4763.8,3,0.1,872.89
ORD-18078,13-09-2022,15-09-2022,Nina Smith,Consumer,Central,Furniture,Tables,331.94,1,0.4,-76.78
ORD-10437,18-03-2022,20-03-2022,Wei Martinez,Home Office,South,Office Supplies,Labels,36.94,2,0,5.79
ORD-14404,09-07-2023,11-07-2023,Carlos Brown,Consumer,Central,Technology,Phones,2992.87,2,0.15,-500.52
ORD-10464,19-01-2022,21-01-2022,John Wilson,Corporate,Central,Office Supplies,Paper,110.88,2,0,28.64
ORD-13902,17-05-2022,18-05-2022,James Smith,Consumer,West,Technology,Accessories,1492.54,1,0,357.96
ORD-17949,25-06-2023,28-06-2023,Priya Lewis,Corporate,West,Office Supplies,Paper,663.36,4,0,115.61
ORD-17048,03-09-2023,07-09-2023,Linda Johnson,Corporate,South,Office Supplies,Paper,60.29,2,0.4,4.97
ORD-14563,20-04-2023,27-04-2023,Maria Lee,Corporate,East,Office Supplies,Binders,305.74,6,0.15,2.03
ORD-11691,21-04-2023,25-04-2023,Anna Lee,Corporate,West,Furniture,Chairs,1743.7,2,0,577.65
ORD-15129,01-11-2022,05-11-2022,Carlos Patel,Consumer,East,Office Supplies,Binders,239.44,2,0,19.59
ORD-10697,15-09-2023,17-09-2023,John Martinez,Consumer,West,Office Supplies,Art,544.62,3,0,183.89
ORD-12230,11-11-2023,16-11-2023,Mohammed Smith,Consumer,East,Furniture,Chairs,592.65,1,0.15,45.3
ORD-17579,24-05-2023,26-05-2023,Carlos Wilson,Home Office,East,Office Supplies,Labels,736.83,6,0.1,33.58
ORD-12720,24-06-2024,27-06-2024,David Davis,Home Office,Central,Technology,Copiers,1429.12,1,0,563.05
ORD-12695,11-06-2024,12-06-2024,Grace Walker,Consumer,west,Furniture,Tables,2201.84,2,0,298.08
ORD-10065,10-10-2022,14-10-2022,Grace Garcia,Consumer,West,Furniture,Tables,5060.34,5,0.1,509.26
ORD-11348,06-11-2024,07-11-2024,Tom Walker,Consumer,West,Office Supplies,Labels,409.7,2,0.1,13.61
ORD-12415,04-12-2022,09-12-2022,Mohammed Lee,Consumer,East,Furniture,Furnishings,726.45,1,0.2,-217.43
ORD-12480,05-12-2022,09-12-2022,David Johnson,Consumer,South,Technology,Machines,10182.15,5,0.1,-28.54
ORD-15528,23-12-2024,26-12-2024,Anna Walker,Home Office,CENTRAL,Office Supplies,Storage,8.75,2,0.2,2.23
ORD-12149,13-10-2022,14-10-2022,Carlos Davis,Corporate,West,Furniture,Bookcases,1855.24,2,0.1,-460.82
ORD-18542,05-04-2022,10-04-2022,Nina Lewis,Consumer,Central,Office Supplies,Envelopes,324.36,2,0,40.82
ORD-12096,07-12-2024,08-12-2024,Fatima Wilson,Corporate,South,Office Supplies,Art,94.82,1,0,21.27
ORD-16188,08-01-2022,10-01-2022,Wei Walker,Consumer,West,Technology,Accessories,1999.64,1,0.2,-169.04
ORD-16697,07-04-2022,11-04-2022,Fatima Rodriguez,Consumer,Central,Furniture,Chairs,479.06,1,0.2,-113.08
ORD-18384,04-11-2022,07-11-2022,James Johnson,Consumer,East,Furniture,Tables,239.4,5,0.1,-25.76
ORD-15091,12-11-2023,16-11-2023,Fatima Patel,Consumer,WEST,Office Supplies,Art,30.33,3,0,4.75
ORD-16467,15-05-2024,16-05-2024,Nina Clark,Home Office,East,Office Supplies,Labels,87.22,2,0,14.95
ORD-17600,26-09-2024,28-09-2024,David Garcia,Consumer,Central,Technology,Phones,1490.48,2,0.4,247.69
ORD-11810,12-11-2024,15-11-2024,Linda Patel,Corporate, Central ,Office Supplies,Envelopes,180.39,1,0.2,18.12
ORD-18345,26-12-2024,02-01-2025,Kevin Lee,Corporate,East,Office Supplies,Storage,79.5,2,0,20.34
ORD-18947,17-09-2023,20-09-2023,Sara Khan,Consumer,East,Office Supplies,Binders,199.64,1,0,23.58
ORD-17233,23-08-2024,26-08-2024,Kevin Rodriguez,Consumer,West,Technology,Copiers,1505.92,2,0.1,296.14
ORD-15876,04-12-2022,05-12-2022,Kevin Davis,Home Office,South,Office Supplies,Storage,48.62,4,0.15,8.04
ORD-17818,18-04-2022,21-04-2022,Priya Young,Consumer,West,Furniture,Furnishings,612.06,1,0.1,-248.61
ORD-18840,15-05-2022,17-05-2022,Anna Lewis,Consumer,East,Technology,Machines,79.74,2,0.1,-3.05
ORD-16205,17-01-2023,18-01-2023,Kevin Smith,Home Office,West,Technology,Copiers,517.5,2,0,82.01
ORD-17952,26-06-2022,30-06-2022,Nina Khan,Consumer,West,Office Supplies,Art,160.52,1,0,32.17
ORD-15650,08-08-2023,09-08-2023,Mohammed Young,Corporate,East,Furniture,Furnishings,1395.26,4,0.15,-74.82
ORD-12047,19-10-2024,22-10-2024,Sara Wilson,Consumer,East,Office Supplies,Storage,456.66,6,0,65.43
ORD-13852,15-12-2022,16-12-2022,Nina Khan,Consumer,east,Office Supplies,Envelopes,397.44,4,0.1,128.38
ORD-19426,08-07-2024,09-07-2024,Fatima Johnson,Consumer,Central,Furniture,Tables,2741.93,3,0.2,-222.62
ORD-14225,08-11-2022,10-11-2022,Fatima Chen,Consumer,Central,Office Supplies,Storage,116.96,1,0,10.74
ORD-19695,14-10-2024,17-10-2024,Grace Davis,Consumer,East,Furniture,Bookcases,239.58,2,0.5,-53.77
ORD-14136,21-06-2022,23-06-2022,Wei Garcia,Home Office,East,Office Supplies,Labels,477.71,3,0.1,13.36
ORD-10849,06-02-2022,09-02-2022,James Lewis,Consumer,Central,Technology,Machines,7779.62,5,0.3,-908.21
ORD-11821,04-12-2022,06-12-2022,Maria Johnson,Consumer,EAST,Technology,Machines,957.98,1,0,114.33
ORD-10712,03-12-2023,10-12-2023,Linda Lee,Home Office,East,Technology,Machines,4231.02,3,0,1237.12
ORD-13965,22-10-2023,23-10-2023,David Martinez,Consumer,Central,Technology,Phones,3040.42,4,0.2,358.27
ORD-10417,08-02-2024,10-02-2024,Nina Clark,Consumer,East,Office Supplies,Binders,110.14,1,0,21.25
ORD-17995,24-12-2024,28-12-2024,James Walker,Consumer,West,Furniture,Tables,345.88,5,0.2,23.77
ORD-13718,12-10-2022,14-10-2022,Priya Clark,Consumer,East,Technology,Phones,2129.03,1,0.1,274.73
ORD-18689,04-12-2023,05-12-2023,Tom Young,Home Office,Central,Office Supplies,Binders,288.45,3,0.4,-41.67
ORD-18562,23-11-2024,26-11-2024,James Young,Consumer,West,Office Supplies,Paper,209.7,5,0,34.27
ORD-18024,19-03-2024,23-03-2024,Mohammed Chen,Consumer,South,Office Supplies,Envelopes,159.41,2,0.2,13.21
ORD-12285,05-04-2022,09-04-2022,Grace Garcia,Corporate,West,Technology,Machines,504.82,3,0.1,50.43
ORD-18679,03-12-2024,07-12-2024,Anna Garcia,Home Office,West,Office Supplies,Binders,110.27,2,0.2,25.46
ORD-15294,21-06-2023,23-06-2023,Anna Davis,Consumer,south,Technology,Machines,918,5,0.1,69.74
ORD-12549,12-05-2023,13-05-2023,Sara Brown,Consumer,Central,Furniture,Furnishings,782.14,3,0.2,-125.22
ORD-14173,22-06-2024,24-06-2024,Maria Lee,Consumer,East,Office Supplies,Storage,149.66,1,0.3,6.41
ORD-14356,03-09-2024,06-09-2024,Priya Walker,Consumer,Central,Office Supplies,Binders,155.52,4,0.4,-20.59
ORD-11922,19-11-2024,26-11-2024,Sara Martinez,Corporate, Central ,Office Supplies,Storage,201.28,2,0,-3.59
ORD-18857,08-11-2023,09-11-2023,Linda Davis,Corporate,East,Furniture,Bookcases,768.62,1,0,200.69
ORD-19506,24-12-2023,25-12-2023,Priya Wilson,Corporate,West,Office Supplies,Binders,261.76,5,0.15,-29.55
ORD-15489,21-03-2023,25-03-2023,Priya Walker,Consumer,South,Office Supplies,Envelopes,1268.57,6,0.15,328.77
ORD-12570,19-11-2022,21-11-2022,Maria Clark,Consumer,South,Office Supplies,Art,87.22,1,0.2,20.11
ORD-13761,22-03-2023,24-03-2023,James Walker,Corporate,Central,Office Supplies,Storage,217.09,2,0.2,-6.32
ORD-18709,10-12-2023,14-12-2023,David Wilson,Home Office,Central,Technology,Accessories,3794.11,4,0.2,-29.51
ORD-19681,14-05-2022,17-05-2022,Maria Smith,Consumer,East,Furniture,Chairs,6419.41,6,0.1,-1959.69
ORD-12102,07-01-2023,10-01-2023,Sara Rodriguez,Home Office,West,Office Supplies,Labels,154.74,3,0.1,27.61
ORD-18900,18-03-2022,19-03-2022,Anna Young,Home Office,East,Furniture,Furnishings,620.04,1,0.1,-67.87
ORD-10998,16-09-2022,21-09-2022,Linda Chen,Corporate,Central,Office Supplies,Envelopes,19.9,1,0.15,1.83
ORD-14155,16-02-2022,21-02-2022,Priya Lee,Consumer,West,Furniture,Chairs,964.85,2,0.1,-98.82
ORD-19107,10-03-2024,12-03-2024,Priya Johnson,Corporate,South,Furniture,Furnishings,253.66,1,0.15,-5.13
ORD-12232,08-12-2023,11-12-2023,Grace Smith,Corporate,Central,Office Supplies,Paper,161.14,1,0,50.29
ORD-19326,22-01-2022,24-01-2022,Tom Lee,Consumer,Central,Technology,Machines,964.52,1,0,233.69
ORD-11481,21-11-2023,22-11-2023,Maria Wilson,Consumer,East,Technology,Copiers,760.2,1,0.1,-196.14
ORD-16040,09-11-2022,10-11-2022,David Lewis,Home Office,West,Technology,Phones,2834.82,2,0,155.21
ORD-10382,27-10-2024,28-10-2024,Wei Young,Consumer,East,Technology,Machines,1108.65,1,0.2,479.8
ORD-15432,10-04-2023,11-04-2023,,Corporate,West,Office Supplies,Storage,88.32,2,0.2,3.23
ORD-19498,24-12-2022,27-12-2022,James Wilson,Home Office,West,Technology,Copiers,2265.74,2,0,768.62
ORD-16301,22-09-2024,24-09-2024,Fatima Clark,Corporate,West,Office Supplies,Envelopes,198.01,2,0.5,-24.24
ORD-14931,27-07-2022,29-07-2022,Sara Clark,Consumer,East,Technology,Phones,5158.03,3,0.1,881.04
ORD-10029,03-12-2024,07-12-2024,Wei Brown,Consumer,Central,Office Supplies,Art,29.69,1,0,7.14
ORD-11823,21-10-2022,23-10-2022,Grace Johnson,Consumer,West,Office Supplies,Labels,246.91,2,0.15,12.44
ORD-16920,21-04-2022,23-04-2022,Carlos Wilson,Home Office,West,Office Supplies,Paper,799.12,4,0,292.69
ORD-13697,25-07-2024,27-07-2024,Priya Brown,Corporate,East,Office Supplies,Paper,74.55,3,0.5,-4.97
ORD-18297,23-02-2023,26-02-2023,Linda Lewis,Corporate,West,Technology,Machines,3910.69,2,0.2,-108.55
ORD-13684,04-10-2024,06-10-2024,Sara Smith,Consumer,South,Office Supplies,Binders,205.22,1,0.15,10.93
ORD-13344,06-05-2022,07-05-2022,Fatima Lee,Consumer,Central,Office Supplies,Labels,79.8,2,0.15,27.49
ORD-15968,12-12-2023,14-12-2023,Wei Clark,Home Office,East,Office Supplies,Paper,41.19,3,0,5.21
ORD-17993,20-12-2023,24-12-2023,James Smith,Consumer,West,Office Supplies,Storage,177.46,1,0.1,36.86
ORD-18557,21-05-2022,22-05-2022,Fatima Clark,Corporate,West,Office Supplies,Envelopes,404.24,4,0,131.15
ORD-18956,11-04-2023,15-04-2023,David Davis,Consumer,West,Technology,Accessories,1408.72,1,0.1,294.17
ORD-18669,21-06-2024,23-06-2024,Carlos Garcia,Consumer,Central,Office Supplies,Storage,1030.14,5,0.1,95.59
ORD-16511,27-12-2024,28-12-2024,Sara Walker,Corporate,South,Office Supplies,Art,183.3,1,0,77.66
ORD-13280,17-04-2023,18-04-2023,Sara Young,Consumer,South,Furniture,Chairs,4498.26,6,0,-352.63
ORD-16389,13-04-2023,15-04-2023,John Smith,Corporate,East,Technology,Accessories,8898.6,6,0,1880.09
ORD-12947,10-07-2023,13-07-2023,Carlos Lewis,Home Office,West,Furniture,Furnishings,1173.06,6,0,-167.1
ORD-13167,25-09-2022,02-10-2022,Linda Garcia,Home Office,West,Furniture,Furnishings,1293.25,6,0.1,136.48
ORD-17004,17-08-2024,18-08-2024,David Lee,Consumer,West,Office Supplies,Envelopes,10.61,1,0.1,2.55
ORD-12412,27-08-2023,30-08-2023,Grace Davis,Corporate,East,Technology,Phones,2392.87,1,0,745.81
ORD-16308,12-10-2024,14-10-2024,Maria Chen,Consumer,South,Technology,Accessories,4060.36,2,0,733.39
ORD-12245,03-03-2023,07-03-2023,Grace Patel,Consumer,East,Furniture,Bookcases,1836.97,2,0.1,427.95
ORD-17584,02-04-2022,03-04-2022,Sara Walker,Home Office,West,Office Supplies,Binders,24.27,1,0,7.62
ORD-14606,07-12-2022,08-12-2022,Priya Patel,Home Office,East,Office Supplies,Storage,184.24,2,0,19.33
ORD-10447,22-12-2024,29-12-2024,James Patel,Consumer,East,Office Supplies,Labels,138.48,1,0,38.36
ORD-15772,15-10-2022,18-10-2022,Sara Young,Consumer,Central,Office Supplies,Storage,79.42,1,0.15,4.98
ORD-15993,10-10-2022,14-10-2022,David Wilson,Corporate,West,Technology,Accessories,3307.8,3,0.2,-20.46
ORD-16964,06-09-2023,08-09-2023,Grace Chen,Home Office,West,Furniture,Bookcases,1742,5,0,-137.95
ORD-10014,07-04-2024,08-04-2024,Carlos Clark,Consumer,Central,Technology,Phones,5096.85,3,0,2348.87
ORD-14393,04-07-2022,06-07-2022,Wei Martinez,Corporate,West,Office Supplies,Labels,135.94,2,0.3,3.34
ORD-18425,04-02-2022,06-02-2022,,Consumer,Central,Office Supplies,Envelopes,163.02,2,0.3,6.51
ORD-15663,22-05-2024,25-05-2024,Anna Wilson,Consumer,East,Furniture,Chairs,2847.28,5,0.3,-478.25
ORD-15504,08-09-2023,12-09-2023,John Clark,Corporate,East,Office Supplies,Binders,20.77,1,0.1,2.91
ORD-13794,23-05-2024,24-05-2024,Wei Johnson,Consumer,East,Office Supplies,Storage,14.52,2,0,-0.81
ORD-16226,11-10-2024,12-10-2024,Mohammed Khan,Corporate,East,Office Supplies,Labels,144.31,4,0.3,-15.76
ORD-18170,02-10-2022,05-10-2022,David Clark,Consumer,East,Furniture,Chairs,1868.54,4,0.1,-204.54
ORD-19444,04-01-2023,06-01-2023,Tom Lewis,Corporate,South,Technology,Copiers,3185.85,3,0,562.07
ORD-12342,25-09-2024,27-09-2024,Grace Lee,Home Office,Central,Technology,Copiers,2124.62,2,0,263.88
ORD-10286,17-09-2022,19-09-2022,Priya Brown,Corporate,South,Office Supplies,Storage,15.97,1,0.1,2.87
ORD-13843,27-12-2022,31-12-2022,Sara Johnson,Consumer,Central,Office Supplies,Art,98.49,1,0.15,19.35
ORD-14218,10-03-2024,11-03-2024,Fatima Clark,Home Office,West,Furniture,Tables,1554.24,5,0.3,-362.5
ORD-12312,26-07-2023,27-07-2023,Wei Rodriguez,Consumer,South,Furniture,Furnishings,146.82,1,0.3,-30.9
ORD-15750,25-05-2024,27-05-2024,Anna Brown,Home Office,South,Technology,Phones,2496.4,2,0.1,691.46
ORD-17270,04-09-2022,06-09-2022,Maria Garcia,Home Office,East,Office Supplies,Labels,484.36,4,0.15,110.44
ORD-14019,12-09-2022,13-09-2022,David Lewis,Consumer,West,Technology,Accessories,4060,5,0,-250.84
ORD-12052,06-06-2023,10-06-2023,David Johnson,Home Office,West,Office Supplies,Art,788.4,4,0.1,64.89
ORD-19635,13-11-2024,14-11-2024,Anna Garcia,Corporate,South,Office Supplies,Envelopes,62.41,2,0.15,17.37
ORD-16660,18-12-2024,20-12-2024,Anna Johnson,Home Office,Central,Office Supplies,Paper,308.88,4,0,126.11
ORD-15004,01-05-2024,05-05-2024,Wei Young,Corporate,South,Furniture,Bookcases,174.42,2,0.15,-29.77
ORD-14446,13-02-2022,14-02-2022,Kevin Young,Consumer,West,Office Supplies,Art,118.93,1,0,30.18
ORD-19306,27-07-2022,31-07-2022,Grace Garcia,Consumer,East,Office Supplies,Paper,190.95,1,0.1,29.14
ORD-10165,06-11-2023,07-11-2023,Mohammed Brown,Consumer,West,Furniture,Tables,696.29,1,0,-94.77
ORD-18395,25-07-2022,30-07-2022,David Rodriguez,Consumer,Central,Furniture,Furnishings,919.54,3,0.2,-184.44
ORD-16391,26-03-2024,30-03-2024,Maria Garcia,Corporate,East,Office Supplies,Storage,9.64,1,0.1,0.48
ORD-11339,26-11-2022,29-11-2022,Nina Smith,Consumer,East,Office Supplies,Paper,741.28,4,0,264.81
ORD-17043,19-12-2023,22-12-2023,Wei Martinez,Corporate,Central,Technology,Phones,1275.7,2,0.15,257.53
ORD-11138,10-12-2024,15-12-2024,Fatima Khan,Corporate,Central,Technology,Machines,2262.64,1,0,643.75
ORD-16302,04-05-2022,08-05-2022,David Patel,Consumer,Central,Furniture,Chairs,880.36,1,0,-113.64
ORD-17753,25-08-2022,30-08-2022,David Davis,Consumer,East,Office Supplies,Labels,22.06,1,0.4,0.5
ORD-18860,17-08-2024,22-08-2024,David Garcia,Corporate,South,Furniture,Furnishings,683.92,1,0.15,-182.71
ORD-12188,04-08-2022,07-08-2022,John Johnson,Consumer,East,Technology,Accessories,1717.46,1,0.3,290.04
ORD-13973,12-10-2024,13-10-2024,Maria Khan,Consumer,Central,Office Supplies,Storage,246.78,1,0,44.08
ORD-15228,20-09-2024,23-09-2024,Maria Lee,Consumer,Central,Office Supplies,Envelopes,495.78,4,0.2,23.85
ORD-10299,05-09-2024,07-09-2024,Maria Rodriguez,Consumer,Central,Office Supplies,Paper,235.21,3,0.4,-20.41
ORD-19668,08-11-2022,10-11-2022,Linda Wilson,Consumer,South,Technology,Phones,1154.87,3,0.3,-62.04
ORD-16541,20-08-2023,21-08-2023,Linda Smith,Consumer,East,Office Supplies,Binders,22.09,1,0.1,8.6
ORD-11615,27-12-2023,28-12-2023,Priya Davis,Home Office,East,Office Supplies,Storage,653.8,5,0.1,-5.59
ORD-15327,12-09-2024,17-09-2024,Anna Rodriguez,Consumer,East,Office Supplies,Envelopes,205.77,2,0.5,-31.67
ORD-18816,10-11-2024,11-11-2024,Maria Johnson,Consumer,South,Office Supplies,Storage,133.97,3,0.1,24.01
ORD-15659,04-05-2024,05-05-2024,Carlos Davis,Consumer,East,Office Supplies,Binders,495.2,4,0,78.31
ORD-13081,11-07-2022,14-07-2022,John Rodriguez,Consumer,West,Technology,Accessories,344.48,1,0.3,97.07
ORD-13142,06-06-2023,07-06-2023,James Clark,Consumer,Central,Furniture,Tables,3193.56,6,0.4,-577.48
ORD-16066,12-06-2022,15-06-2022,Fatima Khan,Corporate,South,Office Supplies,Storage,329.7,3,0.3,-31.71
ORD-11427,16-11-2023,20-11-2023,Kevin Johnson,Corporate,Central,Office Supplies,Envelopes,82.85,1,0,12.32
ORD-15243,16-05-2022,17-05-2022,John Smith,Consumer,East,Office Supplies,Envelopes,47.82,1,0.5,-2.23
ORD-15624,01-02-2024,04-02-2024,Wei Garcia,Consumer,West,Technology,Machines,1674.01,1,0.1,220.79
ORD-14148,21-03-2022,25-03-2022,James Walker,Consumer,West,Technology,Copiers,225.28,2,0.15,16.69
ORD-10846,13-11-2024,16-11-2024,Maria Lewis,Home Office,East,Furniture,Tables,935.97,1,0.2,-5.88
ORD-13034,08-09-2024,10-09-2024,Carlos Lewis,Consumer,East,Technology,Copiers,8301.7,5,0,3471.89
ORD-19351,10-04-2023,11-04-2023,Mohammed Lewis,Consumer,West,Office Supplies,Paper,47.33,2,0.3,0.79
ORD-10031,24-07-2023,28-07-2023,Carlos Martinez,Consumer,South,Office Supplies,Envelopes,121.26,1,0.15,23.4
ORD-18576,12-10-2022,14-10-2022,Fatima Wilson,Consumer,East,Technology,Copiers,2260.66,1,0,897.03
ORD-10811,02-10-2024,05-10-2024,Priya Brown,Corporate,Central,Technology,Copiers,347.8,3,0.3,-89.78
ORD-18971,05-03-2023,08-03-2023,Linda Martinez,Consumer,West,Office Supplies,Art,39.19,4,0.4,-3.79
ORD-11484,15-11-2024,20-11-2024,Kevin Davis,Home Office,Central,Office Supplies,Envelopes,620.07,3,0,182.81
ORD-13459,08-12-2022,11-12-2022,Fatima Clark,Home Office,West,Office Supplies,Labels,128.72,4,0,34.97
ORD-15855,02-01-2024,05-01-2024,Anna Walker,Consumer,Central,Furniture,Bookcases,4211.73,5,0.1,-282.15
ORD-12144,10-06-2022,14-06-2022,Priya Young,Consumer,Central,Furniture,Tables,402.2,1,0,-58.49
ORD-19395,23-12-2022,28-12-2022,Anna Lee,Home Office,East,Office Supplies,Binders,197.09,1,0.2,2.12
ORD-16452,07-12-2023,08-12-2023,Tom Smith,Consumer,Central,Office Supplies,Storage,77.6,3,0.15,15.58
ORD-13191,21-07-2023,28-07-2023,Priya Rodriguez,Consumer,Central,Technology,Accessories,1119.7,1,0.1,69.12
ORD-18494,27-09-2022,30-09-2022,Linda Lee,Consumer,East,Furniture,Furnishings,2218.61,3,0.3,-185.12
ORD-17810,04-02-2024,09-02-2024,Nina Wilson,Corporate,South,Office Supplies,Storage,424.76,2,0.15,135.83
ORD-10330,07-05-2024,08-05-2024,John Khan,Home Office,Central,Technology,Copiers,6093.14,4,0.1,1171.51
ORD-13510,14-06-2024,15-06-2024,Sara Johnson,Corporate,Central,Technology,Machines,1397.88,3,0,-235.62
ORD-19566,15-02-2022,20-02-2022,Grace Lee,Consumer,West,Office Supplies,Storage,352.39,2,0.1,63.92
ORD-15611,24-10-2022,26-10-2022,Nina Walker,Consumer,East,Furniture,Bookcases,2371.39,4,0.4,-275.84
ORD-16874,26-10-2023,27-10-2023,Grace Wilson,Consumer,Central,Office Supplies,Paper,464.68,2,0,82.02
ORD-11198,01-12-2024,02-12-2024,David Rodriguez,Consumer,East,Furniture,Bookcases,3302.46,6,0.3,-552.03
ORD-15207,12-11-2022,15-11-2022,Carlos Johnson,Consumer,East,Office Supplies,Storage,325.16,4,0,2.15
ORD-14423,16-09-2023,17-09-2023,Carlos Chen,Corporate,West,Office Supplies,Binders,413.68,4,0,34.14
ORD-13951,15-07-2024,17-07-2024,Carlos Rodriguez,Corporate,Central,Office Supplies,Storage,73.6,2,0.4,5.58
ORD-11088,20-12-2023,21-12-2023,Anna Young,Consumer,West,Furniture,Furnishings,3591.8,5,0,-6.91
ORD-19104,16-12-2022,18-12-2022,Tom Martinez,Consumer,East,Office Supplies,Binders,638.02,4,0.2,3.33
ORD-12515,04-07-2023,05-07-2023,Sara Young,Corporate,West,Technology,Machines,174.44,1,0.3,30.89
ORD-18195,14-04-2023,16-04-2023,Tom Rodriguez,Consumer,East,Technology,Machines,472.35,3,0,124.72
ORD-13724,07-12-2023,10-12-2023,Priya Khan,Consumer,East,Office Supplies,Paper,221.25,2,0.2,34.77
ORD-14040,24-11-2023,28-11-2023,Maria Johnson,Home Office,East,Office Supplies,Storage,619.36,4,0,103.72
ORD-17923,19-01-2023,22-01-2023,David Khan,Consumer,East,Technology,Accessories,4285.53,3,0.3,265.16
ORD-12459,27-11-2024,04-12-2024,Grace Lee,Home Office,South,Office Supplies,Envelopes,626.64,6,0,83.04
ORD-10549,23-02-2024,28-02-2024,Mohammed Rodriguez,Consumer,Central,Office Supplies,Envelopes,115.91,1,0.3,-10.76
ORD-19103,13-01-2022,15-01-2022,James Chen,Consumer,West,Office Supplies,Art,740.08,4,0,274.22
ORD-15581,20-05-2024,25-05-2024,Sara Clark,Corporate,Central,Office Supplies,Envelopes,242.65,3,0.1,30.22
ORD-12300,08-01-2022,11-01-2022,Anna Chen,Consumer,West,Technology,Copiers,6778.44,3,0,1270.37
ORD-14360,03-03-2022,04-03-2022,Linda Clark,Consumer,West,Furniture,Bookcases,1881.9,3,0,-152.33
ORD-13095,09-07-2022,13-07-2022,Mohammed Davis,Home Office,West,Office Supplies,Paper,203.31,3,0.15,16.14
ORD-18389,24-12-2022,26-12-2022,Sara Lee,Consumer,West,Technology,Phones,3167.3,5,0,-329.84
ORD-18092,01-06-2024,04-06-2024,Wei Smith,Consumer,West,Furniture,Chairs,745.55,1,0,-71.32
ORD-10918,18-05-2022,20-05-2022,Tom Clark,Corporate,West,Technology,Phones,6634.92,5,0.3,-703.3
ORD-15160,14-12-2023,17-12-2023,Sara Walker,Corporate,Central,Office Supplies,Storage,40.4,1,0.2,-0.31
ORD-18784,02-11-2022,05-11-2022,Anna Martinez,Consumer, South ,Office Supplies,Binders,549.33,4,0.3,57.55
ORD-12601,03-10-2022,08-10-2022,Tom Smith,Corporate,East,Furniture,Furnishings,415.86,1,0.1,-57.29
ORD-13633,07-11-2023,11-11-2023,,Consumer,Central,Office Supplies,Labels,199.31,1,0.1,41.66
ORD-15097,01-03-2022,08-03-2022,Linda Khan,Consumer,South,Office Supplies,Storage,38.52,1,0.15,2.17
ORD-14630,22-11-2024,26-11-2024,Sara Rodriguez,Consumer,South,Furniture,Furnishings,104.58,1,0,-13.49
ORD-19667,15-02-2023,22-02-2023,Carlos Clark,Home Office,South,Furniture,Bookcases,628.1,1,0.2,-160.41
ORD-14170,17-12-2024,19-12-2024,Grace Wilson,Consumer,West,Technology,Phones,1691.91,3,0,737.64
ORD-11888,18-06-2023,19-06-2023,Kevin Chen,Consumer,South,Office Supplies,Art,121.44,1,0,24.7
ORD-18755,24-02-2024,28-02-2024,,Corporate,Central,Office Supplies,Art,25.56,1,0.15,0.6
ORD-15805,04-11-2024,11-11-2024,Kevin Lewis,Consumer,South,Technology,Machines,1328.98,1,0.2,109.62
ORD-14861,09-08-2024,14-08-2024,Sara Smith,Consumer, Central ,Furniture,Furnishings,1029.18,2,0,424.65
ORD-16120,14-04-2022,16-04-2022,Anna Martinez,Consumer,East,Furniture,Tables,408.68,1,0,-16.62
ORD-18213,23-03-2022,25-03-2022,Kevin Rodriguez,Consumer,Central,Furniture,Tables,1042.89,2,0.3,-509.94
ORD-11204,15-04-2022,16-04-2022,Kevin Brown,Home Office,West,Technology,Machines,5114.52,3,0,429.11
ORD-16524,26-12-2023,27-12-2023,Wei Walker,Consumer,East,Technology,Phones,1649.85,1,0,537.22
ORD-12673,25-07-2023,29-07-2023,Fatima Lewis,Home Office,East,Office Supplies,Labels,244.19,6,0.1,7.24
ORD-15625,05-10-2022,06-10-2022,James Smith,Consumer,Central,Office Supplies,Envelopes,235.89,1,0,59.87
ORD-17357,21-02-2024,25-02-2024,,Corporate,Central,Technology,Phones,880.33,1,0.5,0.13
ORD-16631,12-11-2022,19-11-2022,Wei Brown,Corporate,West,Office Supplies,Storage,14.49,1,0,4.91
ORD-13247,08-05-2024,09-05-2024,Tom Lee,Consumer,West,Office Supplies,Labels,35.87,4,0.15,9.76
ORD-19460,21-09-2022,23-09-2022,Tom Garcia,Home Office,South,Furniture,Tables,841.23,2,0.2,-25.15
ORD-14390,01-05-2023,03-05-2023,Anna Lee,Consumer,Central,Office Supplies,Art,654.64,6,0.1,129.85
ORD-16073,06-12-2024,07-12-2024,Sara Khan,Consumer,Central,Office Supplies,Storage,72.85,1,0.1,19.72
ORD-18407,09-08-2023,12-08-2023,Sara Walker,Consumer,Central,Furniture,Furnishings,3035.09,5,0.3,-296.64
ORD-10810,05-09-2022,06-09-2022,Linda Lee,Consumer,South,Office Supplies,Paper,358.98,2,0,78.02
ORD-16785,08-05-2022,12-05-2022,Wei Lewis,Home Office,West,Office Supplies,Binders,240.08,1,0,37.44
ORD-17659,01-03-2024,05-03-2024,Linda Clark,Consumer,East,Office Supplies,Envelopes,199.9,2,0.15,62.13
ORD-11368,23-09-2024,24-09-2024,Mohammed Garcia,Corporate,West,Office Supplies,Envelopes,474.08,2,0,101.5
ORD-11520,03-09-2024,04-09-2024,Fatima Lee,Consumer,Central,Furniture,Furnishings,2287.24,4,0,977.68
ORD-19544,20-09-2024,21-09-2024,Maria Lewis,Consumer,Central,Technology,Copiers,2564,3,0.1,156.87
ORD-11205,16-06-2023,17-06-2023,Tom Lee,Corporate,West,Office Supplies,Paper,186.61,1,0.15,44.61
ORD-17238,18-11-2023,20-11-2023,Carlos Chen,Home Office,South,Office Supplies,Binders,685.64,6,0.1,172.55
ORD-12332,18-08-2022,21-08-2022,Priya Young,Corporate,East,Technology,Accessories,1567.72,2,0,-26.38
ORD-14034,25-12-2022,28-12-2022,Carlos Brown,Consumer,East,Office Supplies,Art,112.22,1,0.1,19.32
ORD-13849,03-06-2022,07-06-2022,Wei Lee,Consumer,East,Furniture,Chairs,476.64,1,0,169.04
ORD-14226,26-02-2024,29-02-2024,Anna Brown,Home Office,Central,Office Supplies,Labels,418.16,3,0.4,41.66
ORD-10859,27-01-2023,03-02-2023,Anna Lee,Corporate,Central,Office Supplies,Storage,75.51,3,0,5.71
ORD-12033,08-03-2022,11-03-2022,James Patel,Consumer,CENTRAL,Technology,Accessories,7994.27,4,0.2,1283.94
ORD-11315,10-11-2023,11-11-2023,Tom Johnson,Corporate,Central,Technology,Accessories,2265.29,1,0,641.96
ORD-17122,27-08-2024,29-08-2024,John Chen,Home Office,east,Office Supplies,Binders,411.01,3,0.15,-10.84
ORD-14719,04-10-2023,05-10-2023,Mohammed Rodriguez,Consumer,Central,Office Supplies,Storage,80.12,1,0.4,-3.64
ORD-17638,09-09-2023,11-09-2023,Priya Young,Corporate,Central,Technology,Machines,4162.05,3,0,1543.28
ORD-14784,15-05-2022,16-05-2022,Maria Patel,Consumer,East,Office Supplies,Envelopes,67.73,1,0,7.5
ORD-10055,17-11-2024,19-11-2024,Fatima Lee,Home Office,Central,Office Supplies,Storage,116.04,1,0.2,1.07
ORD-11366,26-09-2022,29-09-2022,Priya Patel,Corporate,East,Office Supplies,Storage,384.73,2,0.15,117.13
ORD-17293,24-08-2022,27-08-2022,Sara Patel,Consumer,South,Technology,Phones,2178.88,1,0.1,578.39
ORD-13924,18-04-2023,20-04-2023,John Wilson,Corporate,Central,Technology,Machines,7668.4,4,0.1,1491.16
ORD-17504,22-10-2024,23-10-2024,Mohammed Rodriguez,Home Office,South,Office Supplies,Binders,362.64,2,0,69.68
ORD-12506,19-03-2023,21-03-2023,James Brown,Consumer,West,Technology,Copiers,6536.7,5,0.1,1028.82
ORD-17199,03-03-2023,07-03-2023,Priya Walker,Home Office,West,Furniture,Chairs,2911.96,5,0.2,-360.86
ORD-15875,01-08-2023,06-08-2023,Priya Lewis,Consumer,Central,Office Supplies,Labels,88.94,3,0.3,-6.83
ORD-17458,26-11-2023,01-12-2023,Priya Davis,Home Office,West,Technology,Accessories,2306.04,2,0.3,1034.26
ORD-11573,24-08-2024,28-08-2024,Priya Lee,Consumer,East,Office Supplies,Binders,442.2,3,0.3,-77.7
ORD-14888,23-10-2022,27-10-2022,Fatima Patel,Consumer,Central,Office Supplies,Storage,174.38,4,0.1,4.48
ORD-10308,23-12-2023,25-12-2023,,Consumer,East,Office Supplies,Paper,45.21,1,0.1,8.27
ORD-16507,20-05-2023,25-05-2023,Carlos Johnson,Corporate,West,Office Supplies,Envelopes,593.38,3,0.1,69.12
ORD-10579,17-10-2022,21-10-2022,Maria Young,Consumer,East,Technology,Phones,4188.2,2,0.1,758.04
ORD-11705,22-12-2023,23-12-2023,Nina Patel,Consumer,South,Technology,Machines,3486.9,5,0,-118.74
ORD-17276,15-06-2024,18-06-2024,Mohammed Young,Corporate,West,Furniture,Chairs,2787.91,3,0.1,48.59
ORD-16651,07-09-2023,11-09-2023,Carlos Smith,Consumer,West,Office Supplies,Envelopes,438.71,2,0.1,133.65
ORD-15107,14-09-2024,21-09-2024,John Rodriguez,Consumer,West,Furniture,Tables,877.88,1,0.2,189.77
ORD-18606,18-12-2024,20-12-2024,Anna Davis,Corporate,South,Furniture,Furnishings,516.02,2,0.1,-77.5
ORD-12994,05-10-2023,06-10-2023,Tom Patel,Consumer,Central,Furniture,Bookcases,177.72,1,0,-60.88
ORD-17178,08-06-2022,10-06-2022,Linda Lee,Corporate,Central,Office Supplies,Art,201.53,1,0.15,-4.25
ORD-15130,21-03-2022,24-03-2022,James Lewis,Consumer,West,Furniture,Bookcases,410.82,3,0,-7.5
ORD-15900,24-11-2024,29-11-2024,Carlos Wilson,Consumer,East,Technology,Phones,3329.98,2,0.1,687.9
ORD-10696,08-12-2022,10-12-2022,Fatima Smith,Home Office,Central,Office Supplies,Storage,928.68,6,0,291.76
ORD-16477,11-05-2023,15-05-2023,Wei Garcia,Consumer,East,Technology,Phones,1730.04,1,0.3,-5.23
ORD-16955,17-10-2024,18-10-2024,John Clark,Home Office,South,Technology,Copiers,2181.32,1,0.1,506.83
ORD-16332,22-11-2023,27-11-2023,Wei Khan,Consumer, West ,Office Supplies,Art,104.37,1,0,29.01
ORD-18427,26-06-2024,28-06-2024,John Davis,Corporate,Central,Technology,Copiers,2511,2,0,616.8
ORD-17063,02-10-2023,04-10-2023,,Consumer,West,Office Supplies,Labels,134.64,1,0.3,3.19
ORD-15803,07-05-2023,11-05-2023,Sara Smith,Home Office,Central,Furniture,Tables,782.64,1,0.2,69.12
ORD-10957,02-06-2022,03-06-2022,Grace Patel,Corporate,East,Office Supplies,Binders,98.72,4,0,17.64
ORD-15914,04-09-2024,05-09-2024,Carlos Clark,Corporate, East ,Technology,Phones,748.38,1,0,35.25
ORD-17006,22-01-2022,23-01-2022,James Lee,Corporate,East,Office Supplies,Labels,250.32,3,0.2,10.31
ORD-15269,17-09-2022,19-09-2022,Maria Khan,Consumer,Central,Technology,Phones,1702.53,2,0.1,347.9
ORD-16071,04-04-2023,08-04-2023,Nina Lee,Home Office,Central,Technology,Copiers,3928.65,3,0,826.17
ORD-10353,16-03-2023,19-03-2023,Grace Khan,Consumer,South,Office Supplies,Envelopes,304.02,2,0.2,-26.14
ORD-14827,15-09-2024,16-09-2024,Wei Lee,Home Office,Central,Technology,Phones,3027.52,3,0.5,-356.15
ORD-14798,09-09-2023,12-09-2023,Grace Wilson,Home Office,Central,Technology,Machines,342.68,1,0,41.76
ORD-19474,01-09-2022,02-09-2022,Kevin Martinez,Consumer,East,Technology,Machines,6636.5,5,0.15,1272.4
ORD-16758,23-05-2023,25-05-2023,James Khan,Consumer,West,Technology,Accessories,5234.56,4,0.2,707.31
ORD-18639,25-04-2024,28-04-2024,Mohammed Wilson,Consumer,West,Technology,Copiers,7126.75,5,0,1422.27
ORD-18554,03-08-2024,05-08-2024,Priya Martinez,Consumer,East,Furniture,Tables,1460.23,5,0.3,-197.07
ORD-17281,20-11-2023,22-11-2023,Grace Lewis,Consumer,West,Furniture,Furnishings,493.7,2,0.4,-202.57
ORD-13246,23-04-2022,30-04-2022,Carlos Patel,Consumer,West,Technology,Copiers,1350.84,3,0.2,419.9
ORD-10501,06-07-2023,08-07-2023,Fatima Brown,Home Office,Central,Technology,Accessories,636.52,4,0,131.94
ORD-19196,18-09-2022,20-09-2022,Linda Wilson,Home Office,West,Office Supplies,Binders,412.53,3,0,111.77
ORD-19528,22-07-2022,23-07-2022,Anna Martinez,Corporate,West,Office Supplies,Envelopes,143.73,1,0.1,32.36
ORD-11007,24-11-2023,27-11-2023,Priya Young,Corporate,South,Furniture,Bookcases,592.02,2,0,59.15
ORD-17152,18-08-2024,22-08-2024,David Clark,Corporate,East,Office Supplies,Paper,241.68,3,0,74.32
ORD-12171,13-11-2024,15-11-2024,Linda Lee,Corporate,west,Office Supplies,Binders,95.79,3,0,9.67
ORD-15383,20-07-2022,21-07-2022,John Lewis,Corporate,East,Technology,Machines,1767.17,4,0.4,-307.06
ORD-14464,24-02-2023,26-02-2023,Linda Walker,Consumer,East,Office Supplies,Labels,145.08,3,0.2,-5.96
ORD-19481,06-06-2023,07-06-2023,Tom Clark,Home Office,West,Office Supplies,Labels,208.5,2,0,45.48
ORD-11318,02-04-2022,03-04-2022,Priya Lewis,Consumer,South,Technology,Phones,11131.72,6,0.1,1676.19
ORD-14589,13-09-2022,16-09-2022,Sara Patel,Home Office,Central,Furniture,Furnishings,2037.22,2,0.1,-226.68
ORD-14429,10-12-2024,11-12-2024,Anna Lee,Home Office,Central,Office Supplies,Paper,292.19,2,0.1,61.92
ORD-11475,17-02-2022,19-02-2022,Maria Johnson,Corporate,West,Office Supplies,Envelopes,188.5,2,0.1,69.49
ORD-16932,04-11-2022,08-11-2022,Kevin Davis,Corporate,West,Furniture,Tables,4940.6,5,,1545.42
ORD-15317,09-09-2024,12-09-2024,James Lee,Consumer,West,Office Supplies,Storage,178.52,2,0.15,24.48
ORD-18038,05-11-2022,06-11-2022,James Wilson,Consumer,central,Office Supplies,Envelopes,847.18,4,0.15,51.56
ORD-18967,09-10-2023,13-10-2023,Priya Walker,Consumer,West,Office Supplies,Envelopes,337.88,3,0.4,-62.25
ORD-15831,15-06-2023,17-06-2023,Anna Davis,Home Office,Central,Office Supplies,Art,930.8,4,0,63.21
ORD-14163,15-12-2024,16-12-2024,Sara Chen,Corporate,East,Office Supplies,Storage,100.46,1,0.15,12.77
ORD-18095,08-10-2023,09-10-2023,Maria Johnson,Consumer,EAST,Furniture,Bookcases,768.03,1,0.2,99.38
ORD-11613,17-11-2023,19-11-2023,Mohammed Chen,Consumer,South,Office Supplies,Art,389.96,2,0,21.98
ORD-15268,16-04-2024,17-04-2024,Tom Khan,Consumer,West,Office Supplies,Storage,266.83,2,0.2,-8.85
ORD-10425,08-12-2022,11-12-2022,John Khan,Consumer,East,Office Supplies,Labels,71.05,1,0.1,9.2
ORD-17746,14-01-2022,15-01-2022,Tom Johnson,Home Office,East,Technology,Accessories,1976.89,1,0.1,448.27
ORD-18682,24-10-2022,25-10-2022,Wei Brown,Home Office,West,Furniture,Bookcases,3940.02,5,0.3,-509.22
ORD-18391,18-04-2023,19-04-2023,Anna Khan,Consumer,East,Furniture,Bookcases,2802.12,3,0.15,-101.5
ORD-18437,02-10-2023,04-10-2023,Mohammed Clark,Consumer,West,Technology,Machines,2927.31,3,0,910.48
ORD-10143,23-12-2023,25-12-2023,Kevin Garcia,Consumer,West,Office Supplies,Paper,146.06,1,0.15,14.36
ORD-13820,08-03-2024,11-03-2024,Carlos Chen,Corporate,South,Technology,Phones,1388.38,1,0.2,208.92
ORD-17724,06-02-2023,10-02-2023,Grace Walker,Consumer,East,Office Supplies,Labels,415.76,2,0.1,47.59
ORD-14345,15-10-2022,17-10-2022,Maria Johnson,Consumer,East,Office Supplies,Envelopes,589.25,3,0.15,1.49
ORD-14788,27-09-2024,28-09-2024,Wei Garcia,Corporate,West,Office Supplies,Binders,599.44,4,0,154.7
ORD-17661,27-12-2022,30-12-2022,James Clark,Home Office,West,Office Supplies,Art,370.36,2,0,39.47
ORD-19743,11-12-2024,15-12-2024,Linda Young,Consumer, West ,Technology,Phones,1921.08,3,0,353.12
ORD-14681,25-12-2023,29-12-2023,Fatima Clark,Consumer,West,Technology,Machines,5065.12,3,0.15,851.85
ORD-15369,06-09-2022,10-09-2022,James Walker,Corporate,West,Office Supplies,Paper,755.86,6,0.4,-60.07
ORD-12309,11-09-2023,15-09-2023,Wei Wilson,Consumer,West,Office Supplies,Art,110.95,1,0.2,27.55
ORD-12112,27-10-2024,01-11-2024,Sara Khan,Home Office,East,Office Supplies,Paper,920.92,6,0.1,-1.29
ORD-10834,12-09-2022,14-09-2022,Wei Garcia,Consumer,West,Office Supplies,Binders,410.9,4,0.1,-40.34
ORD-10593,13-12-2022,16-12-2022,Tom Lewis,Corporate,East,Office Supplies,Binders,26.81,1,0.1,2.96
ORD-17732,10-07-2022,11-07-2022,Nina Wilson,Corporate,West,Office Supplies,Art,147,5,0.2,2.48
ORD-15008,24-12-2023,26-12-2023,Kevin Johnson,Consumer,South,Office Supplies,Binders,87.27,1,0.1,16.13
ORD-12131,05-02-2023,08-02-2023,Fatima Brown,Corporate,West,Office Supplies,Art,68.04,3,0.1,14.99
ORD-10765,05-06-2024,07-06-2024,Kevin Wilson,Consumer,Central,Office Supplies,Labels,301.9,4,0.4,41.96
ORD-19095,05-12-2022,09-12-2022,David Young,Corporate,South,Technology,Accessories,2316.88,2,0,4.08
ORD-10146,18-05-2022,19-05-2022,Kevin Chen,Consumer,South,Office Supplies,Paper,199.32,2,0,41.38
ORD-10394,15-10-2023,19-10-2023,John Garcia,Corporate,East,Furniture,Furnishings,221.61,3,0,2.96
ORD-17701,08-10-2024,10-10-2024,Nina Patel,Consumer,Central,Furniture,Bookcases,414.31,1,0,-141.52
ORD-13808,02-10-2022,04-10-2022,Grace Rodriguez,Corporate,West,Office Supplies,Paper,394.98,4,0.2,64.48
ORD-18237,03-09-2023,06-09-2023,Kevin Young,Home Office,West,Office Supplies,Storage,397.94,2,0,50.73
ORD-17721,03-08-2023,05-08-2023,Priya Khan,Consumer,East,Office Supplies,Art,29.89,1,,0.93
ORD-13494,08-07-2022,10-07-2022,Kevin Wilson,Consumer,Central,Office Supplies,Art,156.78,2,0,40.46
ORD-12184,13-03-2023,15-03-2023,Tom Chen,Corporate,East,Office Supplies,Art,11.29,1,0,2.92
ORD-13336,05-12-2022,07-12-2022,Linda Johnson,Consumer,West,Technology,Copiers,5034.96,6,0.3,1227.11
ORD-12159,19-05-2023,20-05-2023,Maria Smith,Home Office,Central,Office Supplies,Paper,242.83,3,0.2,-4.73
ORD-16732,16-10-2022,18-10-2022,Anna Johnson,Consumer,East,Office Supplies,Paper,20.3,1,0.4,4.74
ORD-17485,27-09-2022,30-09-2022,Grace Davis,Home Office,Central,Office Supplies,Labels,242.95,1,0,28.45
ORD-15712,03-05-2024,08-05-2024,Nina Davis,Consumer,Central,Technology,Machines,238.34,4,0.2,9.09
ORD-13410,20-06-2023,21-06-2023,Nina Clark,Consumer,West,Technology,Copiers,759.64,1,0,-73.61
ORD-18874,07-11-2023,11-11-2023,Maria Martinez,Corporate,East,Technology,Machines,873.22,2,0.1,54.77
ORD-13497,03-06-2022,08-06-2022,Mohammed Garcia,Consumer,West,Office Supplies,Art,329.28,5,0.2,13.03
ORD-12071,13-03-2024,16-03-2024,Kevin Lee,Home Office,West,Furniture,Furnishings,2677.32,5,0.2,-191.41
ORD-11367,02-07-2024,05-07-2024,Fatima Walker,Consumer,West,Office Supplies,Art,158.62,1,0.2,14.89
ORD-12364,02-02-2022,03-02-2022,Priya Wilson,Corporate,East,Office Supplies,Binders,253.33,4,0.1,43.13
ORD-17709,13-07-2022,16-07-2022,James Davis,Consumer,East,Office Supplies,Art,978.73,6,0.3,-48.82
ORD-19708,05-10-2024,09-10-2024,Carlos Clark,Consumer,East,Office Supplies,Art,205.02,4,0.3,24.74
ORD-13512,20-03-2023,24-03-2023,John Chen,Corporate,East,Office Supplies,Binders,246.63,1,0,46.53
ORD-16364,19-10-2022,21-10-2022,John Wilson,Consumer,West,Furniture,Furnishings,950.86,2,0.15,-163.52
ORD-13501,13-11-2022,15-11-2022,Mohammed Khan,Consumer,Central,Technology,Copiers,1226.52,2,0,213.06
ORD-14574,06-01-2023,07-01-2023,Carlos Lewis,Consumer,West,Office Supplies,Envelopes,56.95,4,0.1,8.22
ORD-13141,17-04-2023,21-04-2023,Sara Smith,Consumer,West,Technology,Accessories,1207.76,1,0,526
ORD-16041,27-02-2023,01-03-2023,Priya Lewis,Consumer,Central,Office Supplies,Storage,83.3,2,0.2,18.64
ORD-11247,15-05-2024,18-05-2024,Tom Rodriguez,Consumer,West,Office Supplies,Art,72.91,1,0,15.29
ORD-10074,03-11-2023,06-11-2023,Mohammed Lewis,Corporate,East,Office Supplies,Envelopes,375.52,4,0,88.86
ORD-15860,26-06-2022,27-06-2022,James Lee,Home Office,West,Office Supplies,Paper,102.11,1,0,26.33
ORD-17334,08-12-2024,10-12-2024,Linda Smith,Consumer,South,Office Supplies,Labels,63.25,2,0.1,3.42
ORD-12396,19-01-2024,22-01-2024,Priya Lee,Consumer, East ,Office Supplies,Labels,129.87,1,0,42.59
ORD-18305,06-04-2022,08-04-2022,James Garcia,Consumer,West,Office Supplies,Labels,70.58,1,0.15,9.08
ORD-10986,21-10-2023,28-10-2023,Linda Chen,Consumer,West,Technology,Copiers,2881.62,3,0,488.93
ORD-18347,12-08-2023,14-08-2023,Priya Davis,Corporate,East,Office Supplies,Storage,60.79,3,0.15,4.81
ORD-14843,11-02-2023,13-02-2023,John Brown,Consumer,Central,Technology,Copiers,2920.14,2,0.15,780.32
ORD-15959,02-05-2023,05-05-2023,Grace Walker,Consumer,West,Office Supplies,Storage,6.8,1,0,1.26
ORD-18414,19-09-2024,22-09-2024,Nina Smith,Consumer,Central,Furniture,Furnishings,2547.3,3,0.15,-254.04
ORD-15598,13-11-2022,17-11-2022,John Chen,Home Office,CENTRAL,Furniture,Bookcases,885.42,2,0,216.62
ORD-15761,18-12-2023,25-12-2023,David Chen,Corporate,Central,Office Supplies,Art,97.4,3,0.4,-7.88
ORD-17699,23-05-2022,28-05-2022,Kevin Walker,Consumer,South,Office Supplies,Storage,75.28,4,0,23.08
ORD-14131,19-03-2023,20-03-2023,James Martinez,Consumer,Central,Furniture,Tables,923.06,2,0,55.04
ORD-11761,01-12-2022,06-12-2022,James Patel,Home Office,Central,Office Supplies,Storage,103.28,2,0.2,13.01
ORD-14263,17-08-2024,20-08-2024,David Johnson,Consumer,Central,Office Supplies,Paper,25.23,1,0.3,-4.31
ORD-14212,04-02-2024,07-02-2024,Linda Clark,Consumer,West,Office Supplies,Binders,639.76,5,0.2,-14.99
ORD-14043,06-04-2024,08-04-2024,Wei Martinez,Corporate,Central,Office Supplies,Paper,87.01,1,0.4,7.83
ORD-10530,27-01-2023,30-01-2023,Grace Davis,Consumer,East,Technology,Machines,1042.11,1,0.15,-190.82
ORD-19489,21-10-2023,23-10-2023,David Garcia,Corporate,Central,Office Supplies,Storage,47.26,3,0.2,10.81
ORD-15124,20-11-2023,23-11-2023,David Lee,Consumer,West,Office Supplies,Labels,139.2,2,0.3,-13.36
ORD-13954,04-11-2023,11-11-2023,Carlos Patel,Consumer,South,Office Supplies,Binders,86.14,2,0,11.7
ORD-17814,26-07-2023,02-08-2023,Tom Brown,Consumer,West,Technology,Copiers,1693.16,1,0.1,-2.54
ORD-15063,18-07-2022,20-07-2022,John Johnson,Consumer,East,Technology,Copiers,8855.96,4,0,1305.71
ORD-15720,25-05-2023,26-05-2023,Linda Patel,Consumer,Central,Technology,Accessories,676.52,1,0.3,-22.77
ORD-10223,04-06-2022,09-06-2022,Sara Davis,Home Office,Central,Office Supplies,Labels,376.24,2,0,89.53
ORD-17907,27-11-2024,28-11-2024,Tom Johnson,Home Office,West,Office Supplies,Art,233.8,2,0,70.15
ORD-19597,23-04-2024,24-04-2024,Carlos Wilson,Corporate,EAST,Office Supplies,Binders,138.14,2,0,22.68
ORD-11779,03-12-2024,06-12-2024,Wei Rodriguez,Corporate,East,Office Supplies,Art,128.19,1,0.2,4.24
ORD-11025,23-03-2023,28-03-2023,Nina Garcia,Corporate,East,Technology,Accessories,8419.96,4,0,-1045.49
ORD-16568,26-11-2023,28-11-2023,David Walker,Corporate,Central,Office Supplies,Binders,508.79,3,0.1,-2.07
ORD-13778,27-05-2024,31-05-2024,David Wilson,Home Office,East,Office Supplies,Labels,769.46,5,0.15,203.72
ORD-18273,10-09-2022,12-09-2022,Carlos Chen,Consumer,South,Office Supplies,Paper,136.66,1,0.1,9.38
ORD-18648,08-07-2024,09-07-2024,John Davis,Consumer,East,Office Supplies,Storage,218.94,2,0.15,50.19
ORD-12716,23-11-2023,26-11-2023,,Corporate,West,Furniture,Tables,439.02,6,0.1,25.37
ORD-16206,17-09-2022,19-09-2022,Linda Chen,Consumer,East,Office Supplies,Paper,664.36,5,0.2,89.3
ORD-18580,11-09-2023,12-09-2023,Nina Brown,Corporate,Central,Office Supplies,Storage,276.26,2,0.3,-22
ORD-16993,14-09-2022,15-09-2022,Anna Patel,Consumer,West,Technology,Phones,2438.08,4,0,335.06
ORD-13482,14-11-2023,16-11-2023,Anna Clark,Home Office,Central,Furniture,Bookcases,1076.84,3,0.15,38.36
ORD-14653,06-05-2024,10-05-2024,Grace Lee,Corporate,Central,Furniture,Tables,2390.24,3,0.15,452.85
ORD-13402,09-06-2023,13-06-2023,Anna Young,Home Office,Central,Technology,Machines,372.96,1,0,-26.24
ORD-16253,22-09-2024,23-09-2024,David Lewis,Consumer,Central,Technology,Copiers,850.33,2,0.4,-102.22
ORD-15725,02-08-2022,04-08-2022,Anna Wilson,Consumer,West,Technology,Phones,1628.34,1,0.2,306.04
ORD-16794,14-03-2024,17-03-2024,Fatima Garcia,Home Office,East,Office Supplies,Art,76.72,2,0.1,16.58
ORD-13869,02-04-2024,09-04-2024,James Davis,Consumer,West,Furniture,Tables,1871.79,3,0,-46.76
ORD-15741,22-08-2023,26-08-2023,Linda Lee,Consumer,Central,Office Supplies,Paper,415.02,3,0,61.34
ORD-15800,09-09-2024,11-09-2024,Maria Walker,Corporate,Central,Office Supplies,Envelopes,163.81,2,0.3,18.31
ORD-11378,22-07-2023,26-07-2023,Linda Johnson,Corporate,East,Office Supplies,Binders,293.06,2,0,49.36
ORD-17398,21-08-2022,28-08-2022,Wei Walker,Corporate,West,Furniture,Furnishings,545.66,1,0.15,-44.83
ORD-11551,19-03-2023,21-03-2023,Anna Johnson,Corporate,south,Furniture,Tables,93.94,1,0.2,-33.02
ORD-13136,08-01-2024,10-01-2024,Linda Chen,Home Office,West,Office Supplies,Envelopes,141.27,1,0.3,-9.12
ORD-18503,09-10-2024,12-10-2024,James Wilson,Consumer,Central,Furniture,Bookcases,2065.34,2,0,-139.91
ORD-11631,11-08-2023,13-08-2023,Priya Young,Consumer,East,Office Supplies,Storage,145.12,2,0.2,17.25
ORD-14260,07-12-2023,10-12-2023,Nina Walker,Home Office,West,Office Supplies,Storage,9.81,1,0.3,1.05
ORD-14453,22-03-2022,26-03-2022,John Khan,Corporate,South,Furniture,Furnishings,826.98,2,0.2,-156.36
ORD-16504,21-07-2024,25-07-2024,Mohammed Lewis,Home Office,East,Office Supplies,Binders,390.19,2,0.2,-85.92
ORD-13810,25-08-2024,26-08-2024,Sara Lee,Consumer,East,Office Supplies,Envelopes,45.72,2,0.3,-4.78
ORD-15466,25-05-2023,29-05-2023,Wei Martinez,Corporate,Central,Office Supplies,Paper,170.76,3,0,8.91
ORD-18948,01-01-2022,02-01-2022,David Brown,Consumer,East,Office Supplies,Paper,158.85,1,0.3,-9.32
ORD-15923,10-01-2024,17-01-2024,Priya Garcia,Home Office,West,Office Supplies,Storage,614.31,4,0.15,23.98
ORD-10128,18-11-2024,22-11-2024,Maria Smith,Corporate,South,Technology,Accessories,2670.58,2,0.15,450.41
ORD-11009,16-12-2022,18-12-2022,John Lee,Consumer,East,Technology,Accessories,6388.2,5,0,998.8
ORD-11290,06-08-2023,08-08-2023,Tom Young,Corporate,West,Furniture,Tables,1530.34,2,0,-17.39
ORD-15342,18-05-2024,21-05-2024,Carlos Walker,Home Office,East,Furniture,Chairs,1730.59,6,0.1,-95.61
ORD-10201,03-03-2024,04-03-2024,Sara Chen,Consumer,Central,Technology,Accessories,5621.17,3,0.15,1568.48
ORD-13695,11-06-2022,14-06-2022,Grace Walker,Consumer,East,Office Supplies,Binders,904.12,5,0.2,184.13
ORD-17440,07-07-2024,10-07-2024,Maria Lee,Corporate,East,Office Supplies,Art,172.21,1,0.3,5.49
ORD-19720,13-09-2024,15-09-2024,David Garcia,Home Office,East,Office Supplies,Storage,338.42,2,0.15,118.4
ORD-15517,19-09-2022,24-09-2022,James Patel,Consumer,East,Technology,Phones,844.51,2,0.2,45.28
ORD-15913,26-12-2022,30-12-2022,Mohammed Young,Corporate,East,Furniture,Tables,793.92,3,0.15,-28.17
ORD-10954,26-11-2023,28-11-2023,Maria Wilson,Home Office,South,Office Supplies,Storage,199.99,1,0.1,71.96
ORD-14020,17-06-2024,19-06-2024,Fatima Wilson,Corporate,West,Technology,Machines,41.37,1,0.15,4.88
ORD-12361,24-09-2024,01-10-2024,Linda Walker,Corporate,West,Office Supplies,Binders,161.18,2,0.15,22.88
ORD-18149,19-08-2024,20-08-2024,David Smith,Consumer,West,Office Supplies,Storage,19.8,1,0,7.5
ORD-14689,08-10-2022,10-10-2022,Linda Patel,Corporate,South,Office Supplies,Envelopes,148.89,2,0.15,29.58
ORD-18394,01-03-2024,02-03-2024,Tom Patel,Corporate,Central,Furniture,Furnishings,4282.42,5,0.1,-540.01
ORD-18021,05-04-2023,08-04-2023,Anna Brown,Home Office,Central,Technology,Machines,529.75,4,0.15,117.71
ORD-10982,25-12-2023,28-12-2023,Kevin Clark,Home Office,East,Office Supplies,Labels,596.16,4,0.15,-36.17
ORD-13696,05-03-2023,07-03-2023,Linda Rodriguez,Consumer,West,Technology,Machines,964.47,1,0.1,464.69
ORD-16142,16-12-2022,18-12-2022,,Consumer,East,Office Supplies,Storage,129.2,2,0,42.35
ORD-16076,08-05-2022,,James Johnson,Consumer,West,Office Supplies,Labels,113.36,1,0.1,1.79
ORD-12380,21-06-2024,26-06-2024,John Smith,Consumer,Central,Furniture,Tables,1526.26,3,0.1,130.11
ORD-12486,17-01-2024,18-01-2024,David Johnson,Consumer,West,Office Supplies,Art,128.44,2,0.15,9.4
ORD-16470,12-12-2024,14-12-2024,Fatima Khan,Consumer,East,Furniture,Chairs,2156.8,2,0,496.51
ORD-13206,23-09-2022,28-09-2022,Anna Rodriguez,Corporate,East,Technology,Machines,3099.42,3,0,501.33
ORD-15958,14-10-2024,17-10-2024,Mohammed Lewis,Consumer,West,Technology,Phones,939.9,2,0,135.31
ORD-13089,03-11-2022,07-11-2022,Mohammed Wilson,Consumer,Central,Furniture,Tables,2186.41,3,0.1,248.65
ORD-16166,19-09-2022,21-09-2022,Carlos Smith,Consumer,West,Office Supplies,Art,10.56,1,0.3,-1.32
ORD-11187,07-08-2023,08-08-2023,Maria Garcia,Consumer,East,Office Supplies,Storage,437.35,2,0.1,114.79
ORD-16425,10-11-2022,11-11-2022,John Lee,Corporate,West,Office Supplies,Labels,453.66,2,0,52.14
ORD-16438,13-12-2024,15-12-2024,Maria Lewis,Consumer,East,Office Supplies,Binders,177.28,1,0.1,53.13
ORD-14447,01-09-2022,02-09-2022,Tom Johnson,Consumer,Central,Office Supplies,Storage,12.38,3,0.2,1.84
ORD-17499,04-03-2022,07-03-2022,Priya Johnson,Consumer,East,Office Supplies,Storage,369.61,4,0.1,56.92
ORD-13919,01-09-2023,03-09-2023,Linda Davis,Home Office,Central,Office Supplies,Binders,154.35,2,0.1,23.95
ORD-11595,14-06-2023,18-06-2023,Mohammed Lee,Corporate,West,Office Supplies,Binders,85.6,1,0.3,7.28
ORD-14092,01-12-2022,03-12-2022,Priya Lewis,Corporate, South ,Office Supplies,Paper,870.72,4,0,159.28
ORD-18234,03-08-2024,07-08-2024,Kevin Khan,Home Office,South,Office Supplies,Labels,112.26,2,0,24.43
ORD-19790,02-06-2024,06-06-2024,Tom Johnson,Consumer,West,Technology,Phones,4929.04,2,0,981.41
ORD-16245,16-03-2023,19-03-2023,Mohammed Patel,Corporate,West,Furniture,Chairs,1048.32,1,0,-30.88
ORD-13347,23-04-2024,24-04-2024,David Rodriguez,Consumer,East,Office Supplies,Envelopes,146.63,2,0.1,11.14
ORD-19407,19-06-2022,24-06-2022,James Rodriguez,Corporate,Central,Office Supplies,Art,125.36,4,0,35.04
ORD-15168,15-06-2024,17-06-2024,James Rodriguez,Consumer,Central,Furniture,Tables,366.77,1,0.1,-56.78
ORD-11273,25-04-2022,29-04-2022,James Walker,Consumer,Central,Furniture,Chairs,56.29,1,0.3,-7.68
ORD-10574,14-12-2022,16-12-2022,Fatima Khan,Home Office,West,Furniture,Furnishings,138.59,1,0.4,-48.73
ORD-10144,21-04-2023,22-04-2023,Priya Johnson,Consumer,East,Office Supplies,Binders,194.95,2,0.3,7.27
ORD-16272,13-05-2022,15-05-2022,John Patel,Consumer,Central,Office Supplies,Labels,102.27,4,0.2,13.81
ORD-18061,10-07-2022,13-07-2022,Wei Chen,Consumer,West,Office Supplies,Paper,311.32,2,0,106.65
ORD-16143,16-06-2022,19-06-2022,Tom Smith,Consumer,Central,Office Supplies,Envelopes,592.1,5,0.5,-21.76
ORD-12620,25-10-2024,01-11-2024,Grace Young,Consumer,Central,Office Supplies,Art,279.89,2,0.3,-13.52
ORD-14914,06-04-2024,09-04-2024,Anna Rodriguez,Consumer,East,Office Supplies,Envelopes,210.15,2,0.15,30.76
ORD-15994,15-05-2024,16-05-2024,Anna Rodriguez,Home Office,West,Furniture,Tables,1640.62,2,0.15,132.54
ORD-19523,22-09-2024,23-09-2024,Linda Clark,Consumer,East,Technology,Copiers,352.41,3,0.15,47.99
ORD-14971,12-02-2023,13-02-2023,Kevin Brown,Home Office,Central,Furniture,Furnishings,701.3,2,0,-243.4
ORD-12770,20-02-2022,22-02-2022,Sara Khan,Corporate,East,Office Supplies,Envelopes,116.46,2,0.2,25.13
ORD-14889,25-10-2024,29-10-2024,Nina Clark,Consumer,Central,Office Supplies,Envelopes,808.4,4,0,139.53
ORD-17322,07-12-2022,08-12-2022,Wei Smith,Home Office,West,Office Supplies,Storage,534.58,4,0.15,-41.48
ORD-17505,10-06-2023,12-06-2023,James Garcia,Corporate,East,Technology,Accessories,1228.16,2,0.2,-243.43
ORD-10988,15-04-2022,,Sara Khan,Home Office,West,Technology,Machines,4641.8,4,0.1,679.26
ORD-19303,18-04-2024,19-04-2024,Sara Chen,Corporate,East,Furniture,Tables,3366.48,4,0.15,1057.87
ORD-14480,17-12-2023,22-12-2023,Kevin Johnson,Home Office,East,Technology,Machines,353.34,2,0.1,53.65
ORD-17977,12-03-2023,13-03-2023,James Martinez,Corporate,East,Office Supplies,Storage,39.37,3,0.1,7.52
ORD-13850,22-11-2023,26-11-2023,Wei Wilson,Corporate,East,Office Supplies,Binders,129.89,1,0,30.49
ORD-16222,07-10-2024,08-10-2024,Maria Khan,Consumer,East,Furniture,Bookcases,3643.36,4,0,-375.36
ORD-16684,09-09-2024,10-09-2024,Priya Patel,Home Office,West,Furniture,Furnishings,2150.68,2,0,-186.33
ORD-13565,26-04-2024,28-04-2024,Anna Clark,Consumer,South,Technology,Accessories,719.6,1,0,48.38
ORD-16503,04-12-2022,06-12-2022,Tom Lewis,Consumer,East,Office Supplies,Envelopes,19.94,4,0.1,5.43
ORD-13887,06-06-2024,09-06-2024,Priya Davis,Consumer, Central ,Office Supplies,Labels,225.92,6,0.3,26.21
ORD-13296,18-09-2023,21-09-2023,John Smith,Consumer,West,Technology,Copiers,272.41,1,0.15,18.93
ORD-14403,16-08-2022,19-08-2022,Linda Young,Consumer,West,Technology,Machines,8561.74,4,0.1,951.7
ORD-13461,08-02-2024,09-02-2024,Nina Garcia,Corporate,East,Office Supplies,Art,165.98,1,0,28.12
ORD-14909,08-10-2024,10-10-2024,Tom Davis,Corporate,East,Furniture,Bookcases,643.88,1,0,25.01
ORD-14137,05-05-2022,08-05-2022,Sara Patel,Consumer,East,Office Supplies,Labels,175.52,1,0,23.2
ORD-17956,09-12-2022,12-12-2022,Mohammed Walker,Home Office,West,Office Supplies,Binders,1123.26,6,0,325.1
ORD-18662,14-10-2023,18-10-2023,David Walker,Consumer,East,Office Supplies,Art,42.06,1,0,13.85
ORD-18028,13-10-2022,17-10-2022,,Consumer,West,Office Supplies,Storage,107.42,1,0.2,-11.16
ORD-14794,02-04-2023,03-04-2023,Maria Smith,Consumer,WEST,Office Supplies,Binders,379.48,5,0.15,112.51
ORD-10725,24-04-2024,01-05-2024,Anna Smith,Consumer,East,Technology,Machines,1906.63,2,0.1,538.57
ORD-16063,04-02-2023,06-02-2023,Grace Khan,Consumer,East,Technology,Machines,5368.96,4,0,26.91
ORD-12051,07-08-2023,14-08-2023,Carlos Garcia,Consumer,East,Office Supplies,Paper,427.81,2,0.1,105.18
ORD-15783,05-03-2022,06-03-2022,Sara Wilson,Corporate,West,Furniture,Tables,104.02,1,0.5,-21.52
ORD-14311,18-12-2022,19-12-2022,Maria Wilson,Consumer,Central,Office Supplies,Binders,206.62,1,0.1,13.32
ORD-12146,15-12-2022,16-12-2022,Fatima Johnson,Corporate,East,Furniture,Furnishings,4815.2,5,0,908.36
ORD-12696,25-12-2024,27-12-2024,Carlos Patel,Consumer,Central,Technology,Accessories,1119.85,1,0.1,107.75
ORD-12482,14-08-2023,16-08-2023,Grace Johnson,Home Office,East,Technology,Accessories,2025.86,1,0.15,273.97
ORD-11370,02-09-2023,06-09-2023,Maria Young,Corporate,West,Office Supplies,Paper,636.96,3,0.15,203.04
ORD-11566,08-11-2024,10-11-2024,Carlos Young,Corporate,East,Office Supplies,Binders,33.69,3,0,7.56
ORD-17416,17-06-2023,19-06-2023,Kevin Clark,Consumer,East,Office Supplies,Labels,468.36,4,0,98.79
ORD-15227,19-11-2022,23-11-2022,Mohammed Martinez,Consumer,Central,Technology,Copiers,836.28,3,0.4,35.14
ORD-11516,25-01-2024,28-01-2024,John Rodriguez,Corporate,West,Office Supplies,Binders,195.38,1,0.2,11.37
ORD-16844,08-12-2024,12-12-2024,Nina Khan,Corporate,West,Office Supplies,Paper,260.67,2,0.2,49.86
ORD-15862,19-12-2024,23-12-2024,Linda Garcia,Corporate,South,Technology,Phones,1789.2,2,0,107.76
ORD-13627,24-03-2022,27-03-2022,Anna Brown,Corporate,West,Technology,Accessories,1896.21,2,0.15,76.92
ORD-13308,10-12-2022,14-12-2022,Priya Garcia,Home Office,West,Technology,Phones,975.09,1,0.2,151.92
ORD-13731,06-10-2022,10-10-2022,,Corporate,South,Furniture,Furnishings,1990.46,4,0.15,-253.79
ORD-11037,21-05-2022,25-05-2022,Maria Johnson,Corporate,West,Technology,Phones,134.75,1,0.15,26.3
ORD-12437,22-12-2023,25-12-2023,Anna Garcia,Corporate,Central,Office Supplies,Paper,141.95,2,0.15,-1.09
ORD-12999,21-01-2024,22-01-2024,Wei Brown,Corporate,West,Technology,Copiers,299.79,2,0.1,50.03
ORD-11510,25-09-2022,26-09-2022,Wei Walker,Consumer,South,Office Supplies,Binders,33.03,2,0.15,4.03
ORD-10411,21-04-2023,22-04-2023,David Walker,Home Office,Central,Furniture,Furnishings,2404.39,3,0.2,-1250.9
ORD-19101,19-10-2024,22-10-2024,David Brown,Consumer,Central,Furniture,Furnishings,338.72,1,0.15,-3.96
ORD-17774,10-04-2023,12-04-2023,Kevin Wilson,Consumer,South,Furniture,Bookcases,362.7,1,0.1,47.78
ORD-13259,05-01-2023,07-01-2023,Tom Rodriguez,Consumer,West,Furniture,Furnishings,3498.34,6,0.1,-1011.03
ORD-15392,14-01-2023,19-01-2023,Nina Chen,Corporate,East,Office Supplies,Labels,86.65,2,0.15,11.83
ORD-11317,06-01-2022,08-01-2022,Mohammed Chen,Consumer,Central,Office Supplies,Binders,420.65,3,0.15,55.81
ORD-17571,23-08-2024,26-08-2024,Grace Davis,Consumer,Central,Furniture,Furnishings,234.23,1,0.2,84.64
ORD-13069,26-03-2024,31-03-2024,Linda Lewis,Home Office,East,Technology,Machines,1080.1,1,0,130.43
ORD-16645,05-09-2023,06-09-2023,John Davis,Consumer,South,Office Supplies,Paper,386.78,3,0.1,37.07
ORD-14671,10-11-2024,13-11-2024,Sara Chen,Corporate,East,Furniture,Bookcases,4286.1,5,0,516.25
ORD-17987,21-12-2023,26-12-2023,John Garcia,Consumer,East,Technology,Copiers,628.05,4,0.15,116.75
ORD-14854,18-01-2022,25-01-2022,Mohammed Johnson,Consumer,East,Technology,Machines,4583.25,5,0.1,576.56
ORD-14890,24-12-2023,31-12-2023,Anna Wilson,Consumer,East,Office Supplies,Labels,361.56,3,0.1,82.34
ORD-18217,17-10-2023,21-10-2023,Mohammed Khan,Consumer,South,Office Supplies,Art,57.75,1,0.3,14.23
ORD-13392,04-02-2024,09-02-2024,David Garcia,Corporate,West,Office Supplies,Art,531.86,4,0.15,37
ORD-15222,16-12-2023,17-12-2023,John Brown,Consumer,East,Office Supplies,Labels,105.3,4,0.1,15.62
ORD-17673,10-10-2024,13-10-2024,Priya Smith,Corporate,East,Technology,Accessories,1392.36,1,0.1,306.27
ORD-10505,19-11-2024,21-11-2024,Sara Chen,Consumer,West,Technology,Phones,1898.65,1,0,90.6
ORD-11560,24-06-2024,25-06-2024,Carlos Clark,Consumer,Central,Office Supplies,Labels,9.35,1,0.1,1.77
ORD-17538,20-08-2023,22-08-2023,Nina Khan,Consumer,West,Office Supplies,Art,116.77,1,0.3,16.14
ORD-16610,06-12-2022,10-12-2022,Maria Chen,Consumer,East,Office Supplies,Paper,121.04,2,0,40
ORD-17616,08-04-2022,12-04-2022,Mohammed Clark,Home Office,East,Office Supplies,Storage,158.34,1,0.1,42.89
ORD-16404,04-06-2024,06-06-2024,Mohammed Lee,Home Office,East,Furniture,Chairs,1857.89,3,0.2,-21.75
ORD-18687,17-01-2023,18-01-2023,Nina Khan,Corporate,Central,Office Supplies,Paper,423.72,3,0.3,-30.24
ORD-11120,16-07-2022,18-07-2022,Sara Smith,Consumer,West,Office Supplies,Art,276.23,2,0.15,-7.52
ORD-19630,13-12-2023,20-12-2023,Nina Khan,Consumer,west,Furniture,Bookcases,1193.48,3,0.1,-137.98
ORD-14682,21-07-2024,23-07-2024,Priya Walker,Consumer,East,Technology,Copiers,4132.67,2,0.15,-256.67
ORD-14707,16-05-2023,18-05-2023,Anna Clark,Home Office,South,Office Supplies,Art,23.88,3,0.2,4.2
ORD-17282,17-10-2024,19-10-2024,Fatima Garcia,Home Office,West,Office Supplies,Art,262.35,5,0,100.24
ORD-16569,01-10-2022,06-10-2022,Carlos Patel,Consumer,East,Office Supplies,Storage,255.46,2,0,74.92
ORD-13941,09-10-2023,14-10-2023,Sara Garcia,Corporate,Central,Technology,Machines,5141.34,3,0.1,-620.14
ORD-12737,08-06-2022,10-06-2022,Wei Walker,Consumer,West,Office Supplies,Envelopes,54.29,1,0,19
ORD-15631,13-03-2024,17-03-2024,David Young,Corporate,Central,Office Supplies,Paper,259.57,2,0.3,24.75
ORD-18540,25-05-2022,28-05-2022,Tom Davis,Home Office,West,Office Supplies,Envelopes,955.26,5,0.1,57.75
ORD-14981,19-12-2024,22-12-2024,Anna Clark,Consumer, Central ,Furniture,Furnishings,683.03,1,0.2,-25.88
ORD-19787,21-09-2022,25-09-2022,Priya Davis,Home Office,Central,Technology,Copiers,3424.86,3,0,139.42
ORD-14878,24-10-2022,28-10-2022,Wei Wilson,Consumer,West,Technology,Machines,4083.51,3,0.1,647.08
ORD-12517,12-11-2024,17-11-2024,Mohammed Brown,Corporate,East,Technology,Copiers,2005.57,2,0.2,84.21
ORD-17189,08-03-2023,09-03-2023,Maria Lewis,Consumer,East,Technology,Machines,10140.44,6,0.1,1079.92
ORD-12548,21-10-2022,25-10-2022,Priya Lee,Consumer,South,Furniture,Bookcases,705,4,0,-100.22
ORD-18738,12-12-2024,13-12-2024,Priya Walker,Consumer,Central,Office Supplies,Paper,146.78,4,0.2,20.27
ORD-16553,01-11-2022,02-11-2022,Linda Khan,Consumer,West,Technology,Copiers,636.59,1,0.2,30.17
ORD-10408,04-02-2024,08-02-2024,John Clark,Consumer,South,Office Supplies,Art,409.22,2,0.15,99.96
ORD-13391,14-06-2022,18-06-2022,Wei Lee,Consumer,East,Technology,Phones,3282.7,2,0,-22.59
ORD-18356,26-03-2022,27-03-2022,Linda Khan,Home Office,South,Office Supplies,Labels,382.76,2,0.15,69.84
ORD-12291,03-12-2022,04-12-2022,Fatima Johnson,Consumer,West,Technology,Phones,976.36,4,0.3,227.67
ORD-12336,15-12-2023,17-12-2023,Fatima Patel,Corporate,South,Furniture,Tables,85.93,1,0,-3.9
ORD-17822,11-12-2022,12-12-2022,Grace Lewis,Corporate,East,Office Supplies,Storage,186.21,1,0,21.37
ORD-16068,24-11-2022,27-11-2022,Linda Rodriguez,Consumer,West,Office Supplies,Labels,174.54,2,0.15,33.58
ORD-15818,12-01-2023,17-01-2023,Tom Lee,Consumer,East,Furniture,Tables,500.29,1,0.2,18.35
ORD-15281,22-11-2022,25-11-2022,James Lee,Corporate,East,Furniture,Tables,4738.04,4,0,-1737.29
ORD-13770,11-02-2024,12-02-2024,Nina Wilson,Home Office,West,Furniture,Furnishings,358.56,1,0.15,-24.52
ORD-17235,17-02-2024,18-02-2024,Tom Young,Consumer,Central,Technology,Phones,3418.73,2,0.15,358.36
ORD-15963,02-08-2024,04-08-2024,Carlos Smith,Consumer,West,Office Supplies,Paper,263.74,2,0.15,43.4
ORD-15850,26-03-2024,27-03-2024,Fatima Khan,Home Office,South,Office Supplies,Art,139.53,1,,-16.33
ORD-17470,12-09-2024,,Priya Garcia,Corporate,South,Technology,Copiers,4816.78,5,0.15,-64.92
ORD-15061,19-01-2023,22-01-2023,John Chen,Corporate,East,Technology,Copiers,770.15,1,0.1,-73.96
ORD-12860,16-11-2022,17-11-2022,David Brown,Consumer,Central,Technology,Copiers,3687,5,0,279.59
ORD-12363,20-10-2024,24-10-2024,Tom Garcia,Corporate,East,Office Supplies,Binders,120.44,1,0.15,17.82
ORD-14624,21-03-2023,25-03-2023,Anna Rodriguez,Home Office,Central,Office Supplies,Binders,229.47,1,0,53.91
ORD-17321,15-01-2024,19-01-2024,Sara Garcia,Corporate,West,Furniture,Furnishings,405.6,5,0,110.16
ORD-16064,01-07-2022,05-07-2022,Grace Davis,Home Office,East,Office Supplies,Storage,4.51,1,0.2,-0.12
ORD-14123,27-05-2023,29-05-2023,Nina Lewis,Corporate,Central,Office Supplies,Labels,702.6,5,0.4,38.1
ORD-10274,03-04-2022,05-04-2022,Mohammed Martinez,Home Office,Central,Office Supplies,Envelopes,69.34,2,0.2,1.06
ORD-17998,20-03-2022,23-03-2022,Sara Davis,Corporate,Central,Technology,Machines,1013.59,1,0.3,-354.76
ORD-16276,12-02-2022,15-02-2022,Mohammed Smith,Home Office,East,Furniture,Bookcases,1461.74,3,0.15,92.7
ORD-17813,17-04-2022,20-04-2022,John Walker,Consumer,South,Technology,Machines,2448.72,6,0,340.46
ORD-16398,11-04-2024,15-04-2024,Linda Lee,Home Office,West,Furniture,Furnishings,2330.14,3,0.3,-386.82
ORD-13382,12-12-2022,17-12-2022,Linda Khan,Consumer,Central,Technology,Accessories,761.76,2,0.2,-18.26
ORD-16733,02-12-2022,06-12-2022,Carlos Brown,Corporate,West,Office Supplies,Storage,67.42,1,0.1,19.56
ORD-19155,24-02-2023,25-02-2023,Carlos Rodriguez,Corporate,East,Furniture,Tables,2009.63,2,0.1,-538.79
ORD-13704,18-02-2022,20-02-2022,David Rodriguez,Consumer,Central,Office Supplies,Envelopes,378.16,5,0.15,56.73
ORD-10585,10-02-2024,14-02-2024,Nina Khan,Corporate,East,Office Supplies,Envelopes,396.85,2,0.1,43.09
ORD-10837,05-05-2024,12-05-2024,Anna Brown,Corporate,Central,Technology,Phones,9507.06,6,0,333.45
ORD-14806,02-09-2023,03-09-2023,Nina Walker,Home Office,East,Technology,Phones,1431.25,1,0.4,100.62
ORD-14399,16-09-2024,18-09-2024,Priya Lee,Consumer,East,Technology,Machines,7259.58,6,0,2449.94
ORD-12615,21-11-2024,22-11-2024,James Smith,Corporate,South,Furniture,Chairs,3510.84,6,0.5,-372.08
ORD-15346,07-02-2023,11-02-2023,Anna Johnson,Consumer,West,Office Supplies,Paper,56.17,1,0.3,9.05
ORD-17243,25-06-2023,27-06-2023,Anna Wilson,Consumer,West,Technology,Phones,4699.62,2,0,1600.34
ORD-11553,07-02-2023,09-02-2023,Fatima Lee,Consumer,Central,Technology,Copiers,466.9,1,0,6.52
ORD-10816,12-10-2022,13-10-2022,Wei Walker,Corporate,East,Office Supplies,Labels,171.14,5,0.1,40.13
ORD-10302,01-03-2024,04-03-2024,Kevin Young,Consumer,East,Office Supplies,Binders,79.3,2,0.3,-8.2
ORD-12619,20-08-2022,22-08-2022,Tom Garcia,Consumer,Central,Technology,Phones,386.67,1,0.5,-17.1
ORD-18141,23-09-2022,25-09-2022,Mohammed Martinez,Corporate,East,Office Supplies,Storage,133.25,1,0,14.22
ORD-12485,05-09-2022,07-09-2022,Anna Rodriguez,Corporate,West,Office Supplies,Envelopes,448.16,4,0,155.02
ORD-10566,15-11-2024,20-11-2024,James Khan,Consumer,East,Furniture,Tables,1454.87,2,0.1,87.8
ORD-11063,15-11-2022,16-11-2022,Linda Clark,Corporate,Central,Office Supplies,Storage,152.82,1,0,42.36
ORD-12819,14-11-2022,15-11-2022,John Young,Consumer,west,Office Supplies,Envelopes,337.07,2,0.1,57.5
ORD-10952,25-04-2023,27-04-2023,Sara Brown,Home Office,East,Office Supplies,Paper,141.11,1,0.2,33.45
ORD-10159,19-09-2023,21-09-2023,Wei Young,Consumer,East,Office Supplies,Envelopes,196.46,1,0.2,43.39
ORD-10923,08-01-2022,10-01-2022,Nina Lewis,Consumer,West,Technology,Accessories,462.3,1,0.15,112
ORD-17018,10-11-2024,15-11-2024,David Patel,Consumer,East,Technology,Accessories,3711.92,2,0.1,411.72
ORD-19341,11-03-2022,18-03-2022,Anna Davis,Home Office, South ,Office Supplies,Binders,646.31,4,0.1,87.28
ORD-19739,17-11-2024,18-11-2024,Wei Lewis,Consumer,East,Office Supplies,Storage,472.62,2,0,131.37
ORD-17899,01-02-2024,03-02-2024,John Davis,Corporate,East,Technology,Copiers,5156.73,3,0,983.75
ORD-11839,03-12-2022,05-12-2022,Carlos Lewis,Consumer,Central,Technology,Accessories,1933.36,1,0.15,500.07
ORD-12056,04-04-2024,05-04-2024,Wei Patel,Consumer,East,Technology,Phones,755.28,4,0,147.64
ORD-18681,11-03-2024,16-03-2024,Carlos Garcia,Consumer,Central,Office Supplies,Binders,293.18,2,0,21.6
ORD-13713,03-12-2022,04-12-2022,Fatima Brown,Consumer,West,Office Supplies,Art,482.92,3,0.3,38.02
ORD-14925,20-07-2022,27-07-2022,Tom Walker,Home Office,West,Office Supplies,Labels,545.41,4,0.2,-89.43
ORD-10385,13-12-2023,20-12-2023,Nina Rodriguez,Consumer,West,Office Supplies,Paper,92.06,2,0,13.54
ORD-12283,10-04-2023,13-04-2023,Wei Chen,Corporate,West,Office Supplies,Paper,365.39,3,0.1,28.43
ORD-11824,21-03-2024,24-03-2024,Sara Clark,Home Office,East,Office Supplies,Labels,411.57,2,,65.12
ORD-15484,07-05-2023,10-05-2023,Anna Walker,Consumer,South,Technology,Machines,386.63,2,0.5,1.43
ORD-14419,20-02-2024,21-02-2024,James Patel,Corporate,East,Office Supplies,Art,542.55,5,0,89.32
ORD-11588,18-05-2024,23-05-2024,Sara Lewis,Consumer,East,Office Supplies,Binders,53,1,0.1,8.44
ORD-12871,07-05-2022,09-05-2022,Anna Rodriguez,Corporate,Central,Office Supplies,Envelopes,14.26,1,0.1,0.27
ORD-13348,19-11-2023,20-11-2023,Sara Clark,Consumer,East,Furniture,Bookcases,701.73,1,0.15,-73.45
ORD-15400,23-10-2024,24-10-2024,Maria Young,Consumer,West,Technology,Machines,2211.52,4,0,161.75
ORD-14089,10-12-2023,14-12-2023,Wei Brown,Consumer,Central,Furniture,Bookcases,255.04,1,0.15,-0.92
ORD-15888,11-10-2023,15-10-2023,Linda Wilson,Consumer,South,Technology,Machines,5339.8,4,0.3,690.24
ORD-19665,14-11-2023,15-11-2023,Wei Clark,Corporate,South,Office Supplies,Storage,82.31,2,0.5,-5.44
ORD-11358,21-03-2022,23-03-2022,Fatima Lee,Consumer,East,Technology,Machines,3343.86,3,0,-126.16
ORD-13160,14-08-2023,17-08-2023,John Garcia,Home Office,East,Office Supplies,Paper,46.53,1,0,17.5
ORD-10963,21-01-2022,22-01-2022,James Brown,Consumer, East ,Furniture,Furnishings,147.5,2,0.2,-28.76
ORD-10352,04-01-2023,05-01-2023,Mohammed Wilson,Corporate,East,Office Supplies,Binders,29.16,1,0,7.21
ORD-18864,05-12-2022,09-12-2022,Maria Young,Home Office,West,Office Supplies,Art,618.58,3,0.15,72.16
ORD-16586,10-08-2022,11-08-2022,Carlos Lee,Corporate,East,Technology,Copiers,10982.6,5,0,862.05
ORD-18193,07-06-2023,10-06-2023,John Rodriguez,Home Office,West,Furniture,Bookcases,2023.58,4,0.15,-9.75
ORD-18887,26-02-2024,01-03-2024,Mohammed Lee,Consumer,Central,Office Supplies,Envelopes,315.2,4,0,17.18
ORD-10068,01-01-2023,03-01-2023,Tom Rodriguez,Corporate,West,Furniture,Chairs,3469.23,6,0.1,587.4
ORD-18595,08-08-2023,13-08-2023,Wei Walker,Consumer,Central,Office Supplies,Envelopes,485.21,3,0.15,24.41
ORD-18116,14-10-2023,19-10-2023,Carlos Davis,Corporate,Central,Office Supplies,Storage,306.14,3,0.2,38.3
ORD-17194,04-11-2022,09-11-2022,Sara Brown,Consumer,West,Office Supplies,Envelopes,124.79,1,0,22.85
ORD-11161,22-02-2023,24-02-2023,David Wilson,Corporate,East,Office Supplies,Envelopes,368.64,2,0,9.15
ORD-10218,13-04-2023,17-04-2023,Fatima Smith,Consumer,East,Technology,Copiers,1576.19,1,0.15,507.85
ORD-14273,26-04-2022,28-04-2022,James Clark,Consumer,East,Furniture,Bookcases,5188.48,6,0.1,1160.42
ORD-11200,25-05-2024,26-05-2024,Mohammed Johnson,Corporate,East,Technology,Copiers,2440.35,6,0.15,124.86
ORD-16072,26-11-2024,30-11-2024,Fatima Brown,Consumer,East,Office Supplies,Envelopes,11.26,1,0,2.55
ORD-12915,21-07-2024,23-07-2024,Sara Martinez,Corporate,West,Technology,Phones,4993.2,4,0.1,457.2
ORD-11756,23-11-2023,24-11-2023,Kevin Lee,Home Office,West,Office Supplies,Envelopes,234.73,1,0,62.35
ORD-13486,05-11-2022,06-11-2022,Grace Khan,Corporate,East,Technology,Copiers,2462.81,2,0.15,-40.09
ORD-16702,24-08-2022,26-08-2022,Sara Rodriguez,Consumer,Central,Office Supplies,Envelopes,246.87,2,0.1,71.24
ORD-12719,16-12-2022,20-12-2022,Fatima Brown,Consumer,West,Furniture,Furnishings,1853.32,2,0,232.08
ORD-12241,09-07-2023,12-07-2023,Priya Wilson,Consumer,South,Office Supplies,Paper,512.93,4,0.3,11.38
ORD-16024,27-12-2022,28-12-2022,Linda Chen,Consumer,West,Technology,Phones,1387.58,2,0.1,28.08
ORD-15593,04-12-2024,05-12-2024,Anna Davis,Corporate,East,Furniture,Bookcases,3011.79,5,0.4,96.13
ORD-13749,24-04-2024,26-04-2024,Priya Lee,Corporate,East,Furniture,Tables,2899.84,4,0,1339.63
ORD-19079,11-09-2022,13-09-2022,Linda Davis,Home Office,Central,Office Supplies,Envelopes,593.88,3,0,196.32
ORD-10538,07-12-2022,14-12-2022,Maria Martinez,Corporate,Central,Office Supplies,Paper,101.98,1,0.1,15.38
ORD-11330,16-10-2023,18-10-2023,Maria Davis,Consumer,West,Technology,Copiers,326.56,4,0.3,-55.09
ORD-12303,17-09-2023,21-09-2023,John Johnson,Corporate,West,Office Supplies,Storage,517.54,3,0.2,102.85
ORD-11612,08-12-2024,12-12-2024,Fatima Walker,Consumer,South,Technology,Phones,1206.27,1,0,306.23
ORD-11488,09-12-2022,12-12-2022,Maria Patel,Home Office,East,Office Supplies,Binders,100.53,1,0.2,19.53
ORD-11744,19-10-2024,22-10-2024,Nina Davis,Consumer,East,Office Supplies,Labels,48.65,1,0.15,2.42
ORD-19276,25-11-2024,28-11-2024,James Lewis,Consumer,West,Office Supplies,Art,111.42,1,0.15,19.3
ORD-19752,25-12-2023,27-12-2023,James Khan,Consumer,South,Technology,Accessories,2708.22,4,0.5,475.16
ORD-11393,10-12-2023,11-12-2023,Priya Garcia,Home Office,East,Technology,Phones,5779.7,3,,447.52
ORD-15405,12-01-2024,13-01-2024,David Lee,Consumer,Central,Office Supplies,Art,40.42,1,0.2,12.37
ORD-13645,05-08-2024,09-08-2024,Carlos Young,Home Office,West,Office Supplies,Storage,23.39,1,0.4,-3.04
ORD-15962,24-07-2024,31-07-2024,Grace Garcia,Consumer,West,Office Supplies,Labels,225.64,3,0.1,11.62
ORD-13800,21-01-2022,25-01-2022,Fatima Johnson,Consumer,West,Technology,Machines,950.43,1,0.1,245.31
ORD-19112,21-08-2023,25-08-2023,Fatima Smith,Consumer,West,Office Supplies,Envelopes,52.85,3,0.2,11.24
ORD-12812,09-11-2022,10-11-2022,Mohammed Martinez,Consumer,East,Office Supplies,Binders,336.19,2,0.15,48.08
ORD-12669,06-09-2024,07-09-2024,Mohammed Clark,Corporate,Central,Furniture,Chairs,2055.75,3,0.3,-172.99
ORD-19208,19-12-2024,20-12-2024,Linda Brown,Consumer,Central,Technology,Machines,99.38,2,0,5.64
ORD-17844,20-02-2023,23-02-2023,Maria Clark,Consumer,West,Office Supplies,Paper,905.96,4,0,194.16
ORD-15213,12-01-2023,15-01-2023,Priya Walker,Corporate,east,Technology,Phones,542.28,1,,-126.85
ORD-13248,09-06-2022,10-06-2022,Anna Lee,Consumer,East,Office Supplies,Storage,164.04,3,0,14.37
ORD-16863,27-02-2022,28-02-2022,John Rodriguez,Consumer,East,Furniture,Tables,1499.37,3,0,-368.06
ORD-10573,06-09-2023,09-09-2023,Maria Khan,Consumer,South,Furniture,Tables,4008.44,4,0,-751.77
ORD-17748,07-01-2022,12-01-2022,Sara Martinez,Consumer,Central,Office Supplies,Art,1082.46,6,0,179.96
ORD-15507,24-02-2024,26-02-2024,John Lee,Corporate,West,Office Supplies,Binders,63.4,1,0,8.88
ORD-11556,19-10-2023,21-10-2023,Kevin Brown,Corporate,West,Office Supplies,Storage,341.83,5,0.15,60.84
ORD-17265,16-03-2023,18-03-2023,Wei Lee,Corporate,West,Technology,Accessories,4957.8,3,0,496.07
ORD-12598,06-05-2024,11-05-2024,Grace Young,Consumer,East,Furniture,Chairs,2507.08,5,0.1,553.64
ORD-15167,09-06-2024,11-06-2024,Mohammed Davis,Consumer,South,Office Supplies,Storage,36.62,2,0.2,3.11
ORD-14157,19-10-2024,24-10-2024,Nina Johnson,Corporate,East,Office Supplies,Storage,121,6,0.4,2.87
ORD-12187,25-10-2022,30-10-2022,Nina Rodriguez,Home Office,West,Office Supplies,Binders,350.11,2,0.2,-11.87
ORD-14022,21-01-2022,23-01-2022,Maria Khan,Consumer,South,Technology,Copiers,492.08,4,0.1,-92.03
ORD-18453,01-09-2023,06-09-2023,Tom Davis,Consumer,East,Office Supplies,Labels,946.64,4,0,69.35
ORD-18474,09-08-2024,10-08-2024,Nina Young,Corporate,East,Technology,Copiers,4348.04,5,0.2,680.43
ORD-10258,09-12-2022,10-12-2022,Linda Johnson,Consumer,Central,Technology,Accessories,3190.48,2,0.1,640.48
ORD-12664,06-03-2022,09-03-2022,Sara Smith,Corporate,West,Office Supplies,Art,368.83,2,0.15,82.5
ORD-19009,01-09-2024,06-09-2024,Grace Young,Home Office,West,Furniture,Furnishings,1062.15,1,0.1,-35.15
ORD-13233,07-03-2023,11-03-2023,,Consumer,WEST,Office Supplies,Art,65.04,3,0.1,12.46
ORD-17014,25-06-2022,28-06-2022,Mohammed Clark,Consumer,Central,Technology,Phones,4444.72,2,0,681.3
ORD-18921,14-12-2022,17-12-2022,Mohammed Smith,Corporate,West,Office Supplies,Storage,888.36,6,0,248.81
ORD-15248,20-04-2023,22-04-2023,John Davis,Corporate,South,Technology,Machines,4327.48,4,0,685.83
ORD-15442,19-01-2024,22-01-2024,Mohammed Rodriguez,Corporate,West,Office Supplies,Storage,54.28,1,0,7.66
ORD-18247,07-07-2024,08-07-2024,David Clark,Consumer,West,Furniture,Furnishings,355.95,1,0.3,-19.67
ORD-13614,22-09-2022,26-09-2022,Wei Smith,Corporate,Central,Office Supplies,Binders,218.35,1,0.1,35.86
ORD-19573,01-01-2024,04-01-2024,Tom Martinez,Consumer,East,Office Supplies,Labels,501.14,3,0.3,49.71
ORD-12214,09-05-2024,14-05-2024,James Wilson,Corporate,West,Furniture,Chairs,2261.88,4,0,645.41
ORD-15457,22-11-2024,26-11-2024,Linda Patel,Home Office,Central,Technology,Accessories,6410.61,3,0,2169.01
ORD-12935,13-04-2023,18-04-2023,James Davis,Consumer,East,Technology,Machines,1028.24,1,0.15,121.13
ORD-10888,21-06-2024,24-06-2024,Wei Garcia,Consumer,Central,Office Supplies,Envelopes,230.26,2,0.3,34.43
ORD-12954,25-08-2024,26-08-2024,Linda Lewis,Home Office,East,Technology,Phones,11949.48,6,0,1670.27
ORD-11687,01-12-2023,02-12-2023,Grace Garcia,Consumer,West,Office Supplies,Paper,656.96,4,0,139.9
ORD-11819,25-02-2024,01-03-2024,Nina Young,Corporate,South,Office Supplies,Paper,432.22,5,0.1,115.05
ORD-13703,07-03-2023,09-03-2023,Carlos Brown,Consumer,Central,Technology,Accessories,835.19,3,0.1,-57.34
ORD-11972,09-09-2022,10-09-2022,Sara Davis,Consumer,West,Technology,Phones,3690.74,2,0.1,893.66
ORD-18113,05-06-2022,08-06-2022,John Garcia,Consumer,West,Office Supplies,Envelopes,553.92,3,0.2,105.33
ORD-18187,23-01-2022,25-01-2022,,Consumer,East,Office Supplies,Labels,226.43,1,0,33.73
ORD-15152,01-12-2023,06-12-2023,Priya Martinez,Consumer,Central,Office Supplies,Art,342.27,4,0.2,57.44
ORD-17871,21-05-2022,24-05-2022,Kevin Johnson,Consumer,East,Office Supplies,Labels,519.75,3,0.1,106.85
ORD-18939,11-12-2022,14-12-2022,Anna Clark,Consumer,West,Office Supplies,Labels,13.11,1,0.3,0.45
ORD-14713,22-09-2023,25-09-2023,Fatima Brown,Consumer,West,Furniture,Tables,3256.36,4,0,72.8
ORD-18315,03-03-2024,05-03-2024,Sara Khan,Home Office,East,Office Supplies,Storage,318.42,4,0.5,-28.31
ORD-19116,22-11-2022,25-11-2022,Linda Patel,Home Office,South,Technology,Machines,1347.32,4,0,649.17
ORD-19186,01-12-2023,03-12-2023,Fatima Davis,Home Office,West,Office Supplies,Labels,189.55,1,0,4.67
ORD-10980,21-08-2023,22-08-2023,Maria Clark,Consumer,Central,Furniture,Chairs,3424,4,0.15,-196.18
ORD-17832,04-10-2022,05-10-2022,James Wilson,Corporate,East,Technology,Machines,950.67,1,0.1,204.47
ORD-15503,01-02-2024,02-02-2024,Wei Johnson,Home Office,East,Furniture,Furnishings,3670.87,5,0.3,-1142.33
ORD-17261,06-12-2024,11-12-2024,Sara Chen,Home Office,Central,Office Supplies,Labels,48.88,2,0.2,6.88
ORD-17223,08-09-2022,11-09-2022,Carlos Johnson,Corporate,South,Office Supplies,Envelopes,217.6,1,0.1,-8.2
ORD-18367,09-05-2024,14-05-2024,James Patel,Consumer,West,Office Supplies,Labels,255,4,0,37.05
ORD-10581,17-03-2023,18-03-2023,James Lee,Home Office,East,Office Supplies,Labels,84.56,2,0.15,-2.44
ORD-15290,04-11-2023,09-11-2023,Mohammed Davis,Corporate,Central,Furniture,Furnishings,3382.11,3,0,-272.68
ORD-12876,13-08-2022,16-08-2022,Fatima Martinez,Consumer,East,Technology,Phones,542.9,2,0.2,29.25
ORD-17135,02-09-2024,07-09-2024,David Patel,Home Office,West,Office Supplies,Labels,778.72,4,0,215.32
ORD-19065,12-02-2023,16-02-2023,Maria Chen,Corporate,East,Technology,Copiers,3014.28,4,0.1,-153.63
ORD-15975,20-11-2023,24-11-2023,Linda Garcia,Home Office,EAST,Furniture,Chairs,2841.41,4,0.3,209.47
ORD-11861,14-12-2022,16-12-2022,Wei Davis,Corporate,Central,Office Supplies,Binders,63.91,1,0,25.63
ORD-15446,09-09-2022,10-09-2022,Grace Lewis,Consumer,East,Office Supplies,Art,144.64,4,0,26.32
ORD-13575,08-09-2024,09-09-2024,Sara Chen,Corporate,Central,Office Supplies,Envelopes,197.54,1,0.1,45.22
ORD-19594,19-12-2024,20-12-2024,Carlos Martinez,Consumer,East,Technology,Machines,3020.34,2,0,581.13
ORD-14505,18-01-2022,20-01-2022,Anna Young,Consumer,South,Office Supplies,Binders,248.96,3,0.15,25.35
ORD-14771,06-03-2024,10-03-2024,Mohammed Lewis,Consumer,Central,Technology,Phones,1865.83,1,0.15,122.7
ORD-10297,20-06-2024,23-06-2024,Sara Johnson,Consumer,East,Technology,Accessories,3785.88,3,0.15,-139.07
ORD-10925,26-09-2023,27-09-2023,Mohammed Johnson,Consumer,West,Office Supplies,Storage,126.63,1,0.15,27.51
ORD-11590,07-10-2023,11-10-2023,Tom Davis,Consumer,West,Office Supplies,Envelopes,509.42,3,0.2,20.01
ORD-17765,26-02-2022,27-02-2022,James Khan,Consumer,Central,Furniture,Chairs,827.4,1,0.3,-120
ORD-17490,21-05-2024,23-05-2024,Maria Davis,Consumer,East,Furniture,Chairs,270.21,1,0.2,-17.5
ORD-11307,24-12-2024,26-12-2024,Nina Johnson,Home Office,East,Office Supplies,Paper,125.08,1,0,38.68
ORD-17037,21-11-2023,22-11-2023,Nina Walker,Consumer,East,Technology,Accessories,8205.42,6,0,3181.82
ORD-14767,03-07-2024,04-07-2024,Anna Smith,Consumer,West,Office Supplies,Envelopes,16.76,2,0.1,0.6
ORD-11672,01-05-2024,08-05-2024,James Garcia,Consumer,West,Office Supplies,Envelopes,107.53,1,0.1,2.62
ORD-12229,02-08-2023,05-08-2023,Mohammed Clark,Consumer,Central,Office Supplies,Binders,100.64,2,0.15,1.65
ORD-19348,17-08-2022,22-08-2022,Grace Garcia,Home Office,East,Furniture,Bookcases,1303.8,2,0,554.35
ORD-10293,15-11-2022,16-11-2022,Nina Martinez,Corporate,East,Technology,Copiers,852.77,1,0.1,-158.54
ORD-16345,23-11-2023,25-11-2023,David Wilson,Consumer,South,Office Supplies,Envelopes,50.81,1,0,12
ORD-14222,07-05-2023,08-05-2023,Priya Garcia,Home Office,central,Office Supplies,Art,514.27,3,0.2,22.56
ORD-12579,01-01-2023,02-01-2023,Fatima Lee,Home Office,West,Office Supplies,Envelopes,15.43,1,0.15,1.66
ORD-17575,22-08-2022,24-08-2022,Sara Rodriguez,Consumer,South,Furniture,Furnishings,424.55,3,0.15,-63.04
ORD-16343,25-09-2022,26-09-2022,Priya Chen,Home Office,West,Furniture,Chairs,153.48,3,0.15,34.93
ORD-18314,25-09-2023,,Tom Rodriguez,Consumer,Central,Office Supplies,Art,25.42,1,0.15,0.66
ORD-10692,03-12-2024,05-12-2024,Sara Walker,Consumer,East,Technology,Copiers,1187.97,3,0.1,544.12
ORD-10686,26-09-2023,30-09-2023,Priya Martinez,Consumer,West,Office Supplies,Labels,176.44,1,0.2,26.83
ORD-10817,24-04-2023,26-04-2023,Sara Johnson,Corporate,Central,Office Supplies,Art,782.5,4,0.2,87.67
ORD-10216,25-10-2022,27-10-2022,Nina Johnson,Corporate,East,Office Supplies,Paper,55.22,2,0.1,8.43
ORD-17934,15-06-2022,16-06-2022,Grace Young,Consumer,East,Office Supplies,Envelopes,347.74,2,0,60.16
ORD-13889,25-07-2024,26-07-2024,Wei Patel,Consumer,South,Office Supplies,Storage,78.37,4,0.15,7.33
ORD-10322,01-07-2023,03-07-2023,David Brown,Consumer,Central,Technology,Accessories,2244.72,1,0.1,-326.42
ORD-16104,12-11-2024,14-11-2024,John Brown,Corporate,East,Furniture,Tables,1567.65,2,0.3,-33.74
ORD-10478,12-01-2023,16-01-2023,Carlos Walker,Consumer,East,Office Supplies,Paper,535.8,3,0,190.96
ORD-15378,27-04-2022,30-04-2022,Anna Young,Home Office,Central,Technology,Phones,1083.03,1,0,-147.82
ORD-15700,20-06-2023,21-06-2023,Carlos Patel,Consumer,East,Technology,Accessories,4131.94,2,0,1808.82
ORD-11889,27-05-2023,31-05-2023,David Clark,Consumer,East,Technology,Phones,1743.44,1,0.15,59.95
ORD-15762,18-12-2023,21-12-2023,Grace Clark,Consumer,West,Office Supplies,Envelopes,165.55,1,0,43.35
ORD-10812,16-08-2024,20-08-2024,Wei Clark,Corporate,East,Office Supplies,Art,75.38,3,0.15,9.36
ORD-17433,09-09-2022,14-09-2022,Nina Patel,Consumer,West,Furniture,Bookcases,2386.5,5,0.15,-238.01
ORD-14346,03-07-2023,07-07-2023,John Garcia,Consumer,West,Office Supplies,Storage,727.09,5,0.15,63.5
ORD-16221,01-04-2022,06-04-2022,Carlos Brown,Corporate,East,Technology,Machines,1307.84,3,0.3,-292.91
ORD-13056,05-11-2024,06-11-2024,Anna Martinez,Consumer,East,Furniture,Bookcases,574.68,1,0.1,19.74
ORD-12375,10-09-2022,11-09-2022,James Walker,Home Office,Central,Furniture,Furnishings,322.6,1,0.1,5.13
ORD-14069,05-10-2022,07-10-2022,Maria Patel,Consumer,Central,Technology,Copiers,2053.24,2,0.5,-447.41
ORD-12032,15-12-2024,16-12-2024,Linda Walker,Consumer,East,Technology,Machines,4591.11,3,0,929.73
ORD-10967,14-01-2022,18-01-2022,James Clark,Consumer,West,Technology,Accessories,1086.91,1,0.1,242.78
ORD-19244,07-10-2024,08-10-2024,Carlos Johnson,Consumer,South,Technology,Phones,4059.46,2,0,341.69
ORD-10972,08-12-2023,10-12-2023,David Rodriguez,Home Office,South,Technology,Accessories,3369.23,2,0.15,-35.64
ORD-16331,17-07-2023,19-07-2023,Mohammed Davis,Corporate,East,Office Supplies,Storage,547.64,4,0,81.44
ORD-12704,06-10-2024,11-10-2024,Nina Khan,Consumer,West,Furniture,Furnishings,421.91,1,0,-43.29
ORD-16299,23-10-2022,28-10-2022,Linda Young,Home Office,Central,Office Supplies,Labels,66.1,1,0.2,6.66
ORD-17860,10-12-2023,12-12-2023,Wei Wilson,Consumer,Central,Furniture,Furnishings,1583.98,3,0.5,-667.55
ORD-13374,01-05-2023,06-05-2023,Grace Rodriguez,Consumer,East,Office Supplies,Envelopes,81.19,1,0.1,9.04
ORD-18955,01-03-2022,05-03-2022,Kevin Johnson,Corporate,South,Furniture,Chairs,56.07,1,0.1,-3.74
ORD-15601,06-06-2022,09-06-2022,Nina Lewis,Corporate,SOUTH,Office Supplies,Storage,102.9,6,0.3,15.81
ORD-12951,01-04-2022,03-04-2022,Linda Lewis,Corporate,Central,Technology,Phones,4236.45,5,0,1007.25
ORD-18701,07-10-2023,08-10-2023,Nina Patel,Home Office,East,Office Supplies,Art,95.47,2,0.3,0.39
ORD-10122,17-09-2022,19-09-2022,Fatima Clark,Corporate,East,Furniture,Tables,1372.34,2,0.1,-26.56
ORD-17216,24-11-2022,25-11-2022,Tom Martinez,Consumer,Central,Furniture,Bookcases,3152.3,4,0.3,151.18
ORD-19363,06-03-2024,08-03-2024,Anna Walker,Consumer,West,Office Supplies,Binders,1233.85,5,0,329.55
ORD-12100,11-11-2024,13-11-2024,Carlos Davis,Consumer,East,Office Supplies,Art,117.23,1,0.2,8.46
ORD-10869,08-01-2023,09-01-2023,Fatima Walker,Corporate,East,Technology,Accessories,2772.91,2,0.4,154.09
ORD-16790,13-12-2022,15-12-2022,Mohammed Lewis,Consumer,Central,Office Supplies,Binders,61.47,1,0.15,10.61
ORD-11998,24-07-2022,,Carlos Johnson,Consumer,East,Office Supplies,Binders,30.55,5,0,2.84
ORD-13590,21-05-2024,25-05-2024,Kevin Clark,Consumer,East,Office Supplies,Paper,223.4,4,0,42.91
ORD-11156,21-06-2024,22-06-2024,Linda Khan,Consumer,Central,Office Supplies,Art,169.72,2,0,27.12
ORD-13156,11-10-2023,15-10-2023,Mohammed Rodriguez,Home Office,West,Office Supplies,Binders,306.01,2,0.3,39.79
ORD-14428,26-08-2024,28-08-2024,Linda Wilson,Consumer,Central,Office Supplies,Envelopes,373.41,3,0,101.82
ORD-15688,16-04-2023,18-04-2023,John Johnson,Corporate,East,Office Supplies,Envelopes,129.87,3,0.1,27.82
ORD-16480,21-10-2023,25-10-2023,Grace Clark,Corporate,East,Office Supplies,Envelopes,72.61,1,0.2,2.98
ORD-11575,20-12-2023,22-12-2023,Carlos Wilson,Consumer,South,Technology,Machines,2221.59,3,0.1,650.48
ORD-19539,19-10-2023,20-10-2023,David Patel,Home Office,West,Furniture,Bookcases,391.87,1,0.15,-37.99
ORD-18253,16-07-2023,20-07-2023,Priya Clark,Corporate,West,Office Supplies,Labels,455.08,3,0.1,75.98
ORD-10472,20-03-2022,21-03-2022,Nina Patel,Corporate,West,Office Supplies,Paper,258.76,4,0,60.22
ORD-14997,05-11-2022,10-11-2022,David Brown,Consumer,East,Furniture,Chairs,1852.4,5,0.2,-41.24
ORD-13583,19-01-2022,20-01-2022,Priya Patel,Consumer,East,Furniture,Furnishings,1847.1,2,0,312.35
ORD-12932,23-10-2022,28-10-2022,Maria Brown,Corporate,East,Office Supplies,Storage,140.17,2,0.1,23.98
ORD-15425,09-11-2023,10-11-2023,Nina Chen,Consumer,Central,Technology,Copiers,516.11,2,0.2,134.58
ORD-18751,07-10-2024,10-10-2024,Wei Young,Corporate,East,Office Supplies,Envelopes,390.06,2,0.15,53.59
ORD-13388,10-10-2023,12-10-2023,Carlos Young,Corporate,West,Technology,Accessories,718.29,1,0,130.29
ORD-12180,23-05-2022,26-05-2022,John Davis,Home Office,West,Technology,Phones,680.62,1,0.2,-3.16
ORD-14743,19-01-2022,22-01-2022,Carlos Walker,Consumer,East,Technology,Phones,1588.08,1,0,492.68
ORD-19290,02-05-2024,04-05-2024,Tom Patel,Corporate,East,Office Supplies,Binders,221.13,3,0.5,-24.84
ORD-17125,27-11-2024,29-11-2024,Kevin Davis,Home Office,East,Technology,Machines,7684.16,4,0,902.25
ORD-15488,16-11-2024,19-11-2024,Tom Chen,Consumer,East,Office Supplies,Labels,439.22,2,0,69.99
ORD-11149,04-03-2023,05-03-2023,Mohammed Chen,Consumer,West,Office Supplies,Binders,308.13,3,0,124.69
ORD-11160,16-10-2022,18-10-2022,Anna Johnson,Consumer,West,Technology,Accessories,1475.32,1,0.15,-204.25
ORD-18000,25-02-2024,26-02-2024,John Brown,Home Office,West,Technology,Copiers,424.24,2,0.2,92.99
ORD-10256,08-04-2024,10-04-2024,Tom Rodriguez,Consumer,West,Office Supplies,Paper,67.33,1,0.3,1.79
ORD-10793,21-06-2023,22-06-2023,James Lewis,Corporate,Central,Office Supplies,Paper,371.02,2,0.15,21.08
ORD-14873,12-11-2024,16-11-2024,Carlos Martinez,Consumer,West,Furniture,Furnishings,3630.46,4,0.2,221.54
ORD-16197,20-11-2024,21-11-2024,David Patel,Home Office,South,Furniture,Tables,397.66,1,0.1,-95.7
ORD-13855,17-11-2022,19-11-2022,Linda Rodriguez,Home Office,East,Furniture,Chairs,249.18,1,0.2,-54.47
ORD-10557,26-12-2022,28-12-2022,Kevin Walker,Corporate,west,Furniture,Furnishings,435.45,1,0.2,-3.53
ORD-12899,24-05-2024,26-05-2024,Sara Young,Consumer,East,Office Supplies,Binders,323.79,2,0.2,19.53
ORD-13220,05-12-2022,06-12-2022,Carlos Clark,Corporate,West,Office Supplies,Envelopes,268.85,2,0.1,21.27
ORD-10261,27-05-2022,30-05-2022,Carlos Young,Consumer,West,Office Supplies,Art,875.2,4,0,303.51
ORD-13740,23-06-2023,25-06-2023,Anna Chen,Consumer,South,Technology,Copiers,83.4,3,0.2,25.21
ORD-16762,09-06-2023,10-06-2023,Sara Chen,Corporate,Central,Furniture,Chairs,3421.15,4,0.1,-124.32
ORD-18819,04-12-2024,06-12-2024,Mohammed Clark,Consumer,South,Office Supplies,Labels,113.56,1,0.1,0.82
ORD-17227,23-01-2022,24-01-2022,Tom Walker,Corporate,East,Technology,Copiers,1343.72,1,0.15,339.23
ORD-14305,25-09-2023,28-09-2023,Grace Khan,Consumer,West,Furniture,Tables,129.93,3,0.3,-49.76
ORD-14304,09-03-2023,10-03-2023,Kevin Johnson,Corporate,East,Office Supplies,Art,138.05,1,0.15,-14.58
ORD-15244,18-09-2024,19-09-2024,Anna Wilson,Home Office,East,Technology,Phones,1207.26,1,0,265.33
ORD-18800,06-11-2023,13-11-2023,Priya Young,Home Office,East,Office Supplies,Storage,159.11,1,0.1,7.97
ORD-16822,11-11-2022,12-11-2022,Maria Lewis,Consumer,West,Office Supplies,Labels,648.24,3,0.1,128.4
ORD-10209,19-01-2023,22-01-2023,Sara Rodriguez,Consumer,East,Office Supplies,Paper,128.7,2,0,38.41
ORD-13798,12-03-2023,14-03-2023,Tom Khan,Home Office,East,Furniture,Tables,2372.94,3,0,214.74
ORD-13539,25-06-2023,28-06-2023,Kevin Brown,Corporate,South,Office Supplies,Art,50.01,1,0.1,10.58
ORD-10153,13-08-2023,14-08-2023,Fatima Wilson,Corporate,East,Technology,Accessories,1236.33,1,0,-17.96
ORD-11147,05-11-2023,06-11-2023,James Rodriguez,Consumer,South,Technology,Machines,1683.5,1,0.15,78.59
ORD-11967,04-01-2024,05-01-2024,Tom Wilson,Consumer,East,Office Supplies,Envelopes,182.01,1,0,40.66
ORD-18153,26-02-2023,02-03-2023,Anna Brown,Home Office,Central,Office Supplies,Envelopes,220.46,1,0.1,13.39
ORD-12433,07-12-2022,10-12-2022,David Walker,Consumer,East,Technology,Copiers,272.37,2,0.5,-59.92
ORD-10597,13-10-2023,17-10-2023,Maria Patel,Corporate,West,Office Supplies,Envelopes,202.44,1,0,31.96
ORD-13137,06-07-2024,08-07-2024,Maria Martinez,Corporate,East,Technology,Copiers,3110.06,5,0.15,644.31
ORD-16027,04-11-2024,06-11-2024,Sara Garcia,Home Office,East,Office Supplies,Binders,411.8,2,0.1,47.68
ORD-14776,22-03-2024,24-03-2024,Nina Martinez,Home Office,West,Office Supplies,Art,200.2,1,0,18.99
ORD-19139,14-09-2023,15-09-2023,Mohammed Johnson,Consumer,West,Furniture,Tables,3200.64,3,,883.65
ORD-11565,14-12-2022,19-12-2022,Tom Wilson,Corporate,West,Furniture,Furnishings,547,1,0.15,-175.77
ORD-16246,19-05-2022,20-05-2022,Wei Johnson,Consumer,East,Office Supplies,Binders,165.35,1,0,38.98
ORD-17403,18-10-2022,19-10-2022,Sara Garcia,Consumer,South,Office Supplies,Paper,199.19,2,0.15,43.83
ORD-16448,14-09-2023,15-09-2023,Sara Khan,Consumer,Central,Furniture,Tables,1822.68,2,0,-321.17
ORD-19052,06-04-2024,07-04-2024,John Khan,Corporate,East,Office Supplies,Art,745.77,3,0,162.59
ORD-17304,14-12-2024,21-12-2024,Kevin Martinez,Home Office,Central,Technology,Accessories,198.91,3,0.3,-2.15
ORD-18417,07-10-2023,08-10-2023,Maria Chen,Consumer,East,Furniture,Bookcases,4596.24,4,0,1856.41
ORD-19300,24-08-2022,28-08-2022,Fatima Lee,Consumer,East,Office Supplies,Binders,290.64,3,0.2,-1.81
ORD-12243,06-01-2023,07-01-2023,Nina Patel,Home Office,West,Furniture,Chairs,1946.93,3,0.2,71.27
ORD-11360,10-08-2023,11-08-2023,Anna Martinez,Consumer,West,Furniture,Chairs,418.97,3,0.3,-88.69
ORD-13304,23-10-2024,24-10-2024,Anna Smith,Consumer,West,Office Supplies,Art,68.49,1,0.3,19.98
ORD-12324,19-02-2023,22-02-2023,Grace Wilson,Consumer,West,Office Supplies,Art,46.34,2,0,12.45
ORD-18040,02-04-2023,04-04-2023,Sara Young,Corporate,West,Office Supplies,Binders,51.66,2,0.2,15.03
ORD-11480,08-09-2023,10-09-2023,Mohammed Lewis,Corporate,West,Technology,Copiers,4839.94,2,0,774.15
ORD-11833,09-11-2023,11-11-2023,Fatima Young,Corporate,South,Office Supplies,Envelopes,367.6,2,0,112.61
ORD-13661,25-11-2023,26-11-2023,John Wilson,Home Office,South,Technology,Accessories,351.39,2,0.15,46.43
ORD-17694,11-06-2023,13-06-2023,David Clark,Consumer,East,Furniture,Chairs,438.84,2,0,-29.98
ORD-15123,04-08-2022,06-08-2022,Grace Johnson,Corporate,East,Furniture,Tables,876.04,4,0.15,-99.28
ORD-14187,21-03-2024,24-03-2024,John Walker,Corporate,Central,Office Supplies,Art,66.23,2,0.3,-6.9
ORD-17471,25-08-2023,27-08-2023,Nina Davis,Corporate,East,Office Supplies,Paper,58.7,1,0.2,-0.23
ORD-17654,15-12-2024,19-12-2024,Anna Brown,Consumer,WEST,Office Supplies,Paper,278.73,4,0.15,79.2
ORD-18885,12-12-2024,13-12-2024,Mohammed Johnson,Corporate,West,Office Supplies,Labels,220.52,1,0,44.79
ORD-15241,08-01-2022,10-01-2022,Anna Martinez,Consumer,Central,Technology,Machines,3364.44,4,0.4,-128.33
ORD-19401,25-10-2024,,Sara Johnson,Corporate,Central,Technology,Copiers,1903.57,1,0.15,397.09
ORD-15834,14-11-2022,16-11-2022,Grace Chen,Corporate,South,Office Supplies,Storage,105.05,1,0.1,4.09
ORD-11186,18-12-2023,19-12-2023,John Chen,Consumer,West,Office Supplies,Art,168.06,2,0,29.11
ORD-11907,06-03-2022,13-03-2022,Carlos Wilson,Corporate,West,Office Supplies,Storage,33.97,2,0.2,1.6
ORD-14088,27-01-2024,29-01-2024,Wei Walker,Consumer,West,Office Supplies,Paper,68.84,2,0,18.35
ORD-12477,24-10-2023,29-10-2023,Anna Lee,Consumer,Central,Furniture,Chairs,1016.21,2,0.15,9.7
ORD-18208,21-07-2024,23-07-2024,Anna Chen,Corporate,East,Technology,Copiers,2997.05,2,0.1,448.36
ORD-19473,01-06-2023,02-06-2023,Mohammed Khan,Consumer,West,Furniture,Chairs,362.58,1,0,140.54
ORD-16847,11-12-2023,15-12-2023,Kevin Smith,Consumer,Central,Technology,Machines,623.9,1,0.3,-59.11
ORD-11486,22-12-2022,27-12-2022,John Clark,Home Office,South,Furniture,Tables,1065.27,5,0.4,-669.81
ORD-11676,26-12-2024,29-12-2024,Nina Patel,Consumer,East,Furniture,Chairs,362.98,1,0,154.83
ORD-12353,22-09-2024,26-09-2024,John Johnson,Consumer,Central,Technology,Phones,1934.22,3,0,717.5
ORD-18848,25-08-2023,26-08-2023,Priya Smith,Consumer,East,Office Supplies,Envelopes,392.88,3,0,122.4
ORD-11571,12-05-2022,15-05-2022,,Consumer,West,Office Supplies,Art,232.72,2,0.4,2.78
ORD-15515,06-04-2024,07-04-2024,Nina Davis,Home Office,South,Office Supplies,Envelopes,61.25,2,0.2,15.02
ORD-14495,20-08-2023,23-08-2023,Anna Martinez,Consumer,East,Furniture,Furnishings,663.37,1,0.15,-188.97
ORD-10618,24-08-2023,29-08-2023,Mohammed Smith,Corporate,Central,Office Supplies,Binders,161.92,1,0,30.89
ORD-16223,18-09-2022,20-09-2022,Linda Johnson,Consumer,Central,Technology,Accessories,746.67,1,0.1,76.48
ORD-16880,19-11-2023,23-11-2023,Fatima Walker,Consumer,East,Office Supplies,Art,256.23,3,0.1,-11.79
ORD-12847,23-10-2022,30-10-2022,Fatima Young,Consumer,East,Office Supplies,Envelopes,205.48,5,0.3,4.1
ORD-10867,11-05-2022,18-05-2022,Priya Rodriguez,Consumer,South,Technology,Phones,4828.75,5,0,1456.49
ORD-12507,11-08-2022,14-08-2022,James Khan,Consumer,West,Furniture,Tables,2550.66,3,0,930.5
ORD-14982,21-12-2024,23-12-2024,Linda Young,Home Office,West,Office Supplies,Labels,156.81,1,0.15,9.6
ORD-14695,15-08-2023,18-08-2023,Wei Young,Consumer,Central,Office Supplies,Labels,435.24,4,0,55.09
ORD-18039,11-01-2024,16-01-2024,Linda Smith,Consumer,West,Office Supplies,Paper,262.74,5,0.3,10.13
ORD-14418,27-10-2023,29-10-2023,Fatima Garcia,Corporate,West,Office Supplies,Envelopes,94.23,1,0,9.35
ORD-17003,27-09-2023,04-10-2023,Kevin Chen,Consumer,West,Office Supplies,Labels,21.97,1,0.3,3.52
ORD-18649,24-11-2022,26-11-2022,Anna Young,Corporate,East,Office Supplies,Labels,251.37,3,0,58.22
ORD-17706,18-09-2023,19-09-2023,Mohammed Smith,Consumer,East,Office Supplies,Art,55.06,1,0,13.63
ORD-10790,07-10-2023,09-10-2023,John Johnson,Consumer,East,Technology,Phones,836.84,1,0.15,-60.86
ORD-17785,05-09-2022,07-09-2022,Nina Rodriguez,Consumer,central,Office Supplies,Binders,160.13,1,0,31.03
ORD-17450,25-10-2023,,Sara Wilson,Corporate,Central,Furniture,Furnishings,300.52,1,0,-26.58
ORD-13822,21-09-2023,24-09-2023,John Davis,Corporate,West,Office Supplies,Art,315.6,2,0.15,-9.04
ORD-17515,08-09-2024,10-09-2024,Kevin Chen,Consumer,south,Office Supplies,Storage,56,5,0,-4.25
ORD-17829,13-07-2024,16-07-2024,Fatima Rodriguez,Home Office,West,Office Supplies,Labels,561.49,3,0.1,32.65
ORD-19446,01-05-2022,02-05-2022,Wei Patel,Consumer,South,Furniture,Tables,1638.96,4,0,-156.32
ORD-12808,27-10-2022,01-11-2022,Mohammed Davis,Home Office,East,Technology,Copiers,1499.52,1,0.3,184.16
ORD-15050,20-06-2024,25-06-2024,Kevin Clark,Home Office,West,Office Supplies,Art,123.5,2,0.1,40.25
ORD-13518,12-06-2022,13-06-2022,Nina Martinez,Consumer,West,Office Supplies,Storage,152.45,2,0.4,-5.85
ORD-18925,05-12-2024,06-12-2024,John Lewis,Consumer,South,Office Supplies,Labels,286.26,2,0,55.87
ORD-13958,01-12-2023,04-12-2023,Maria Khan,Consumer,South,Furniture,Furnishings,510.43,2,0.1,288.05
ORD-17344,24-04-2022,27-04-2022,Fatima Lewis,Corporate,West,Furniture,Furnishings,545.16,1,0.2,-169.02
ORD-12133,05-06-2023,07-06-2023,Wei Garcia,Consumer,East,Technology,Phones,3906.16,2,0,361.66
ORD-15052,14-09-2024,21-09-2024,Carlos Brown,Home Office,East,Office Supplies,Binders,226.02,1,0,59.62
ORD-17539,03-12-2024,06-12-2024,Linda Clark,Consumer,East,Technology,Accessories,743.06,1,0.2,119.39
ORD-12279,21-12-2023,24-12-2023,Kevin Walker,Consumer,South,Furniture,Tables,1014.96,3,0.2,-268.94
ORD-10659,08-06-2023,10-06-2023,David Patel,Consumer,West,Technology,Machines,550.07,1,0.15,87.63
ORD-12430,27-08-2022,30-08-2022,Maria Clark,Consumer,West,Technology,Phones,2590.8,2,0.2,-147.09
ORD-13751,07-10-2023,,Wei Walker,Consumer,East,Office Supplies,Envelopes,244.46,2,0,61.85
ORD-19389,01-08-2022,08-08-2022,Sara Walker,Consumer,South,Office Supplies,Binders,92.16,4,0,24.01
ORD-12591,25-09-2023,29-09-2023,Kevin Martinez,Consumer,Central,Furniture,Bookcases,323.83,1,0.5,-40.39
ORD-16315,19-06-2023,21-06-2023,Grace Walker,Consumer,East,Office Supplies,Paper,150.52,1,0.1,34.64
ORD-10642,05-07-2022,08-07-2022,Grace Clark,Corporate,Central,Furniture,Bookcases,823.66,2,0.1,-78.62
ORD-10168,02-12-2022,04-12-2022,Maria Young,Corporate,West,Office Supplies,Paper,45.04,2,0.1,9.17
ORD-11800,27-06-2022,28-06-2022,James Davis,Corporate,Central,Technology,Copiers,7435.08,4,0,5098.78
ORD-13394,03-02-2022,04-02-2022,Priya Johnson,Consumer,East,Technology,Machines,315.95,1,0,105.55
ORD-11917,11-12-2024,13-12-2024,Carlos Brown,Home Office,South,Technology,Accessories,1302.59,1,0.2,26.23
ORD-10272,02-06-2024,05-06-2024,Nina Rodriguez,Consumer,West,Technology,Phones,243.18,1,0.15,74.25
ORD-19670,11-01-2024,12-01-2024,James Lee,Corporate,West,Furniture,Bookcases,2234.72,4,0,221.36
ORD-10494,05-08-2024,08-08-2024,Maria Patel,Consumer, East ,Furniture,Furnishings,2116.42,2,0.1,-274.57
ORD-16788,22-04-2022,27-04-2022,John Young,Corporate,West,Office Supplies,Binders,89.48,1,0,15.07
ORD-11912,05-07-2023,12-07-2023,Nina Davis,Home Office,Central,Furniture,Chairs,3291.34,4,0.3,-709.16
ORD-13646,02-11-2023,07-11-2023,Maria Khan,Consumer,East,Technology,Machines,742.21,2,0.3,-95.72
ORD-18230,03-07-2024,06-07-2024,Carlos Lee,Consumer,West,Office Supplies,Storage,75.38,5,0.1,14.03
ORD-10306,09-02-2023,10-02-2023,Sara Patel,Consumer,Central,Office Supplies,Labels,228.9,2,0,97.87
ORD-14102,18-10-2024,21-10-2024,Fatima Wilson,Consumer,West,Technology,Machines,1853.93,1,0,632.65
ORD-10781,14-03-2023,17-03-2023,Kevin Wilson,Consumer,east,Office Supplies,Labels,31.82,1,0.2,3.5
ORD-15286,22-12-2024,24-12-2024,David Johnson,Consumer,West,Office Supplies,Labels,486.68,4,0,75.35
ORD-10534,10-09-2022,14-09-2022,James Brown,Consumer,East,Office Supplies,Art,96.1,1,0,14.89
ORD-10583,12-03-2022,14-03-2022,Carlos Lee,Home Office,West,Office Supplies,Binders,121.05,1,0.5,-7.24
ORD-11300,12-04-2023,16-04-2023,John Clark,Corporate,West,Technology,Phones,3075.84,3,0.4,-22.57
ORD-17060,23-08-2022,24-08-2022,Anna Khan,Corporate,West,Furniture,Chairs,2124.49,4,0.15,53.53
ORD-17495,17-07-2024,20-07-2024,Grace Rodriguez,Consumer,Central,Office Supplies,Binders,958.12,4,0,265.08
ORD-18241,26-12-2023,29-12-2023,Carlos Young,Consumer,East,Technology,Copiers,4335.92,2,0,1114.28
ORD-10316,14-12-2022,15-12-2022,Sara Young,Consumer,West,Office Supplies,Storage,40.26,3,0.15,8.2
ORD-16510,05-01-2022,07-01-2022,Carlos Walker,Corporate,South,Technology,Machines,1474.02,1,0.3,-212.61
ORD-12564,23-11-2023,25-11-2023,Tom Khan,Consumer,East,Furniture,Chairs,1369.44,2,,-504.48
ORD-11794,27-07-2022,28-07-2022,Linda Clark,Corporate,Central,Office Supplies,Binders,30.4,1,0,5.46
ORD-16677,09-08-2024,11-08-2024,David Lee,Home Office,Central,Office Supplies,Labels,768.69,5,0.1,14.28
ORD-19517,17-10-2022,19-10-2022,Carlos Davis,Home Office,EAST,Technology,Phones,594.17,1,0.3,180.1
ORD-18463,24-10-2023,,Fatima Clark,Consumer,West,Office Supplies,Envelopes,338.13,4,0.3,-2.16
ORD-10548,19-06-2023,21-06-2023,Priya Garcia,Home Office,Central,Technology,Accessories,3733.79,2,0.2,717.14
ORD-11692,23-09-2024,25-09-2024,Tom Martinez,Corporate,East,Furniture,Furnishings,868.93,1,0,122.41
ORD-13525,10-09-2022,11-09-2022,Grace Khan,Consumer,South,Technology,Machines,1288.9,1,0.2,134.7
ORD-13012,04-07-2024,05-07-2024,Fatima Khan,Corporate,West,Furniture,Bookcases,2235.81,6,0.5,32.38
ORD-11630,06-04-2023,10-04-2023,Wei Martinez,Consumer,West,Technology,Phones,2908.07,2,0.15,-424.04
ORD-12390,23-08-2024,25-08-2024,Tom Garcia,Home Office,Central,Office Supplies,Storage,529.52,3,0.1,52.63
ORD-14694,07-09-2024,09-09-2024,Maria Clark,Consumer,east,Furniture,Bookcases,95.86,1,0.15,-4.27
ORD-17704,17-12-2022,18-12-2022,Linda Young,Consumer,West,Office Supplies,Envelopes,409.01,6,0.2,-54.14
ORD-14487,21-10-2023,25-10-2023,Kevin Brown,Consumer,South,Office Supplies,Envelopes,101.18,3,0.15,4.19
ORD-11259,17-12-2024,20-12-2024,Carlos Martinez,Consumer,Central,Technology,Accessories,2577.57,3,0,393.41
ORD-18022,18-12-2024,19-12-2024,Tom Young,Consumer,East,Technology,Phones,7498.66,4,0.1,2051.72
ORD-10809,14-08-2024,16-08-2024,Grace Brown,Consumer,West,Office Supplies,Binders,531.16,5,0.2,63.75
ORD-16388,09-01-2023,16-01-2023,James Martinez,Home Office,West,Furniture,Chairs,2292.2,2,0,837.8
ORD-11049,05-03-2023,,Tom Smith,Consumer,East,Furniture,Chairs,185.94,1,0.1,29.31
ORD-17390,06-11-2022,09-11-2022,Maria Lee,Corporate,East,Technology,Accessories,3428.51,2,0.15,209.6
ORD-10107,26-11-2023,28-11-2023,Kevin Chen,Consumer,East,Office Supplies,Paper,19.79,1,0,3.29
ORD-16249,19-10-2022,20-10-2022,David Rodriguez,Corporate,East,Office Supplies,Labels,718.92,4,0.1,80.86
ORD-18865,22-02-2024,26-02-2024,Anna Young,Consumer,West,Office Supplies,Labels,193.62,1,0,25.12
ORD-16786,17-04-2022,24-04-2022,John Lewis,Corporate,Central,Office Supplies,Storage,40.88,1,0.1,3.09
ORD-19329,19-12-2024,24-12-2024,Kevin Walker,Corporate,East,Furniture,Bookcases,2656.49,3,0.15,356.05
ORD-14605,20-03-2023,24-03-2023,Mohammed Martinez,Corporate,West,Furniture,Tables,407.18,2,0,-38.5
ORD-19153,02-04-2022,06-04-2022,Maria Martinez,Corporate,Central,Furniture,Tables,1784.24,2,0,29.71
ORD-15455,15-11-2022,17-11-2022,Kevin Chen,Consumer,Central,Office Supplies,Labels,148.35,1,0.15,11.07
ORD-11532,08-11-2024,09-11-2024,Sara Rodriguez,Consumer,West,Technology,Machines,5587.23,3,0,2776.31
ORD-14962,25-10-2022,01-11-2022,Nina Walker,Consumer,Central,Technology,Accessories,400.85,3,0.3,-75.27
ORD-10211,25-06-2024,29-06-2024,Nina Johnson,Corporate,East,Technology,Machines,4431.27,3,0,968.96
ORD-13147,19-05-2023,20-05-2023,,Consumer,West,Technology,Accessories,2120.7,4,0.2,574.17
ORD-15156,12-04-2024,13-04-2024,Fatima Garcia,Corporate,East,Technology,Copiers,2128.93,1,0,580.04
ORD-12150,20-09-2023,22-09-2023,Fatima Clark,Corporate,West,Technology,Copiers,6385.18,5,0.1,1827.23
ORD-16995,19-11-2023,20-11-2023,Nina Davis,Consumer,East,Office Supplies,Storage,513.49,4,0.3,68.51
ORD-11973,10-05-2023,15-05-2023,Anna Martinez,Consumer,Central,Office Supplies,Storage,200.58,5,0.3,-2.02
ORD-14685,12-05-2024,13-05-2024,John Lewis,Consumer,East,Furniture,Furnishings,968.76,1,0,-185.04
ORD-18182,02-04-2022,06-04-2022,David Chen,Corporate,East,Technology,Accessories,39.54,1,0.1,14.72
ORD-17607,15-07-2022,17-07-2022,Maria Wilson,Consumer,West,Office Supplies,Binders,438.73,3,0.4,-31.01
ORD-18838,20-05-2024,21-05-2024,Sara Martinez,Corporate,South,Office Supplies,Paper,172.05,5,0,48.47
ORD-10771,03-12-2024,06-12-2024,Mohammed Khan,Consumer,West,Office Supplies,Binders,366.22,2,0,123.78
ORD-17502,02-10-2023,06-10-2023,Linda Young,Consumer,WEST,Office Supplies,Storage,43.77,3,0,10.99
ORD-18895,05-09-2022,12-09-2022,Nina Patel,Home Office,East,Office Supplies,Binders,233.85,2,0.15,24.67
ORD-11249,07-08-2023,09-08-2023,Mohammed Young,Consumer,East,Office Supplies,Labels,97.1,2,0,5.5
ORD-17890,16-01-2024,21-01-2024,Fatima Brown,Consumer,Central,Technology,Phones,3987.49,2,0.2,-298.75
ORD-17253,27-01-2023,28-01-2023,Priya Patel,Corporate,West,Office Supplies,Art,466.89,4,0.15,-33.14
ORD-19324,09-01-2023,10-01-2023,John Smith,Corporate,West,Furniture,Tables,5210.1,5,0.1,390.97
ORD-16573,21-12-2024,26-12-2024,Maria Walker,Consumer,Central,Office Supplies,Storage,98.04,1,0.3,-7.93
ORD-16819,08-03-2024,13-03-2024,Fatima Davis,Consumer,Central,Furniture,Furnishings,2193.86,6,0.1,469.3
ORD-10709,02-01-2023,06-01-2023,Nina Rodriguez,Consumer,West,Office Supplies,Envelopes,170.18,1,0,56.87
ORD-12672,23-11-2024,27-11-2024,John Garcia,Corporate,East,Furniture,Bookcases,1527.74,4,0.2,-63.85
ORD-14514,14-06-2023,16-06-2023,Mohammed Brown,Consumer,Central,Office Supplies,Envelopes,6.16,1,0,0.27
ORD-11461,04-08-2024,08-08-2024,James Brown,Corporate,West,Office Supplies,Binders,337.74,3,0,111
ORD-12545,25-11-2024,29-11-2024,John Lewis,Home Office,West,Office Supplies,Paper,360.83,2,0.1,80.76
ORD-17741,20-06-2024,23-06-2024,Wei Walker,Home Office,Central,Furniture,Bookcases,4549.92,4,0,1105.69
ORD-17217,10-10-2022,11-10-2022,Tom Smith,Corporate,West,Office Supplies,Labels,497.77,4,0.1,119.9
ORD-18422,18-08-2022,21-08-2022,Nina Lewis,Consumer,West,Office Supplies,Binders,101.39,1,0,21.8
ORD-11356,14-03-2022,16-03-2022,Linda Johnson,Consumer,West,Technology,Phones,976.63,1,0.1,-138.01
ORD-13011,19-09-2024,21-09-2024,Tom Garcia,Home Office,West,Technology,Phones,10912,5,0.1,1507.55
ORD-10851,02-11-2023,06-11-2023,John Clark,Consumer,Central,Technology,Phones,310.16,4,0,54.58
ORD-11004,11-02-2023,18-02-2023,Anna Walker,Home Office,central,Office Supplies,Art,21.13,1,0.3,0.5
ORD-11834,14-11-2022,16-11-2022,Wei Brown,Home Office,Central,Office Supplies,Art,286.7,5,0.15,12.54
ORD-17903,24-10-2022,27-10-2022,Fatima Khan,Consumer,West,Furniture,Chairs,2193.72,3,0.2,-229.86
ORD-19640,24-08-2024,31-08-2024,Priya Garcia,Corporate,East,Office Supplies,Art,13.13,1,0.5,0.93
ORD-17742,03-09-2024,06-09-2024,Sara Walker,Corporate,East,Technology,Phones,2162.52,1,0,120.32
ORD-11316,21-08-2023,22-08-2023,James Lewis,Corporate,East,Office Supplies,Envelopes,14.35,1,0.1,2.71
ORD-13327,27-09-2024,01-10-2024,Carlos Martinez,Corporate,East,Office Supplies,Paper,326.66,2,0.1,100.26
ORD-11623,16-09-2023,18-09-2023,John Walker,Corporate,WEST,Office Supplies,Binders,191.38,2,0.1,27.72
ORD-13833,11-10-2023,15-10-2023,Carlos Garcia,Consumer,West,Office Supplies,Paper,197.78,5,0.1,44.15
ORD-15744,02-09-2023,07-09-2023,Kevin Lee,Consumer,Central,Office Supplies,Paper,283.85,5,0,49.18
ORD-11278,13-08-2023,17-08-2023,Fatima Johnson,Consumer,South,Technology,Accessories,6897.75,5,0.4,-351.93
ORD-14145,26-04-2022,27-04-2022,Tom Wilson,Corporate,South,Technology,Copiers,3142.3,2,0,563.32
ORD-18667,09-11-2022,10-11-2022,Kevin Young,Consumer,East,Furniture,Furnishings,734.85,3,0.4,140.82
ORD-13146,20-11-2023,25-11-2023,Grace Johnson,Home Office,East,Furniture,Furnishings,341.88,1,0.4,61.92
ORD-15642,12-12-2022,17-12-2022,Tom Chen,Consumer,South,Furniture,Tables,733.81,1,0.2,-289.75
ORD-18527,05-05-2022,09-05-2022,Linda Smith,Consumer,West,Office Supplies,Storage,194.54,4,0.3,16.94
ORD-17139,22-09-2024,26-09-2024,Fatima Chen,Consumer,Central,Technology,Machines,6319.55,4,0.1,2203.6
ORD-12617,25-09-2022,30-09-2022,Grace Garcia,Consumer,West,Technology,Machines,1408.44,2,0,315.31
ORD-13662,25-04-2022,29-04-2022,Carlos Smith,Consumer,Central,Office Supplies,Labels,152.51,1,0,16.8
ORD-10088,12-10-2022,19-10-2022,Anna Patel,Consumer,Central,Office Supplies,Envelopes,380.5,5,0.5,-34.13
ORD-10874,26-08-2024,30-08-2024,Nina Martinez,Corporate,Central,Technology,Machines,2255.3,2,0,210.35
ORD-18735,27-01-2023,28-01-2023,Priya Clark,Consumer,East,Furniture,Furnishings,6072.52,6,0.1,-1764.24
ORD-13000,17-06-2024,20-06-2024,Fatima Walker,Consumer,East,Technology,Accessories,3319.04,2,0,969.59
ORD-12760,13-11-2023,18-11-2023,Carlos Clark,Consumer,West,Technology,Phones,1758.9,3,0.5,274.07
ORD-11880,22-07-2023,24-07-2023,Mohammed Walker,Consumer,East,Office Supplies,Labels,42.81,1,0.1,3.17
ORD-10106,06-10-2022,09-10-2022,Carlos Wilson,Corporate,West,Office Supplies,Art,524.14,3,0.2,107.43
ORD-10926,09-04-2024,13-04-2024,Nina Davis,Consumer,East,Office Supplies,Envelopes,106.86,2,0,19.59
ORD-16365,06-08-2023,09-08-2023,Wei Martinez,Corporate,West,Office Supplies,Paper,527.55,5,0,8.24
ORD-10319,19-12-2024,21-12-2024,Linda Johnson,Consumer,East,Furniture,Tables,1784.67,3,0.1,-411.65
ORD-10878,18-02-2022,21-02-2022,Maria Lewis,Home Office,East,Technology,Machines,755,2,0.4,-256.62
ORD-16773,24-05-2024,28-05-2024,Linda Davis,Corporate,South,Technology,Copiers,2349,2,0,867.38
ORD-13994,09-11-2022,11-11-2022,David Johnson,Consumer,East,Office Supplies,Envelopes,245.04,4,0,74.26
ORD-14921,18-08-2022,21-08-2022,Nina Walker,Home Office,South,Technology,Machines,1037.61,3,0,-0.94
ORD-15386,21-11-2024,25-11-2024,Mohammed Chen,Consumer,Central,Technology,Accessories,2234.86,2,0.1,153.14
ORD-13078,15-12-2022,18-12-2022,Nina Lewis,Home Office,Central,Office Supplies,Envelopes,131.75,2,0.3,7.22
ORD-14730,24-07-2024,28-07-2024,Linda Smith,Consumer,West,Furniture,Tables,73.41,1,0.1,-2.19
ORD-14234,21-08-2022,24-08-2022,David Brown,Consumer,East,Technology,Accessories,2736.99,2,0.1,648.31
ORD-14259,06-03-2023,10-03-2023,Tom Lee,Consumer,South,Technology,Accessories,1551.22,1,0.3,196.47
ORD-13726,22-09-2022,23-09-2022,Grace Chen,Corporate,Central,Office Supplies,Envelopes,711.58,4,0.1,13.61
ORD-19716,05-02-2024,09-02-2024,Tom Clark,Home Office,South,Furniture,Tables,510.6,2,0,13.63
ORD-11750,04-09-2024,07-09-2024,Wei Young,Consumer,West,Office Supplies,Labels,82.26,1,0.1,19.96
ORD-17691,20-09-2022,24-09-2022,Fatima Lewis,Consumer,Central,Office Supplies,Binders,438.2,4,0,98.58
ORD-15151,20-11-2022,24-11-2022,Fatima Lee,Consumer,East,Office Supplies,Envelopes,183.34,1,0.2,14.98
ORD-13878,27-08-2024,31-08-2024,Anna Davis,Home Office,East,Furniture,Chairs,669.51,2,0.1,91.02
ORD-15864,26-09-2022,27-09-2022,Carlos Clark,Corporate,South,Office Supplies,Binders,17.46,1,0,5.22
ORD-15600,12-10-2023,15-10-2023,Grace Garcia,Home Office,West,Technology,Machines,378.36,4,0,160.3
ORD-11043,27-07-2023,29-07-2023,Mohammed Chen,Consumer,West,Furniture,Tables,386.48,1,0.3,-27.88
ORD-13010,13-02-2023,14-02-2023,Mohammed Lewis,Consumer,East,Technology,Accessories,1961.34,2,0,845.45
ORD-15155,24-08-2024,27-08-2024,Anna Wilson,Corporate,West,Technology,Copiers,445.57,1,0.2,37.81
ORD-16777,10-04-2024,12-04-2024,Fatima Walker,Home Office,West,Furniture,Tables,1989.92,2,0.1,-785.67
ORD-17786,18-08-2024,20-08-2024,Maria Brown,Consumer,West,Furniture,Bookcases,6477.12,6,0,643.03
ORD-14590,03-07-2022,06-07-2022,Maria Walker,Corporate,West,Technology,Phones,2122.61,1,0,819.7
ORD-14751,21-05-2024,25-05-2024,Carlos Walker,Corporate,West,Office Supplies,Labels,27.09,1,0.1,5.84
ORD-12964,10-08-2024,14-08-2024,Anna Lewis,Consumer,West,Technology,Machines,4343.63,2,0.1,534.61
ORD-18833,26-08-2022,29-08-2022,James Martinez,Corporate,East,Furniture,Furnishings,1956.92,4,0.1,-96.26
ORD-10137,06-11-2023,07-11-2023,Priya Johnson,Corporate,east,Office Supplies,Storage,142.53,3,0,29.95
ORD-19072,10-04-2022,14-04-2022,Wei Young,Consumer,East,Technology,Copiers,1901.04,4,0,390.95
ORD-11097,26-09-2022,27-09-2022,John Smith,Corporate,East,Office Supplies,Binders,1149.23,6,0.15,194.69
ORD-19205,24-06-2022,28-06-2022,Linda Martinez,Consumer,West,Office Supplies,Envelopes,141.15,1,0.15,26.85
ORD-16549,07-11-2022,11-11-2022,Carlos Johnson,Corporate,East,Office Supplies,Binders,57.57,1,0.1,4.92
ORD-16471,17-09-2022,20-09-2022,Carlos Martinez,Corporate,East,Office Supplies,Paper,126.36,1,0.15,11.88
ORD-16461,06-08-2023,10-08-2023,John Clark,Home Office,East,Office Supplies,Envelopes,142.75,2,0.4,-4.03
ORD-15265,15-09-2024,19-09-2024,Anna Smith,Home Office,East,Office Supplies,Labels,35.37,1,0.2,-4.06
ORD-12135,03-02-2024,07-02-2024,John Rodriguez,Consumer,West,Furniture,Furnishings,409.8,1,0.15,-24.25
ORD-15458,17-08-2023,20-08-2023,Sara Rodriguez,Consumer,East,Office Supplies,Storage,381.52,4,0,58.58
ORD-15078,25-10-2024,30-10-2024,Mohammed Lee,Consumer,East,Office Supplies,Labels,136.3,1,0.2,-4.01
ORD-13367,06-12-2024,10-12-2024,Kevin Brown,Consumer,East,Furniture,Furnishings,644.49,3,0.15,-280.13
ORD-13729,15-09-2024,19-09-2024,Mohammed Rodriguez,Consumer,West,Furniture,Bookcases,722.6,4,0.15,57.43
ORD-10148,14-06-2022,21-06-2022,Fatima Walker,Home Office,South,Technology,Accessories,391.04,1,0.15,-10.66
ORD-10303,09-08-2024,11-08-2024,James Khan,Consumer,West,Office Supplies,Paper,843.15,5,0,96.34
ORD-15113,18-11-2022,20-11-2022,Linda Walker,Home Office,West,Technology,Accessories,9889.79,5,0.15,2827.16
ORD-15148,10-06-2022,13-06-2022,John Davis,Consumer,South,Office Supplies,Envelopes,179.81,1,0,22.85
ORD-11270,18-12-2023,23-12-2023,Sara Brown,Corporate,East,Office Supplies,Art,270.63,2,0.3,29.13
ORD-11904,17-09-2022,19-09-2022,Mohammed Clark,Corporate,South,Technology,Phones,2942.96,4,0.1,535.92
ORD-12210,11-11-2023,13-11-2023,Maria Lee,Consumer,East,Technology,Machines,1419.67,5,0.15,416.85
ORD-14294,24-11-2024,26-11-2024,Wei Wilson,Home Office,East,Office Supplies,Storage,147.13,1,0.15,10.91
ORD-13842,15-03-2024,19-03-2024,Linda Chen,Corporate,Central,Office Supplies,Art,16,1,0.1,3.87
ORD-13574,07-01-2023,08-01-2023,Tom Lee,Corporate,East,Office Supplies,Binders,535.48,4,0,121.14
ORD-12875,15-04-2023,22-04-2023,Grace Garcia,Home Office,South,Office Supplies,Paper,405.53,3,0.15,1.08
ORD-15040,27-07-2023,30-07-2023,Tom Wilson,Consumer,West,Office Supplies,Storage,339.88,2,0,84.35
ORD-12298,09-01-2023,11-01-2023,James Rodriguez,Consumer,South,Office Supplies,Paper,120.43,1,0.15,22.53
ORD-18675,07-03-2024,11-03-2024,Priya Khan,Consumer,East,Office Supplies,Storage,47.06,1,0,1.86
ORD-18155,03-12-2022,05-12-2022,Maria Brown,Consumer,East,Furniture,Bookcases,728.82,1,0.1,-50.28
ORD-15278,14-04-2023,19-04-2023,Mohammed Young,Consumer,West,Office Supplies,Envelopes,584.17,3,0.1,102.41
ORD-15435,02-01-2022,05-01-2022,John Wilson,Home Office,Central,Office Supplies,Paper,953.16,5,0.2,10.59
ORD-15127,14-12-2024,15-12-2024,Tom Davis,Consumer,west,Office Supplies,Labels,144.3,2,0,35.24
ORD-18983,04-04-2022,06-04-2022,Maria Brown,Corporate,West,Furniture,Chairs,386.67,1,0.15,-50.91
ORD-16528,04-09-2024,06-09-2024,Maria Young,Home Office,West,Office Supplies,Labels,26.78,5,0.1,2.31
ORD-16894,07-11-2022,10-11-2022,John Wilson,Consumer,South,Furniture,Chairs,2725.68,5,0.2,-262.25
ORD-11201,26-01-2022,28-01-2022,Maria Smith,Consumer,Central,Technology,Copiers,1537.12,1,0.1,187.14
ORD-17950,17-03-2024,21-03-2024,Sara Young,Consumer,South,Office Supplies,Labels,40.33,1,0.2,7.37
ORD-13429,22-11-2022,25-11-2022,Wei Davis,Consumer,Central,Furniture,Bookcases,253.38,1,0.2,-28.8
ORD-11865,03-12-2023,07-12-2023,Linda Garcia,Corporate,East,Technology,Accessories,2561.29,2,0.1,418.11
ORD-19701,13-09-2022,14-09-2022,David Lewis,Home Office,Central,Technology,Phones,1920.78,1,0.15,78.71
ORD-15575,21-02-2023,22-02-2023,John Garcia,Corporate,West,Office Supplies,Art,13.31,1,0,1.94
ORD-17057,05-12-2024,06-12-2024,Nina Wilson,Home Office,West,Office Supplies,Storage,736.13,6,0.2,52.58
ORD-15716,12-11-2022,13-11-2022,David Davis,Consumer,South,Technology,Phones,1177.23,2,0.15,292.85
ORD-14998,26-02-2023,27-02-2023,Mohammed Chen,Consumer,Central,Office Supplies,Storage,837.97,5,0.15,242.26
ORD-12809,04-12-2024,08-12-2024,Priya Lee,Consumer,West,Office Supplies,Art,820.84,4,0,183.94
ORD-18877,19-08-2024,20-08-2024,Mohammed Garcia,Consumer,East,Furniture,Bookcases,1028.76,2,0,278.84
ORD-14255,04-08-2022,06-08-2022,James Garcia,Home Office,central,Office Supplies,Art,976.68,4,0,99.56
ORD-17528,26-12-2024,30-12-2024,Linda Lee,Consumer,East,Furniture,Furnishings,149.39,1,0.1,-24.31
ORD-18752,05-12-2022,07-12-2022,,Home Office,Central,Technology,Machines,802.17,2,0.1,77.7
ORD-12890,18-11-2024,19-11-2024,Kevin Smith,Consumer,West,Office Supplies,Binders,306.96,2,0,63.07
ORD-13500,25-05-2023,01-06-2023,Maria Johnson,Corporate,West,Technology,Machines,874.1,1,0.2,188.69
ORD-19735,07-11-2023,09-11-2023,Grace Clark,Corporate,South,Technology,Copiers,5374.37,4,0.2,87.57
ORD-13379,26-06-2022,28-06-2022,James Johnson,Consumer,East,Office Supplies,Art,242.78,2,0.5,-11.44
ORD-13193,26-11-2023,30-11-2023,Nina Garcia,Corporate,West,Office Supplies,Art,185.71,1,0,75.37
ORD-11446,08-10-2022,09-10-2022,Kevin Smith,Home Office,South,Technology,Phones,1747.64,3,0.15,519.69
ORD-11952,05-05-2024,07-05-2024,David Lee,Consumer,West,Furniture,Chairs,696.8,1,0.3,-254.34
ORD-17124,04-05-2024,05-05-2024,Priya Chen,Home Office,West,Technology,Machines,1807.21,3,0.15,-304.84
ORD-19114,13-01-2022,17-01-2022,Fatima Wilson,Corporate,East,Office Supplies,Storage,197.88,1,0,38.76
ORD-11624,05-12-2023,09-12-2023,Linda Lewis,Home Office,East,Office Supplies,Paper,17.86,2,0.5,-3.89
ORD-18502,01-01-2023,04-01-2023,David Patel,Corporate,East,Office Supplies,Labels,57.03,1,0,5.16
ORD-16949,13-09-2024,16-09-2024,Carlos Khan,Home Office,South,Office Supplies,Art,89.43,1,0,28.23
ORD-11319,08-06-2022,10-06-2022,James Davis,Consumer,Central,Technology,Machines,3232.09,2,0.15,-266.87
ORD-13531,27-02-2024,03-03-2024,Fatima Khan,Home Office,South,Office Supplies,Paper,121.59,5,0.3,-4.9
ORD-11663,07-01-2022,09-01-2022,Linda Davis,Corporate,West,Office Supplies,Paper,225.32,4,0.5,5.54
ORD-10815,04-11-2022,08-11-2022,Nina Brown,Consumer,East,Furniture,Bookcases,1679.8,4,0.15,-364.75
ORD-14775,02-10-2022,04-10-2022,Sara Wilson,Corporate, East ,Office Supplies,Storage,225.82,1,0,58.13
ORD-19483,24-04-2024,26-04-2024,Wei Patel,Consumer,West,Office Supplies,Paper,361.95,2,0.2,8.23
ORD-11093,11-05-2022,14-05-2022,Anna Walker,Corporate,West,Furniture,Bookcases,697.89,3,0.3,-282.07
ORD-14176,23-04-2022,25-04-2022,Sara Lewis,Consumer,Central,Office Supplies,Paper,618.24,3,0,209.16
ORD-11950,26-03-2023,28-03-2023,James Walker,Consumer,South,Technology,Phones,4816.56,2,0,910.38
ORD-13884,14-06-2023,19-06-2023,James Lewis,Home Office,East,Office Supplies,Envelopes,212.4,1,0,42.15
ORD-19393,07-09-2024,09-09-2024,Fatima Rodriguez,Consumer,East,Furniture,Chairs,1148.33,1,0,341.74
ORD-19542,05-08-2024,07-08-2024,Priya Lewis,Consumer,West,Furniture,Furnishings,653.97,3,0.15,-174.65
ORD-12800,04-02-2022,08-02-2022,Mohammed Martinez,Corporate,Central,Office Supplies,Art,29.84,1,0,3.62
ORD-11239,07-04-2024,08-04-2024,,Consumer,West,Office Supplies,Binders,240.24,2,0,20.89
ORD-10329,18-03-2023,19-03-2023,Priya Patel,Consumer,East,Office Supplies,Labels,392.4,6,0,59.07
ORD-13102,22-12-2023,24-12-2023,Priya Lewis,Consumer,East,Office Supplies,Art,71.96,3,0.15,4.17
ORD-18434,17-10-2023,20-10-2023,Carlos Garcia,Home Office,West,Technology,Accessories,1694.4,6,0,-157.77
ORD-12542,25-08-2022,27-08-2022,Maria Chen,Corporate,Central,Office Supplies,Labels,275.86,2,0,80.67
ORD-14737,07-07-2024,09-07-2024,Mohammed Garcia,Home Office,South,Furniture,Furnishings,1236.11,2,0.1,293.19
ORD-14792,03-10-2022,06-10-2022,Carlos Martinez,Consumer,West,Furniture,Chairs,934.29,1,0.2,-45.49
ORD-16646,09-09-2023,12-09-2023,Priya Brown,Consumer,Central,Technology,Machines,1315.06,1,0.15,187.32
ORD-12818,09-11-2023,10-11-2023,Kevin Chen,Home Office,South,Technology,Accessories,151.7,4,0.4,21.74
ORD-10753,14-02-2022,18-02-2022,Priya Brown,Home Office,West,Technology,Phones,1351.21,1,0,461.85
ORD-14531,10-10-2024,,Kevin Young,Corporate,East,Office Supplies,Binders,140.16,1,0,1.72
ORD-11563,20-04-2024,24-04-2024,Nina Patel,Corporate,West,Technology,Phones,611.12,3,0.1,160.11
ORD-11934,06-02-2023,13-02-2023,John Davis,Corporate,Central,Office Supplies,Storage,1115.45,5,0,264.01
ORD-17207,04-01-2022,07-01-2022,Maria Lee,Consumer,East,Technology,Copiers,1958.54,2,0,136.9
ORD-19660,14-08-2022,15-08-2022,John Garcia,Consumer,East,Technology,Accessories,1068.96,3,0,46.26
ORD-13493,25-12-2022,26-12-2022,John Khan,Corporate,West,Furniture,Tables,532.96,1,0.5,-275.5
ORD-17712,15-05-2022,19-05-2022,Carlos Brown,Consumer,South,Furniture,Tables,3414.64,4,0.1,314.02
ORD-11856,03-12-2023,04-12-2023,Grace Clark,Consumer,Central,Office Supplies,Labels,710.94,3,0,153.03
ORD-14697,04-04-2024,05-04-2024,Anna Lewis,Corporate,Central,Technology,Machines,1306.15,1,0,481.07
ORD-13563,25-02-2024,29-02-2024,Carlos Garcia,Home Office,East,Office Supplies,Binders,353.27,3,0.4,15.36
ORD-11013,11-12-2022,16-12-2022,Nina Davis,Consumer,East,Office Supplies,Art,162.29,2,0.2,21.6
ORD-16108,13-06-2024,15-06-2024,James Martinez,Corporate,West,Furniture,Bookcases,3581.48,5,0.2,-2053.74
ORD-15482,25-07-2024,29-07-2024,Grace Garcia,Consumer,East,Furniture,Furnishings,661.1,2,0.15,-1.19
ORD-10466,07-11-2023,14-11-2023,Fatima Young,Consumer,East,Office Supplies,Labels,26.38,2,0,3.57
ORD-14028,01-06-2024,08-06-2024,Carlos Clark,Consumer,east,Office Supplies,Binders,96.64,4,0,7.59
ORD-10174,21-12-2022,25-12-2022,Maria Lee,Home Office,West,Technology,Accessories,366.11,1,0.15,131.41
ORD-14880,20-08-2024,27-08-2024,Linda Garcia,Consumer,West,Office Supplies,Paper,148.58,1,0.1,13.15
ORD-10277,20-03-2024,24-03-2024,Wei Walker,Consumer,Central,Furniture,Chairs,243.96,1,0.3,-13.39
ORD-11069,05-04-2024,08-04-2024,Sara Johnson,Home Office,South,Office Supplies,Paper,128.62,2,0,33.45
ORD-19216,03-09-2022,05-09-2022,Anna Chen,Corporate,West,Office Supplies,Binders,115.39,1,0.3,9.7
ORD-15561,15-06-2024,16-06-2024,Maria Young,Consumer,East,Office Supplies,Binders,139.36,1,0.1,38.44
ORD-16866,26-02-2023,,Anna Chen,Corporate,South,Office Supplies,Binders,787.02,5,0.15,14.2
ORD-15036,12-09-2022,16-09-2022,Anna Khan,Consumer,South,Office Supplies,Storage,161.94,1,0,60.83
ORD-16803,09-12-2022,12-12-2022,Tom Davis,Consumer,West,Office Supplies,Paper,170.79,1,0.1,11.24
ORD-19415,19-11-2024,22-11-2024,Anna Walker,Corporate,South,Office Supplies,Binders,264.11,2,0.3,30.69
ORD-15545,16-11-2023,20-11-2023,Mohammed Khan,Home Office,Central,Office Supplies,Labels,302.28,3,0.15,7.33
ORD-15002,13-10-2023,18-10-2023,Priya Patel,Corporate,Central,Office Supplies,Binders,743.72,4,0,164.76
ORD-11713,22-02-2024,25-02-2024,Sara Chen,Consumer,West,Technology,Phones,2956.64,4,0,460.6
ORD-17640,01-01-2024,04-01-2024,Sara Chen,Consumer,South,Furniture,Furnishings,5182.87,6,0.1,-974.1
ORD-12611,12-11-2023,16-11-2023,Mohammed Lewis,Corporate,West,Technology,Phones,792.69,2,0.15,108
ORD-17393,19-09-2024,20-09-2024,John Chen,Home Office,Central,Office Supplies,Labels,263.3,4,0.15,33.54
ORD-10388,08-01-2024,10-01-2024,James Smith,Consumer,South,Office Supplies,Envelopes,635.25,3,0,160.19
ORD-18020,17-08-2022,22-08-2022,Grace Martinez,Consumer,Central,Furniture,Chairs,1908.31,2,0.1,126.61
ORD-13495,14-11-2022,19-11-2022,Kevin Patel,Consumer,West,Office Supplies,Art,48.15,5,0.15,3.66
ORD-14976,01-06-2022,03-06-2022,Grace Patel,Consumer,South,Technology,Machines,1217.45,2,0.1,227.17
ORD-13542,26-04-2024,30-04-2024,Mohammed Walker,Consumer,East,Office Supplies,Art,100.81,1,0.3,-9.25
ORD-17288,23-02-2024,24-02-2024,Grace Chen,Consumer,East,Furniture,Bookcases,704.63,1,0,41.95
ORD-17310,18-12-2022,19-12-2022,Sara Johnson,Corporate,East,Office Supplies,Envelopes,244.77,4,0.2,47.91
ORD-10050,20-09-2022,21-09-2022,Tom Brown,Consumer,West,Office Supplies,Envelopes,354.96,3,0,108.31
ORD-16587,15-06-2022,16-06-2022,,Consumer,West,Office Supplies,Paper,743.7,3,0,230.62
ORD-14229,14-06-2023,21-06-2023,Nina Chen,Consumer,SOUTH,Office Supplies,Labels,385.76,2,0,28.14
ORD-10482,07-01-2023,11-01-2023,John Khan,Home Office,East,Office Supplies,Paper,87.44,2,0.1,15.13
ORD-12251,05-09-2023,09-09-2023,Linda Patel,Consumer,South,Office Supplies,Storage,117.84,2,0.2,-3.1
ORD-14162,09-06-2023,10-06-2023,Sara Young,Consumer,East,Technology,Phones,4729.84,4,0,441.3
ORD-19679,22-02-2022,25-02-2022,James Brown,Consumer,West,Furniture,Furnishings,267.06,1,0.2,-83.76
ORD-15092,19-11-2022,20-11-2022,Linda Davis,Corporate,South,Furniture,Furnishings,2612.84,6,0.1,22.78
ORD-13103,09-03-2024,10-03-2024,Sara Patel,Corporate,East,Office Supplies,Envelopes,192.9,1,0.2,2.89
ORD-12929,26-04-2023,27-04-2023,James Wilson,Corporate,West,Office Supplies,Art,53.09,1,0.2,0.44
ORD-16776,25-01-2023,30-01-2023,Sara Chen,Consumer,South,Office Supplies,Labels,116.87,1,0.3,6.73
ORD-14969,20-10-2023,24-10-2023,Maria Lewis,Home Office,East,Office Supplies,Binders,133.73,3,0.5,12.88
ORD-10064,15-06-2023,17-06-2023,Priya Garcia,Home Office,West,Furniture,Tables,527.22,1,0.3,-68.7
ORD-19605,13-08-2023,15-08-2023,Nina Clark,Corporate,East,Office Supplies,Art,42.69,1,0,10.23
ORD-17573,01-12-2023,03-12-2023,John Walker,Consumer,East,Technology,Machines,3779.3,2,0.15,473.2
ORD-18968,12-09-2022,13-09-2022,Sara Johnson,Consumer,West,Office Supplies,Envelopes,577.47,3,0,118.64
ORD-14587,23-08-2022,25-08-2022,John Walker,Home Office,West,Office Supplies,Storage,331.81,2,0.15,77.41
ORD-16402,11-09-2023,12-09-2023,Wei Clark,Corporate,East,Furniture,Tables,339.4,1,0.3,-84.18
ORD-16209,14-12-2024,18-12-2024,Wei Brown,Consumer,West,Furniture,Chairs,915.05,3,0.3,-49.6
ORD-14616,10-11-2023,11-11-2023,Sara Martinez,Corporate,South,Office Supplies,Art,155.18,2,0.5,-1.16
ORD-13332,10-10-2024,11-10-2024,Grace Chen,Consumer,Central,Office Supplies,Storage,4.56,1,0.5,-0.48
ORD-17587,14-08-2022,18-08-2022,Maria Khan,Corporate,East,Office Supplies,Binders,347.85,3,0.15,26.1
ORD-12815,19-11-2022,20-11-2022,John Lee,Corporate,East,Furniture,Chairs,3078.48,3,0,-277.36
ORD-13964,04-12-2023,07-12-2023,John Lewis,Corporate,South,Furniture,Bookcases,3890.24,5,0.2,-29.03
ORD-17606,21-11-2024,23-11-2024,Grace Patel,Corporate,West,Furniture,Bookcases,1704.44,2,0.1,146.22
ORD-15381,01-07-2022,03-07-2022,Anna Martinez,Consumer,East,Office Supplies,Storage,389.92,4,0.2,-11.87
ORD-15939,11-04-2022,13-04-2022,Kevin Walker,Home Office, East ,Office Supplies,Binders,273.4,3,0.4,-18.46
ORD-18916,16-12-2024,19-12-2024,Wei Brown,Consumer,Central,Technology,Accessories,3169.25,6,0.2,597.77
ORD-13241,20-09-2022,25-09-2022,Kevin Lewis,Corporate,Central,Furniture,Tables,1492.59,3,0,21.59
ORD-12793,27-12-2022,28-12-2022,Sara Rodriguez,Home Office,East,Technology,Machines,3400.72,4,0,892.3
ORD-15733,07-11-2022,11-11-2022,Mohammed Chen,Corporate,West,Office Supplies,Storage,15.92,1,0.3,3.54
ORD-12524,09-12-2024,12-12-2024,Mohammed Brown,Consumer,East,Office Supplies,Labels,443.47,2,0.1,125.88
ORD-11735,24-09-2022,25-09-2022,Maria Patel,Home Office,West,Furniture,Bookcases,595.98,1,0.2,62.76
ORD-17960,07-12-2023,08-12-2023,David Patel,Corporate,West,Technology,Accessories,2075.33,3,0.4,-588.2
ORD-13124,21-06-2024,22-06-2024,,Consumer,Central,Office Supplies,Storage,362.09,4,0.4,-10.81
ORD-14940,04-09-2023,05-09-2023,James Chen,Corporate,Central,Furniture,Chairs,2458.84,4,0,445.92
ORD-17975,07-09-2022,09-09-2022,,Corporate,West,Furniture,Furnishings,406.42,1,0.1,44.69
ORD-10273,26-11-2023,30-11-2023,Kevin Lee,Consumer,East,Office Supplies,Storage,32.63,1,0.3,-5.9
ORD-19644,04-07-2023,06-07-2023,Tom Martinez,Corporate,East,Office Supplies,Storage,143.22,1,0.2,23.47
ORD-17021,16-03-2022,17-03-2022,Fatima Davis,Consumer,West,Furniture,Chairs,533.96,1,0.15,-84.73
ORD-19443,02-07-2022,05-07-2022,Wei Young,Corporate,East,Office Supplies,Paper,190.05,1,0.1,72.8
ORD-16555,04-04-2022,08-04-2022,Maria Wilson,Consumer,Central,Office Supplies,Binders,53.12,4,0.2,4.16
ORD-15578,25-08-2024,28-08-2024,John Wilson,Consumer,East,Technology,Accessories,3038.9,2,0,864.93
ORD-15496,27-02-2022,03-03-2022,David Garcia,Corporate,East,Office Supplies,Art,190.48,1,0.2,17.12
ORD-11452,18-08-2022,19-08-2022,James Johnson,Home Office,West,Furniture,Furnishings,644.58,5,,31.66
ORD-12692,24-08-2023,26-08-2023,Carlos Rodriguez,Consumer,East,Technology,Phones,9516,4,0,2689.9
ORD-12767,03-11-2023,06-11-2023,Carlos Garcia,Consumer,South,Office Supplies,Labels,269.86,2,0.3,-2.06
ORD-18410,26-12-2022,31-12-2022,Maria Khan,Corporate,Central,Office Supplies,Binders,170.06,5,0.3,26.87
ORD-10239,05-09-2024,09-09-2024,Fatima Garcia,Consumer,Central,Office Supplies,Storage,499.78,2,0,150.96
ORD-11131,18-12-2022,20-12-2022,Maria Lewis,Corporate,East,Furniture,Bookcases,1075.36,1,0.1,22.31
ORD-17893,14-02-2022,15-02-2022,Sara Rodriguez,Consumer,South,Office Supplies,Storage,225.45,3,0,54.09
ORD-13264,09-10-2022,14-10-2022,Kevin Lewis,Consumer,South,Office Supplies,Labels,411.12,2,0.1,103.03
ORD-15349,27-11-2023,28-11-2023,Mohammed Smith,Home Office,East,Office Supplies,Envelopes,32.57,1,0.1,1.25
ORD-15764,27-10-2024,30-10-2024,Mohammed Smith,Consumer,Central,Office Supplies,Art,369.6,2,0.2,11.21
ORD-11383,12-12-2023,13-12-2023,Mohammed Walker,Consumer,West,Furniture,Furnishings,765.8,1,0.3,109.73
ORD-13074,21-08-2024,28-08-2024,Kevin Chen,Consumer,West,Technology,Phones,2492.66,2,0.15,107.11
ORD-14860,09-09-2023,11-09-2023,Maria Brown,Corporate,East,Technology,Machines,497.21,3,0.1,-52.68
ORD-11357,22-08-2024,24-08-2024,James Lee,Consumer,Central,Technology,Machines,1342.5,2,0,458.15
ORD-14871,13-11-2024,,Tom Wilson,Consumer,South,Office Supplies,Storage,45.6,5,0.2,10.7
ORD-12630,11-06-2024,12-06-2024,Linda Young,Consumer,Central,Office Supplies,Labels,183.55,1,0.1,50.16
ORD-10624,05-12-2023,07-12-2023,Grace Wilson,Corporate,East,Office Supplies,Paper,675.04,4,0.2,80.44
ORD-10839,01-09-2024,03-09-2024,Kevin Johnson,Consumer,West,Technology,Accessories,6874.8,6,0,863.65
ORD-14723,12-12-2024,15-12-2024,Kevin Patel,Consumer,West,Office Supplies,Paper,178.86,3,0,64.92
ORD-17663,02-11-2024,07-11-2024,Linda Rodriguez,Consumer,East,Furniture,Tables,3962.64,6,0.2,-1507.63
ORD-10323,15-09-2023,17-09-2023,Grace Lee,Home Office,West,Technology,Machines,723.54,2,0.2,-24.38
ORD-11867,01-11-2023,05-11-2023,David Lewis,Corporate,East,Office Supplies,Envelopes,106.6,5,0.1,23.32
ORD-15256,16-02-2023,17-02-2023,Wei Wilson,Corporate,West,Furniture,Furnishings,425.6,1,0.15,-163.39
ORD-12826,16-02-2023,19-02-2023,,Consumer,East,Furniture,Chairs,495.24,2,0,237.27
ORD-15172,26-09-2023,27-09-2023,Kevin Davis,Corporate,East,Technology,Copiers,762.39,1,0.2,117.97
ORD-17083,12-06-2023,15-06-2023,Linda Garcia,Home Office,East,Office Supplies,Paper,755.6,4,0.1,169.55
ORD-13927,23-02-2024,26-02-2024,Wei Chen,Consumer,East,Office Supplies,Labels,177.04,1,0,35.2
ORD-18629,18-06-2024,21-06-2024,John Walker,Consumer,East,Technology,Machines,3431.42,2,0.2,-552.15
ORD-10119,01-10-2022,04-10-2022,Fatima Walker,Home Office,South,Office Supplies,Binders,46.68,3,0.5,1.17
ORD-19559,05-06-2022,12-06-2022,Priya Johnson,Corporate,South,Office Supplies,Art,36.68,1,0.4,-1.52
ORD-19408,26-05-2022,30-05-2022,Carlos Johnson,Consumer,East,Furniture,Tables,5208.85,5,0,810.75
ORD-12377,09-10-2023,13-10-2023,Priya Clark,Home Office,South,Technology,Copiers,771.53,1,0.2,54.38
ORD-15910,27-12-2024,29-12-2024,Wei Johnson,Consumer,East,Furniture,Chairs,1433.52,2,0.4,-148.43
ORD-17509,19-10-2022,20-10-2022,Priya Brown,Corporate,West,Office Supplies,Labels,872.48,4,0,130.83
ORD-19218,12-11-2022,14-11-2022,Kevin Garcia,Consumer,West,Technology,Accessories,1758,1,0,483.55
ORD-13301,07-04-2024,08-04-2024,Nina Walker,Corporate,West,Technology,Copiers,1917.2,3,0.3,-311.18
ORD-17524,04-12-2022,07-12-2022,Carlos Young,Corporate,South,Furniture,Furnishings,364.01,1,0,58.21
ORD-14172,27-09-2022,01-10-2022,Priya Young,Home Office,East,Technology,Phones,2784.4,5,0,635.97
ORD-19092,20-04-2024,23-04-2024,Maria Rodriguez,Consumer,Central,Office Supplies,Storage,101.96,1,0.15,30.26
ORD-17879,04-08-2022,05-08-2022,Linda Lewis,Consumer,West,Office Supplies,Storage,119.22,1,0.2,20.95
ORD-19524,20-12-2024,21-12-2024,Carlos Davis,Corporate,West,Technology,Accessories,671.34,1,0.3,-58.52
ORD-15037,27-05-2023,29-05-2023,Maria Khan,Consumer,South,Office Supplies,Paper,595.63,5,0.3,94.88
ORD-16721,23-02-2022,24-02-2022,John Lee,Corporate,South,Furniture,Furnishings,551.02,4,0.1,-62.72
ORD-14050,21-06-2022,23-06-2022,Carlos Patel,Consumer,West,Furniture,Bookcases,882.7,1,0.2,-75.1
ORD-16963,05-11-2024,06-11-2024,Mohammed Chen,Consumer,Central,Office Supplies,Labels,978.6,4,0,155.71
ORD-10552,08-04-2022,10-04-2022,John Young,Consumer,West,Furniture,Tables,2071.16,2,0,-497.25
ORD-10406,03-05-2022,05-05-2022,Fatima Young,Consumer,South,Technology,Phones,1363.88,1,0.1,88.07
ORD-16213,26-04-2024,27-04-2024,Grace Khan,Consumer,SOUTH,Office Supplies,Envelopes,213.08,1,0,61.99
ORD-13134,20-04-2022,24-04-2022,Fatima Rodriguez,Consumer,Central,Office Supplies,Art,114.15,1,0.1,1.46
ORD-13298,04-12-2024,06-12-2024,Sara Brown,Home Office,East,Furniture,Furnishings,494.18,1,0.5,-95.84
ORD-17479,21-04-2024,26-04-2024,Nina Rodriguez,Corporate,West,Office Supplies,Binders,643.52,4,0,-27.96
ORD-12349,07-05-2024,10-05-2024,Maria Garcia,Consumer,West,Office Supplies,Art,75.74,5,0.15,24.53
ORD-15842,21-05-2024,22-05-2024,Linda Smith,Consumer,East,Office Supplies,Envelopes,758.3,5,0,207.77
ORD-17665,18-03-2023,22-03-2023,Grace Wilson,Consumer,West,Office Supplies,Binders,597.08,4,0,72.59
ORD-10236,09-09-2022,11-09-2022,Anna Walker,Consumer,West,Office Supplies,Storage,98.6,5,0.1,28.26
ORD-15781,08-12-2022,13-12-2022,Grace Wilson,Corporate,East,Office Supplies,Art,749.92,5,0.2,64.85
ORD-16082,06-06-2023,08-06-2023,Fatima Walker,Consumer,West,Office Supplies,Binders,159.62,2,0.2,42.62
ORD-16079,27-11-2022,28-11-2022,Linda Martinez,Corporate,Central,Technology,Copiers,2145.81,3,0,194.01
ORD-17897,11-12-2023,13-12-2023,John Young,Corporate,West,Furniture,Bookcases,556.04,1,0.1,-14.93
ORD-13163,07-01-2022,08-01-2022,John Wilson,Consumer,Central,Technology,Machines,4164.72,4,0,728.81
ORD-10499,25-08-2022,26-08-2022,Carlos Young,Home Office,East,Office Supplies,Paper,93.56,2,0,24.5
ORD-14918,06-09-2024,07-09-2024,Wei Chen,Consumer,Central,Office Supplies,Binders,10.5,2,0.2,2.46
ORD-13625,07-08-2023,08-08-2023,Fatima Chen,Corporate,South,Furniture,Chairs,1702.8,3,0.2,-397.83
ORD-13127,20-04-2022,23-04-2022,Linda Patel,Consumer, East ,Office Supplies,Art,30.48,2,0.2,5.07
ORD-18986,14-01-2022,15-01-2022,Grace Lee,Consumer,Central,Technology,Phones,1771.84,1,0,179.68
ORD-13358,01-10-2024,02-10-2024,Fatima Rodriguez,Consumer,East,Furniture,Furnishings,3097.93,3,0.1,-274.92
ORD-19182,10-02-2022,13-02-2022,David Clark,Consumer,East,Technology,Phones,898.09,1,0.3,65.96
ORD-17078,09-10-2023,11-10-2023,Linda Clark,Home Office,Central,Furniture,Bookcases,246.5,1,0.15,-10.42
ORD-18582,07-07-2023,11-07-2023,Priya Wilson,Consumer,Central,Furniture,Chairs,499.26,1,0.2,18.2
ORD-14839,06-03-2024,08-03-2024,Linda Smith,Consumer,East,Technology,Phones,1115.15,1,0,84.33
ORD-11217,19-08-2023,20-08-2023,Linda Martinez,Consumer,South,Technology,Copiers,833.36,1,0.1,138.55
ORD-10235,13-11-2023,15-11-2023,Maria Patel,Home Office,South,Technology,Phones,5361.66,4,0.3,-1258.04
ORD-10331,12-01-2023,13-01-2023,John Rodriguez,Consumer,South,Technology,Accessories,716.13,2,0.2,-31.78
ORD-14576,08-11-2022,10-11-2022,Kevin Rodriguez,Consumer,East,Technology,Machines,246.76,4,0,39.59
ORD-13188,13-10-2022,14-10-2022,Sara Lee,Corporate,Central,Office Supplies,Envelopes,111.06,1,0.2,6.4
ORD-17776,22-07-2023,24-07-2023,Sara Martinez,Consumer,East,Technology,Copiers,1153.75,1,0,305.61
ORD-10044,08-06-2023,09-06-2023,Nina Walker,Consumer,West,Technology,Machines,3629.31,2,0.15,191.1
ORD-17925,10-02-2023,12-02-2023,Sara Lewis,Home Office,South,Office Supplies,Art,127.7,1,0.2,28.95
ORD-14216,17-01-2023,20-01-2023,Fatima Chen,Corporate,West,Furniture,Tables,549.26,1,0.3,58.9
ORD-13072,10-11-2022,12-11-2022,Carlos Garcia,Corporate,Central,Technology,Machines,2341.33,2,0.2,91.32
ORD-17911,22-02-2024,23-02-2024,Tom Martinez,Corporate,West,Office Supplies,Storage,68.49,1,0.1,9.6
ORD-15022,07-03-2024,08-03-2024,Kevin Lewis,Consumer,West,Office Supplies,Storage,209.12,1,0.15,9.84
ORD-16659,18-05-2023,19-05-2023,Carlos Chen,Home Office,East,Furniture,Tables,170.37,1,0.4,4
ORD-11594,12-11-2023,19-11-2023,,Consumer,central,Office Supplies,Art,897.24,4,0,318.47
ORD-18415,11-02-2022,18-02-2022,Tom Chen,Consumer,East,Technology,Machines,2237.06,6,0.1,159.29
ORD-14709,24-11-2022,26-11-2022,Kevin Rodriguez,Consumer,Central,Technology,Copiers,799.36,1,0.4,10.66
ORD-12891,26-04-2023,28-04-2023,Maria Brown,Consumer,East,Technology,Machines,1000.3,2,0.15,339.46
ORD-11245,09-11-2023,12-11-2023,Nina Johnson,Corporate,East,Office Supplies,Envelopes,137.55,1,0.2,20.08
ORD-17769,04-08-2022,09-08-2022,Wei Walker,Consumer,West,Technology,Copiers,1258.26,1,0,450.55
ORD-11540,11-11-2022,15-11-2022,Grace Patel,Consumer,East,Technology,Machines,3566.61,4,0.3,357.03
ORD-14625,16-12-2023,17-12-2023,Tom Chen,Consumer,East,Furniture,Furnishings,558.82,3,0.1,-46.21
ORD-10818,21-06-2023,25-06-2023,Maria Chen,Corporate,East,Furniture,Bookcases,1687.2,4,0.4,-155.69
ORD-10155,04-12-2022,05-12-2022,Maria Martinez,Corporate,West,Furniture,Tables,3072.58,4,0.15,-195.21
ORD-17510,22-03-2023,24-03-2023,Fatima Lee,Home Office,West,Office Supplies,Storage,163.31,1,0,23.01
ORD-16744,07-08-2023,10-08-2023,Wei Rodriguez,Consumer,East,Office Supplies,Storage,1079.57,6,0.2,67.34
ORD-18635,01-01-2023,05-01-2023,Grace Martinez,Home Office,Central,Office Supplies,Art,8.5,2,0.3,-1.4
ORD-10248,01-06-2024,04-06-2024,David Martinez,Corporate,Central,Furniture,Bookcases,1429.59,3,0.5,-276.76
ORD-14014,07-07-2022,09-07-2022,John Martinez,Consumer,South,Office Supplies,Envelopes,434.64,3,0,109.35
ORD-17609,26-08-2023,30-08-2023,Nina Walker,Consumer,South,Office Supplies,Storage,55.1,1,0.2,2.11
ORD-15226,11-04-2023,15-04-2023,Tom Khan,Consumer,West,Office Supplies,Paper,310.63,2,0.3,-66.4
ORD-18174,17-09-2022,20-09-2022,Grace Khan,Consumer,East,Furniture,Furnishings,242.23,1,0.1,-42.38
ORD-18985,17-06-2023,18-06-2023,Linda Lee,Consumer,West,Furniture,Chairs,495.46,3,0.2,-149.38
ORD-18119,20-11-2022,21-11-2022,Kevin Davis,Consumer,East,Furniture,Tables,4723.61,5,0.1,497.96
ORD-13189,05-12-2023,06-12-2023,Linda Davis,Consumer,South,Furniture,Chairs,812.06,2,0.2,-15.5
ORD-12649,04-06-2024,08-06-2024,Maria Rodriguez,Corporate,Central,Office Supplies,Art,304.61,2,0.1,96.55
ORD-10628,17-11-2022,20-11-2022,Priya Garcia,Consumer,East,Office Supplies,Paper,32.9,1,0.2,5.99
ORD-11230,23-11-2022,28-11-2022,John Rodriguez,Home Office,Central,Office Supplies,Binders,56.08,1,0,21.71
ORD-12339,04-05-2024,08-05-2024,Linda Davis,Consumer,West,Office Supplies,Labels,53.24,1,0,9.6
ORD-17707,10-07-2024,13-07-2024,David Johnson,Home Office,West,Technology,Accessories,1744.19,4,0.2,357.56
ORD-16830,17-05-2023,18-05-2023,Fatima Khan,Home Office,East,Technology,Copiers,1007.68,1,0.1,204.93
ORD-17368,01-03-2023,04-03-2023,Linda Young,Corporate,West,Technology,Phones,2810.03,2,0.2,774.34
ORD-11451,14-03-2024,15-03-2024,Carlos Young,Home Office,South,Furniture,Furnishings,50.89,1,0.2,-5.01
ORD-11828,19-03-2022,21-03-2022,Mohammed Rodriguez,Home Office,West,Furniture,Bookcases,4427.4,5,0,-1016.72
ORD-19018,19-06-2022,22-06-2022,Sara Lewis,Consumer,Central,Furniture,Bookcases,798.37,2,0.15,153.59
ORD-11639,05-06-2022,12-06-2022,Sara Smith,Corporate,East,Office Supplies,Paper,202.75,4,0.3,9.96
ORD-13864,11-12-2024,12-12-2024,Grace Johnson,Home Office,East,Office Supplies,Envelopes,357.99,6,0.5,4.91
ORD-17937,14-11-2023,15-11-2023,Anna Martinez,Consumer,South,Office Supplies,Labels,199.07,1,0.15,9.38
ORD-13420,16-12-2022,21-12-2022,Linda Young,Corporate,West,Furniture,Furnishings,1345.53,3,0,-30.17
ORD-13767,02-12-2023,07-12-2023,Nina Lee,Consumer,East,Technology,Machines,1344.61,1,0.3,352.07
ORD-18727,07-01-2022,09-01-2022,Priya Wilson,Consumer,West,Technology,Machines,652.05,3,0,55.81
ORD-15906,23-08-2024,25-08-2024,Anna Smith,Corporate,South,Furniture,Chairs,895.96,1,0,-353.77
ORD-18346,01-04-2024,05-04-2024,Wei Martinez,Corporate,East,Office Supplies,Storage,8.3,2,0.2,-0.27
ORD-15596,06-10-2023,07-10-2023,Grace Khan,Home Office,East,Office Supplies,Paper,330.66,6,0,87.75
ORD-13149,01-09-2023,05-09-2023,David Johnson,Home Office,East,Office Supplies,Envelopes,50.17,1,0.15,12.53
ORD-18514,24-01-2024,25-01-2024,Fatima Young,Consumer,East,Furniture,Tables,961.02,3,0,30.04
ORD-15806,01-04-2022,03-04-2022,Grace Chen,Consumer,CENTRAL,Office Supplies,Storage,1075.59,5,0.1,261.38
ORD-14110,04-12-2022,08-12-2022,Grace Johnson,Corporate,West,Office Supplies,Envelopes,227.52,1,,29.78
ORD-11798,21-05-2024,24-05-2024,John Wilson,Consumer,East,Office Supplies,Binders,383.49,2,0.15,18.25
ORD-18274,06-10-2023,09-10-2023,Anna Brown,Home Office,East,Office Supplies,Storage,19.28,2,0.4,-0.83
ORD-11988,26-10-2023,30-10-2023,Kevin Rodriguez,Corporate,West,Furniture,Furnishings,731.34,2,0.2,-6.01
ORD-11574,10-12-2024,12-12-2024,Grace Clark,Home Office,Central,Office Supplies,Art,239.16,3,0,75.86
ORD-12723,23-09-2024,24-09-2024,Kevin Davis,Consumer,West,Furniture,Bookcases,3378.19,6,0.2,648.93
ORD-12058,16-04-2024,19-04-2024,Mohammed Brown,Consumer,East,Office Supplies,Storage,416.16,3,0.4,9.06
ORD-19366,23-05-2022,25-05-2022,Linda Clark,Corporate,East,Office Supplies,Labels,934.98,6,0,124.89
ORD-14509,09-06-2022,11-06-2022,Linda Young,Consumer,East,Technology,Machines,5942.02,3,0.1,-751.69
ORD-14261,04-08-2023,06-08-2023,John Khan,Home Office,Central,Technology,Phones,1123.32,4,0,238.77
ORD-16251,01-02-2024,04-02-2024,Maria Khan,Corporate,West,Office Supplies,Storage,769.49,4,0.15,137.3
ORD-10614,24-11-2022,25-11-2022,Anna Garcia,Consumer,South,Office Supplies,Paper,146.19,1,0.2,22.26
ORD-13093,10-03-2023,12-03-2023,Grace Lewis,Home Office,West,Office Supplies,Art,458.58,3,0,106.98
ORD-13450,06-11-2024,08-11-2024,Linda Garcia,Corporate,East,Office Supplies,Art,714.84,5,0.3,-44.31
ORD-11014,09-11-2023,11-11-2023,James Young,Consumer,West,Office Supplies,Paper,416.98,2,0,23.22
ORD-11716,07-07-2024,09-07-2024,Linda Johnson,Corporate,South,Office Supplies,Art,550.5,5,0,238.32
ORD-13905,12-04-2023,14-04-2023,James Smith,Home Office,East,Office Supplies,Paper,325.8,2,0,75.87
ORD-17500,10-08-2023,11-08-2023,Kevin Johnson,Corporate,South,Technology,Machines,360.82,1,0.2,56.34
ORD-13418,24-11-2024,01-12-2024,Tom Brown,Home Office,South,Office Supplies,Binders,555.43,4,0.4,-1.72
ORD-14651,10-02-2024,11-02-2024,Wei Walker,Corporate,South,Technology,Phones,4151,5,0,1115.26
ORD-13100,20-12-2022,27-12-2022,Tom Davis,Consumer,South,Office Supplies,Storage,364.68,3,0.15,6.62
ORD-16464,08-05-2023,11-05-2023,Sara Patel,Consumer,West,Technology,Accessories,3757.44,3,0,1226.58
ORD-19712,23-05-2023,25-05-2023,Fatima Johnson,Consumer,South,Furniture,Tables,176.9,1,,-15.59
ORD-11211,06-03-2024,08-03-2024,Grace Brown,Corporate,South,Technology,Machines,1540.54,4,0.4,-288.09
ORD-19692,09-04-2023,11-04-2023,Tom Young,Corporate,East,Office Supplies,Labels,402.84,5,0.2,105.07
ORD-18826,18-04-2022,20-04-2022,Fatima Rodriguez,Consumer,East,Furniture,Tables,792.13,2,0.3,-28.62
ORD-19247,01-05-2024,08-05-2024,Tom Patel,Consumer,Central,Technology,Machines,737.89,1,0,51.02
ORD-18988,06-12-2023,10-12-2023,John Davis,Home Office,east,Office Supplies,Envelopes,21.22,2,0.15,5.43
ORD-17086,22-10-2022,27-10-2022,Linda Garcia,Consumer,South,Technology,Accessories,1521.83,1,0,305.54
ORD-15187,11-01-2023,13-01-2023,Maria Johnson,Corporate,West,Office Supplies,Storage,140.83,3,0.1,22.99
ORD-14270,06-02-2023,07-02-2023,James Young,Corporate,East,Office Supplies,Storage,861.96,4,0,71.52
ORD-12814,19-09-2023,20-09-2023,David Patel,Corporate,East,Office Supplies,Art,106.09,1,0.1,22.24
ORD-11080,24-03-2024,26-03-2024,Linda Lee,Corporate,Central,Office Supplies,Storage,29.27,1,0,2.84
ORD-11607,27-02-2023,28-02-2023,Grace Brown,Consumer,West,Furniture,Tables,2724.52,3,0.15,-250.16
ORD-18336,09-11-2022,12-11-2022,Carlos Brown,Consumer,South,Technology,Phones,4001.22,4,0.1,426.97
ORD-14241,04-11-2023,05-11-2023,Priya Clark,Consumer,East,Office Supplies,Paper,377.63,2,0.2,3.73
ORD-10090,09-04-2024,14-04-2024,Kevin Walker,Consumer,South,Office Supplies,Paper,526.43,6,0.3,138.75
ORD-17846,20-10-2024,24-10-2024,Nina Brown,Home Office,Central,Office Supplies,Storage,135.33,1,0,33.69
ORD-17930,02-02-2022,03-02-2022,Kevin Patel,Consumer,West,Office Supplies,Storage,423.74,2,0.1,75.6
ORD-10682,24-11-2023,25-11-2023,Tom Garcia,Home Office,Central,Office Supplies,Envelopes,38.21,4,0.2,7.18
ORD-18041,07-12-2024,08-12-2024,Anna Martinez,Consumer,Central,Furniture,Furnishings,1557.02,2,0,163.9
ORD-18285,27-10-2022,28-10-2022,Kevin Clark,Corporate,Central,Furniture,Chairs,154.97,1,0,17.49
ORD-19026,18-10-2024,19-10-2024,Kevin Davis,Corporate,West,Office Supplies,Binders,15.7,1,0.2,0.05
ORD-16052,11-06-2024,13-06-2024,Anna Young,Consumer,East,Technology,Copiers,1900.58,2,0,550.57
ORD-16005,11-01-2023,13-01-2023,Wei Martinez,Consumer,East,Technology,Machines,6840.95,5,0.1,2185.05
ORD-15131,17-11-2024,,Mohammed Rodriguez,Corporate,WEST,Technology,Phones,250.34,1,0.2,50.24
ORD-11400,18-02-2023,23-02-2023,Fatima Wilson,Corporate,Central,Office Supplies,Paper,146.69,1,0.3,9.68
ORD-17255,21-01-2024,25-01-2024,Tom Johnson,Home Office,East,Office Supplies,Storage,165.12,3,0.3,28.97
ORD-12262,02-12-2024,06-12-2024,Linda Khan,Consumer,West,Technology,Copiers,2040.36,1,0,160.58
ORD-13245,13-11-2023,17-11-2023,Kevin Lee,Home Office,West,Technology,Copiers,1124.74,1,0.2,-169.86
ORD-19190,18-03-2022,19-03-2022,Tom Clark,Home Office,West,Technology,Phones,3847.59,3,0.4,240.38
ORD-10853,02-04-2024,04-04-2024,Kevin Smith,Corporate,Central,Furniture,Furnishings,726.62,4,0.2,-69.63
ORD-19334,04-05-2022,06-05-2022,Carlos Clark,Home Office,West,Office Supplies,Paper,437.66,4,0.2,1.57
ORD-17843,27-08-2022,28-08-2022,Wei Chen,Home Office,East,Technology,Accessories,7849.6,4,0,-771.48
ORD-12274,05-08-2024,06-08-2024,Maria Johnson,Consumer,South,Technology,Phones,229,1,0.4,3.53
ORD-17040,12-12-2023,15-12-2023,John Smith,Corporate,Central,Office Supplies,Paper,308.1,5,0,100.17
ORD-17562,07-11-2024,12-11-2024,Grace Rodriguez,Consumer,East,Office Supplies,Envelopes,383.88,3,0.15,38.54
ORD-14497,19-12-2022,20-12-2022,Kevin Clark,Consumer,West,Office Supplies,Storage,139.26,1,0.2,34.52
ORD-17572,22-07-2024,24-07-2024,Linda Khan,Corporate,West,Furniture,Furnishings,1891.34,2,0,129.68
ORD-11103,25-04-2023,29-04-2023,Carlos Clark,Home Office,East,Office Supplies,Envelopes,396.51,4,0.15,96.04
ORD-10084,10-05-2024,13-05-2024,Tom Davis,Consumer,Central,Office Supplies,Labels,71.55,3,0,13.87
ORD-15952,08-06-2023,11-06-2023,Mohammed Martinez,Consumer,Central,Office Supplies,Paper,22.1,2,0.15,2.17
ORD-14210,17-03-2023,19-03-2023,Nina Clark,Home Office,Central,Office Supplies,Art,21.56,2,0,4
ORD-16814,04-10-2023,05-10-2023,Grace Smith,Corporate,West,Furniture,Tables,2848.5,3,0,-862.89
ORD-15681,27-02-2023,02-03-2023,Priya Lewis,Consumer,West,Office Supplies,Paper,58.75,3,0.15,1.9
ORD-13440,25-07-2023,26-07-2023,Mohammed Garcia,Consumer,East,Office Supplies,Paper,87.83,1,0.2,9.62
ORD-11567,12-12-2022,14-12-2022,Kevin Patel,Consumer,West,Furniture,Bookcases,544.08,3,0.5,-277.71
ORD-17033,13-06-2022,15-06-2022,Anna Wilson,Consumer,South,Furniture,Tables,578.26,1,0.1,23.76
ORD-15597,23-12-2022,24-12-2022,Mohammed Martinez,Corporate,Central,Office Supplies,Labels,310.61,4,0.4,-29.11
ORD-11660,03-03-2024,04-03-2024,David Lee,Home Office,East,Office Supplies,Envelopes,422.55,5,0.5,-101
ORD-13764,13-10-2022,14-10-2022,James Brown,Consumer,Central,Office Supplies,Art,842.35,6,0.2,178.79
ORD-13584,08-12-2024,11-12-2024,Carlos Khan,Corporate,Central,Office Supplies,Labels,287.22,2,0.3,-3.45
ORD-16951,02-03-2022,06-03-2022,Kevin Lee,Corporate,West,Technology,Copiers,7691.44,4,0.1,784.12
ORD-12874,02-12-2022,07-12-2022,Tom Rodriguez,Corporate,West,Furniture,Bookcases,255.52,1,0.3,-92.47
ORD-12884,01-12-2024,03-12-2024,Priya Martinez,Corporate,West,Office Supplies,Storage,364.4,3,0.15,18.26
ORD-13007,15-08-2024,18-08-2024,Mohammed Brown,Consumer,East,Furniture,Bookcases,2316.28,3,0.1,-608.25
ORD-11826,18-12-2022,20-12-2022,Grace Walker,Consumer,East,Office Supplies,Paper,184.17,3,0,69.08
ORD-15929,01-04-2024,03-04-2024,Carlos Walker,Corporate,East,Technology,Machines,1170.25,1,0.15,225.28
ORD-12640,12-01-2022,17-01-2022,John Young,Consumer,East,Office Supplies,Envelopes,214.69,1,0.1,52.92
ORD-15701,02-08-2023,07-08-2023,James Clark,Home Office,South,Furniture,Furnishings,511.73,2,0.3,-148.23
ORD-18535,04-09-2024,05-09-2024,Grace Johnson,Consumer,South,Furniture,Chairs,1153.04,3,0.1,231.58
ORD-16437,20-08-2024,23-08-2024,Mohammed Smith,Corporate,West,Furniture,Bookcases,4072.6,4,0,774.37
ORD-16322,02-09-2023,03-09-2023,Anna Clark,Corporate,South,Technology,Accessories,2727.1,2,0.2,-72.33
ORD-12707,21-07-2022,23-07-2022,Fatima Young,Consumer,East,Office Supplies,Paper,572.63,4,0.15,12.8
ORD-16158,02-12-2022,06-12-2022,Carlos Wilson,Consumer,Central,Office Supplies,Labels,230.52,5,0.2,24.28
ORD-17854,11-11-2023,12-11-2023,David Lee,Home Office,South,Office Supplies,Labels,20.55,1,0.1,2.66
ORD-19302,12-10-2023,15-10-2023,,Home Office,West,Furniture,Furnishings,1219.29,3,0,460.6
ORD-12213,23-09-2022,24-09-2022,Maria Patel,Consumer, West ,Technology,Machines,1422.48,1,0.15,374.58
ORD-11359,12-09-2022,19-09-2022,Grace Patel,Consumer,West,Office Supplies,Labels,311.58,3,0.1,82.15
ORD-12107,01-04-2023,02-04-2023,Tom Clark,Consumer,East,Office Supplies,Envelopes,530.47,3,0.1,88.64
ORD-14805,25-02-2023,28-02-2023,Tom Clark,Corporate,East,Technology,Accessories,700.58,1,0,-34.67
ORD-15974,03-02-2024,06-02-2024,Carlos Khan,Consumer,East,Office Supplies,Binders,70.25,1,0.15,9.23
ORD-16820,06-02-2023,09-02-2023,Nina Davis,Corporate,East,Office Supplies,Labels,343.59,3,0,-0.93
ORD-12828,03-12-2024,08-12-2024,James Martinez,Corporate,East,Office Supplies,Labels,46.71,1,0,10.09
ORD-10424,16-05-2024,17-05-2024,Nina Lewis,Consumer,West,Office Supplies,Labels,13.39,1,0.1,1.62
ORD-10292,23-01-2024,24-01-2024,Linda Davis,Consumer,West,Technology,Machines,1452.68,2,0,398.74
ORD-11065,09-12-2024,14-12-2024,James Lewis,Consumer,Central,Technology,Machines,1281.93,3,0,130.79
ORD-17017,10-04-2024,14-04-2024,Linda Johnson,Consumer,Central,Furniture,Furnishings,420.97,1,0.3,-72.94
ORD-15734,19-01-2022,24-01-2022,David Johnson,Consumer,West,Office Supplies,Storage,116.08,2,0.1,4.98
ORD-15108,23-12-2024,24-12-2024,James Lewis,Corporate,East,Office Supplies,Envelopes,188.69,1,0,6.54
ORD-17196,18-10-2024,25-10-2024,Anna Clark,Consumer,South,Furniture,Bookcases,288.51,1,0.15,-93.77
ORD-10937,25-07-2022,28-07-2022,Maria Brown,Consumer,South,Office Supplies,Envelopes,177.77,1,0.1,18.04
ORD-13779,13-11-2022,18-11-2022,Anna Smith,Consumer,East,Furniture,Furnishings,4481.41,5,0.15,-226.8
ORD-16893,10-12-2024,12-12-2024,Grace Garcia,Corporate,West,Technology,Copiers,9684.77,5,0.15,2605.29
ORD-18446,05-06-2022,07-06-2022,Grace Khan,Consumer,East,Technology,Phones,9567.99,6,0.1,274.55
ORD-19136,12-11-2024,16-11-2024,James Khan,Home Office,East,Office Supplies,Paper,439.12,2,0,61.62
ORD-19791,08-01-2022,13-01-2022,Carlos Brown,Consumer,Central,Office Supplies,Art,15.54,1,0.2,3.9
ORD-16280,16-03-2024,20-03-2024,John Clark,Consumer,East,Technology,Copiers,7269.6,3,0,1095.91
ORD-13266,03-04-2023,05-04-2023,David Young,Corporate,East,Office Supplies,Art,213.33,3,0.1,47.56
ORD-17346,24-09-2022,27-09-2022,Maria Chen,Consumer,West,Technology,Phones,1036.84,1,0,164.14
ORD-17723,16-06-2023,17-06-2023,Grace Wilson,Corporate,East,Office Supplies,Storage,34.26,1,0,11.08
ORD-14819,23-01-2023,24-01-2023,Priya Clark,Consumer,East,Technology,Phones,57.76,1,0.5,-6.41
ORD-10969,08-08-2024,10-08-2024,John Rodriguez,Corporate,Central,Furniture,Furnishings,1288.37,2,0.2,-302.99
ORD-10496,27-09-2023,02-10-2023,Carlos Young,Consumer,Central,Office Supplies,Binders,691.09,4,0.1,72.77
ORD-15835,06-04-2024,09-04-2024,Wei Walker,Consumer,East,Office Supplies,Labels,119.31,1,0.2,19.88
ORD-18529,09-01-2024,11-01-2024,Tom Johnson,Consumer,South,Office Supplies,Storage,129.35,1,0.4,2.83
ORD-14704,17-06-2024,20-06-2024,Sara Rodriguez,Consumer,Central,Technology,Copiers,6521.37,4,0.15,-1018.88
ORD-11148,10-11-2024,12-11-2024,John Clark,Home Office,East,Office Supplies,Binders,688.92,4,0,211.41
ORD-15809,19-10-2024,22-10-2024,Wei Garcia,Corporate,East,Furniture,Bookcases,814.28,1,0.15,181.56
ORD-17372,19-06-2024,20-06-2024,Carlos Khan,Corporate,Central,Office Supplies,Labels,239.5,2,0.15,29.71
ORD-15005,08-04-2022,09-04-2022,Carlos Martinez,Corporate,East,Technology,Phones,4805.37,3,0.15,1606.41
ORD-13968,05-07-2022,10-07-2022,Kevin Smith,Corporate,South,Office Supplies,Storage,102.5,1,0.4,-7.59
ORD-12151,13-08-2024,14-08-2024,Priya Chen,Home Office,West,Office Supplies,Labels,626.24,4,0,169.62
ORD-17761,04-12-2022,07-12-2022,Mohammed Khan,Home Office,East,Technology,Phones,2127.2,5,0.2,-246.53
ORD-12491,16-08-2024,18-08-2024,Priya Patel,Consumer,East,Furniture,Furnishings,824.22,1,0.3,-246.38
ORD-14815,21-10-2022,24-10-2022,Grace Lewis,Home Office,East,Office Supplies,Art,127.36,1,0.15,7.79
ORD-12824,01-02-2023,04-02-2023,Mohammed Chen,Consumer,South,Office Supplies,Storage,93.65,4,0.4,-0.65
ORD-15665,13-06-2022,15-06-2022,Mohammed Smith,Consumer,South,Technology,Machines,301.27,1,0.2,3.73
ORD-17038,03-09-2022,05-09-2022,Grace Chen,Consumer,West,Furniture,Chairs,1191.98,2,0.1,-58.7
ORD-12275,07-04-2023,09-04-2023,Fatima Lee,Consumer,Central,Furniture,Chairs,389.33,1,0,-148.87
ORD-18626,20-11-2022,23-11-2022,Kevin Walker,Corporate,East,Furniture,Bookcases,251.87,1,0.15,68.3
ORD-18167,03-02-2024,,Carlos Chen,Corporate,West,Office Supplies,Labels,309.66,5,0.15,13.04
ORD-15395,15-03-2024,16-03-2024,Grace Davis,Home Office,Central,Technology,Copiers,4004.4,2,0,736.45
ORD-16270,04-12-2023,,Anna Clark,Home Office,East,Office Supplies,Envelopes,583.11,3,0,111.83
ORD-13755,10-01-2022,12-01-2022,Grace Walker,Corporate,East,Office Supplies,Storage,71.2,3,0.1,0.38
ORD-17917,20-12-2022,27-12-2022,Tom Wilson,Consumer,South,Office Supplies,Storage,410.1,3,0,112.09
ORD-17204,24-12-2022,29-12-2022,Carlos Wilson,Consumer,East,Office Supplies,Art,310.14,2,0,27.31
ORD-13211,22-02-2023,24-02-2023,Nina Young,Corporate,East,Technology,Machines,943.9,2,0.1,194.98
ORD-14308,03-12-2022,07-12-2022,James Rodriguez,Corporate,East,Office Supplies,Art,400.5,6,0.5,-37.17
ORD-14992,26-11-2024,28-11-2024,Wei Johnson,Consumer,South,Office Supplies,Binders,459.84,4,0.3,-54.78
ORD-13540,14-11-2022,16-11-2022,David Brown,Consumer,Central,Technology,Machines,2823.84,2,0,35.7
ORD-11941,22-06-2023,23-06-2023,Wei Lewis,Corporate,Central,Office Supplies,Envelopes,41.03,1,0.3,4.6
ORD-13599,04-12-2024,06-12-2024,Carlos Smith,Corporate,West,Furniture,Furnishings,871.28,2,0,188.67
ORD-15385,13-07-2024,14-07-2024,Nina Brown,Consumer,East,Office Supplies,Art,195.13,1,0,28.98
ORD-19457,11-12-2024,14-12-2024,Tom Smith,Consumer,West,Furniture,Chairs,1290.01,2,0.1,428.92
ORD-14438,11-06-2023,12-06-2023,Carlos Khan,Consumer,South,Office Supplies,Paper,74.55,1,0,26.2
ORD-12597,21-10-2024,23-10-2024,Tom Davis,Consumer,West,Furniture,Bookcases,1778.76,2,0,557.13
ORD-11410,19-12-2023,21-12-2023,Maria Lewis,Corporate,South,Technology,Copiers,474.06,1,0.2,-8.72
ORD-11214,07-12-2023,10-12-2023,James Clark,Home Office,South,Office Supplies,Binders,343.08,4,0.3,-36.23
ORD-19158,27-09-2024,28-09-2024,Anna Johnson,Consumer,East,Technology,Phones,1826.61,1,0,369.28
ORD-19422,12-11-2022,13-11-2022,Fatima Chen,Corporate,West,Office Supplies,Labels,387.9,2,0.2,-26.35
ORD-16439,11-11-2022,12-11-2022,Sara Clark,Consumer,West,Technology,Phones,999.42,3,0,163.93
ORD-14791,04-06-2023,08-06-2023,Carlos Smith,Corporate,East,Office Supplies,Paper,95.93,2,0.3,3.8
ORD-17596,11-12-2024,12-12-2024,Mohammed Johnson,Consumer,East,Office Supplies,Labels,60.85,1,0,23.79
ORD-16217,19-12-2024,22-12-2024,Kevin Young,Home Office,South,Furniture,Furnishings,775.49,2,0.2,-205.12
ORD-10605,16-08-2022,21-08-2022,Grace Patel,Corporate,Central,Furniture,Tables,393.09,1,0,-13.75
ORD-18296,22-04-2022,25-04-2022,Nina Rodriguez,Consumer,East,Technology,Phones,854.1,2,0.5,150.74
ORD-10645,09-05-2022,11-05-2022,Mohammed Brown,Consumer,Central,Furniture,Tables,522.1,1,0,135.82
ORD-15500,01-06-2023,06-06-2023,Carlos Wilson,Consumer, East ,Office Supplies,Paper,141.66,1,0.2,10.05
ORD-13088,03-06-2023,08-06-2023,Sara Wilson,Corporate,South,Technology,Phones,1208.94,3,0,87.18
ORD-19211,23-04-2022,26-04-2022,Nina Johnson,Consumer,South,Office Supplies,Paper,140.69,1,0,35.23
ORD-18283,22-08-2022,27-08-2022,Kevin Young,Home Office,West,Technology,Accessories,610.63,1,0,99.91
ORD-15208,16-08-2023,19-08-2023,Wei Martinez,Consumer,West,Furniture,Chairs,1745.44,3,0.3,-948.87
ORD-12870,21-05-2023,22-05-2023,Wei Garcia,Corporate,Central,Office Supplies,Storage,165.78,1,0.2,20.13
ORD-19100,11-12-2024,16-12-2024,Anna Brown,Consumer,South,Furniture,Tables,1182.74,2,0.15,444.57
ORD-15570,11-05-2024,13-05-2024,Maria Patel,Consumer,East,Office Supplies,Art,849.84,4,0,225.01
ORD-15837,01-12-2024,04-12-2024,Sara Lewis,Corporate,Central,Office Supplies,Labels,141.58,1,0.15,-4.45
ORD-18430,13-05-2022,17-05-2022,John Lewis,Home Office,West,Office Supplies,Art,448,5,0,81.06
ORD-13140,01-08-2024,05-08-2024,Fatima Chen,Consumer,Central,Technology,Phones,149.5,1,0,6.33
ORD-19134,09-01-2022,12-01-2022,Anna Davis,Corporate,Central,Furniture,Bookcases,2098.98,5,0.3,-810.19
ORD-19462,21-08-2022,28-08-2022,Nina Martinez,Home Office,East,Technology,Copiers,2633.94,3,0,1010.67
ORD-10938,24-09-2024,28-09-2024,Grace Patel,Consumer,South,Furniture,Chairs,1000.32,1,0,-445.69
ORD-15520,18-09-2022,21-09-2022,James Walker,Consumer,Central,Furniture,Tables,642.86,2,0,123.4
ORD-13229,11-05-2022,15-05-2022,Grace Wilson,Consumer,South,Office Supplies,Labels,148.78,1,0.1,40.7
ORD-11862,12-03-2022,15-03-2022,Mohammed Rodriguez,Home Office,East,Technology,Phones,5047.32,4,0,1490.04
ORD-11669,27-11-2024,02-12-2024,Maria Patel,Consumer,South,Office Supplies,Labels,535.78,3,0.15,59.85
ORD-18197,23-11-2023,25-11-2023,Anna Smith,Corporate,South,Office Supplies,Envelopes,221.33,1,0,19.16
ORD-14343,10-09-2023,13-09-2023,Maria Walker,Consumer,South,Technology,Copiers,4832.66,4,0.15,649.52
ORD-13943,16-07-2024,21-07-2024,James Chen,Corporate,East,Office Supplies,Paper,27.78,1,0.2,4.51
ORD-13013,20-11-2024,22-11-2024,Carlos Wilson,Consumer,Central,Office Supplies,Binders,522.05,5,0,164.14
ORD-10018,23-06-2024,25-06-2024,Linda Rodriguez,Home Office,West,Office Supplies,Storage,189.43,2,0.15,40.73
ORD-17574,04-06-2022,05-06-2022,James Clark,Corporate,South,Office Supplies,Labels,216.21,2,0.5,-16.11
ORD-16577,01-04-2022,03-04-2022,Kevin Garcia,Home Office,West,Office Supplies,Paper,188.96,5,0.1,41.91
ORD-19003,04-03-2022,,John Rodriguez,Corporate,Central,Office Supplies,Binders,623.85,3,0,208.62
ORD-19492,14-12-2022,15-12-2022,James Rodriguez,Consumer,East,Technology,Copiers,1104.54,4,0.2,34.59
ORD-15431,25-09-2023,26-09-2023,Grace Lee,Consumer,Central,Furniture,Chairs,500.3,1,0.15,45.45
ORD-18452,01-04-2023,03-04-2023,Fatima Lewis,Home Office,East,Office Supplies,Envelopes,308.9,2,0.2,25.98
ORD-11570,18-04-2024,20-04-2024,Sara Young,Corporate,South,Office Supplies,Envelopes,597.48,3,0,108.34
ORD-11743,13-12-2024,18-12-2024,David Patel,Consumer,East,Office Supplies,Envelopes,766.4,5,0,84.29
ORD-17009,18-09-2023,23-09-2023,Priya Brown,Home Office,South,Office Supplies,Paper,214.21,2,0.2,9.14
ORD-10520,19-10-2023,22-10-2023,David Wilson,Consumer,West,Furniture,Tables,696.12,1,0.15,-86.24
ORD-13937,15-11-2023,17-11-2023,Kevin Smith,Home Office,West,Technology,Copiers,7361,4,0.15,1801.19
ORD-11658,14-04-2024,19-04-2024,Tom Rodriguez,Home Office,East,Office Supplies,Storage,56.02,1,0.15,8.13
ORD-13472,26-08-2022,30-08-2022,James Walker,Consumer,West,Technology,Copiers,6310.85,4,0.2,-453.16
ORD-12475,02-03-2024,05-03-2024,Tom Patel,Home Office,Central,Furniture,Furnishings,699.2,2,0,207.8
ORD-13948,16-01-2022,21-01-2022,Grace Patel,Corporate,East,Furniture,Bookcases,702.75,2,0.2,-113.78
ORD-13934,01-06-2023,06-06-2023,Tom Chen,Corporate,South,Office Supplies,Labels,365.21,3,0.2,-45.02
ORD-17153,17-12-2023,21-12-2023,Maria Martinez,Corporate,Central,Technology,Machines,4979.76,3,0,787.14
ORD-10763,12-09-2022,14-09-2022,David Garcia,Corporate,Central,Technology,Accessories,1631.6,2,0.4,-37.95
ORD-14703,08-03-2023,10-03-2023,Mohammed Walker,Consumer,Central,Office Supplies,Binders,377.36,5,0.2,64.27
ORD-17236,18-05-2024,19-05-2024,Fatima Brown,Consumer,Central,Office Supplies,Binders,860.12,4,0,242.16
ORD-18027,08-08-2022,09-08-2022,Kevin Davis,Consumer,South,Technology,Machines,3709.14,5,0.15,380.92
ORD-14427,08-08-2023,15-08-2023,Grace Walker,Home Office,South,Furniture,Bookcases,3706.24,4,0.1,-1111.25
ORD-17658,26-08-2023,27-08-2023,Mohammed Wilson,Home Office,West,Office Supplies,Paper,305.64,3,0.2,43.29
ORD-17729,02-10-2023,07-10-2023,Wei Walker,Consumer,West,Office Supplies,Binders,40.98,1,0,10.88
ORD-11091,24-06-2022,26-06-2022,Priya Patel,Consumer,East,Furniture,Tables,1064.93,1,0,65.77
ORD-13608,22-10-2024,24-10-2024,Mohammed Smith,Consumer,West,Office Supplies,Art,275.16,4,0,3.37
ORD-11101,21-07-2023,26-07-2023,Sara Walker,Home Office,East,Office Supplies,Storage,396.28,4,0,84.11
ORD-17379,16-11-2022,18-11-2022,Grace Garcia,Corporate,East,Furniture,Tables,148.38,2,0,-43.31
ORD-10958,25-12-2022,26-12-2022,Carlos Rodriguez,Consumer,Central,Office Supplies,Paper,117.6,2,0.2,10.14
ORD-10559,01-05-2023,02-05-2023,Mohammed Clark,Consumer,Central,Office Supplies,Labels,58.04,2,0,19.11
ORD-16990,26-08-2024,28-08-2024,David Clark,Consumer,South,Office Supplies,Labels,120.8,1,0,41.51
ORD-16834,27-08-2024,28-08-2024,Nina Smith,Consumer,West,Office Supplies,Labels,217.59,1,0.1,37.47
ORD-11519,16-07-2022,20-07-2022,Mohammed Rodriguez,Home Office,East,Office Supplies,Storage,277,2,0.1,29.13
ORD-18839,17-11-2024,24-11-2024,James Lewis,Home Office,Central,Technology,Accessories,569.58,1,0.15,40.94
ORD-16128,13-08-2024,14-08-2024,Tom Khan,Consumer,Central,Office Supplies,Storage,180.16,4,0,-1.94
ORD-12484,05-03-2022,06-03-2022,Tom Smith,Consumer,Central,Furniture,Bookcases,1645.76,2,0.1,-264.41
ORD-16634,02-11-2023,07-11-2023,Grace Lewis,Consumer,South,Office Supplies,Labels,214.64,1,0,49.54
ORD-10366,05-03-2022,08-03-2022,Kevin Lewis,Consumer,East,Office Supplies,Labels,313.12,2,0,109.03
ORD-16193,03-05-2022,08-05-2022,Anna Brown,Corporate,Central,Office Supplies,Envelopes,412.96,4,0.15,90.26
ORD-17531,13-06-2022,16-06-2022,Carlos Rodriguez,Consumer,West,Technology,Phones,1714.54,2,0,528.48
ORD-11948,16-10-2023,18-10-2023,John Clark,Consumer,South,Technology,Copiers,1656.27,1,0.2,297.37
ORD-10808,09-11-2022,13-11-2022,Grace Walker,Home Office,Central,Technology,Copiers,4952.81,3,0.2,1570.48
ORD-18203,25-05-2024,27-05-2024,Fatima Wilson,Consumer,South,Furniture,Tables,1087.78,3,0.15,153.38
ORD-15013,18-10-2023,19-10-2023,John Garcia,Corporate,West,Furniture,Chairs,453.65,1,0.2,39.93
ORD-17685,09-06-2022,11-06-2022,Grace Young,Home Office,East,Furniture,Furnishings,2059.69,5,0.1,-630.97
ORD-16783,01-09-2022,04-09-2022,Kevin Young,Home Office,South,Office Supplies,Storage,330.04,4,0,18.84
ORD-18368,24-11-2024,28-11-2024,Grace Rodriguez,Corporate,West,Office Supplies,Labels,24.64,1,0.5,-5.24
ORD-12569,16-06-2022,19-06-2022,Grace Martinez,Corporate,Central,Office Supplies,Binders,519.25,5,0,162.15
ORD-13520,14-02-2022,15-02-2022,Wei Brown,Home Office,West,Furniture,Bookcases,790.7,3,0.1,-278.86
ORD-13282,07-04-2022,12-04-2022,Sara Johnson,Consumer,East,Office Supplies,Envelopes,672.11,4,0.15,122.49
ORD-11664,22-12-2022,26-12-2022,Sara Walker,Consumer,Central,Office Supplies,Envelopes,186.17,1,0.1,41.45
ORD-12780,16-06-2023,18-06-2023,Anna Smith,Home Office,West,Office Supplies,Art,326.07,3,0,23.31
ORD-13370,14-03-2024,18-03-2024,Tom Johnson,Home Office,East,Office Supplies,Paper,48.06,2,0.15,-3.25
ORD-16966,15-05-2023,18-05-2023,Mohammed Smith,Corporate,South,Office Supplies,Binders,175.57,2,0.1,8.45
ORD-18115,19-07-2023,23-07-2023,Grace Young,Home Office,West,Office Supplies,Paper,63.19,1,0,8.44
ORD-16572,27-02-2023,02-03-2023,Fatima Brown,Corporate,Central,Furniture,Chairs,3027.65,4,0.2,-703.04
ORD-17927,26-12-2022,31-12-2022,Anna Khan,Consumer,West,Office Supplies,Storage,763.17,5,0.15,74.22
ORD-14252,08-12-2022,12-12-2022,Anna Smith,Consumer,West,Technology,Accessories,1588.36,1,0.3,22.19
ORD-16683,27-10-2024,28-10-2024,Priya Young,Consumer,East,Technology,Accessories,59.67,1,0,11.8
ORD-13578,12-07-2023,16-07-2023,Sara Chen,Corporate,East,Office Supplies,Envelopes,79.17,6,0.3,-2.02
ORD-15946,04-08-2022,08-08-2022,Mohammed Martinez,Corporate,east,Office Supplies,Binders,387.96,3,0.2,9.36
ORD-16605,25-12-2022,28-12-2022,Kevin Brown,Consumer,West,Office Supplies,Art,117.13,1,0.5,-35.95
ORD-12624,10-12-2022,11-12-2022,Priya Martinez,Consumer,Central,Furniture,Bookcases,1361.38,2,0,-437.29
ORD-16399,26-04-2023,28-04-2023,Fatima Clark,Corporate,East,Office Supplies,Paper,70.38,1,0.2,12.67
ORD-16101,19-01-2023,22-01-2023,Nina Walker,Consumer,Central,Office Supplies,Art,510.12,4,0,84.94
ORD-19377,14-05-2023,18-05-2023,Linda Wilson,Corporate,Central,Technology,Phones,756.86,2,0,150.09
ORD-11006,10-07-2022,12-07-2022,Mohammed Khan,Consumer,Central,Furniture,Tables,1403.19,3,0,89.35
ORD-12049,01-06-2024,02-06-2024,Linda Davis,Corporate,West,Furniture,Chairs,1691.82,2,0.15,-386.29
ORD-14011,15-06-2022,19-06-2022,Anna Davis,Consumer,Central,Office Supplies,Paper,195.42,3,0,33.68
ORD-10269,07-05-2024,09-05-2024,Maria Chen,Home Office,East,Technology,Accessories,107.13,2,0.15,8.04
ORD-11993,26-03-2023,27-03-2023,Fatima Martinez,Consumer,West,Technology,Machines,4313.92,2,0,389.05
ORD-10265,09-04-2024,10-04-2024,Mohammed Rodriguez,Consumer,East,Office Supplies,Storage,222.46,3,0.15,38.37
ORD-19106,10-02-2022,13-02-2022,James Khan,Consumer,East,Technology,Copiers,1717.56,4,0,265.97
ORD-18048,12-09-2022,13-09-2022,Sara Johnson,Home Office,South,Office Supplies,Binders,802.4,4,0,264.67
ORD-10290,14-11-2024,17-11-2024,Tom Johnson,Consumer,East,Technology,Copiers,2722.92,3,0,733.16
ORD-12912,10-08-2024,13-08-2024,David Clark,Corporate,East,Technology,Accessories,680.27,1,0.1,177.85
ORD-16542,11-01-2024,13-01-2024,Carlos Smith,Consumer,East,Technology,Accessories,2191.46,1,0.1,237.79
ORD-14141,03-09-2023,05-09-2023,Nina Garcia,Corporate,South,Office Supplies,Envelopes,453.15,4,0.15,52.45
ORD-14257,16-05-2023,20-05-2023,Grace Rodriguez,Corporate,Central,Office Supplies,Art,352.83,3,0,189.73
ORD-16871,18-06-2024,21-06-2024,James Garcia,Consumer,West,Office Supplies,Art,24.55,1,0.2,2.74
ORD-10288,15-09-2024,19-09-2024,Maria Johnson,Consumer,East,Furniture,Bookcases,1061.26,3,0.3,-64.89
ORD-17757,19-12-2022,24-12-2022,Fatima Patel,Home Office,West,Office Supplies,Art,87.65,1,0.1,9.79
ORD-13107,03-06-2023,10-06-2023,Anna Clark,Corporate,East,Technology,Copiers,546.99,1,0.15,100.82
ORD-18069,06-04-2023,07-04-2023,David Johnson,Home Office,South,Technology,Machines,1320.1,1,0.4,-126.27
ORD-16044,01-07-2024,05-07-2024,Nina Lewis,Home Office,South,Office Supplies,Envelopes,180.44,1,0.2,22.28
ORD-10575,15-12-2023,18-12-2023,Wei Martinez,Consumer,South,Office Supplies,Storage,300.65,2,0.1,24.52
ORD-10850,14-07-2023,16-07-2023,Kevin Patel,Consumer,Central,Technology,Machines,1272.97,2,0.5,-406.34
ORD-17483,11-08-2023,12-08-2023,Wei Lewis,Corporate,West,Office Supplies,Labels,154.27,1,0.3,12.6
ORD-15350,25-05-2024,26-05-2024,Kevin Garcia,Consumer,South,Office Supplies,Binders,107.58,1,0.15,2.49
ORD-16229,15-01-2024,18-01-2024,James Khan,Consumer,South,Office Supplies,Paper,11.28,1,0,1.33
ORD-13949,27-08-2022,03-09-2022,Sara Rodriguez,Consumer, Central ,Furniture,Furnishings,102.57,1,0.1,-7.01
ORD-19292,03-12-2023,10-12-2023,Grace Garcia,Corporate,West,Technology,Machines,1704.68,1,0.15,-64.94
ORD-17801,17-09-2022,20-09-2022,Sara Davis,Consumer,East,Technology,Machines,2265.87,1,0,1270.58
ORD-19399,22-12-2022,23-12-2022,Priya Chen,Corporate,Central,Furniture,Furnishings,1502.38,2,0,-29.41
ORD-11843,19-08-2024,20-08-2024,Wei Garcia,Consumer, East ,Furniture,Bookcases,202.16,1,0.1,-19.11
ORD-11848,08-05-2023,09-05-2023,Tom Walker,Corporate, East ,Furniture,Bookcases,591.04,1,0.4,-132.59
ORD-13947,21-02-2023,23-02-2023,James Wilson,Corporate,West,Technology,Machines,3747.76,2,0,1223.88
ORD-11694,11-02-2022,14-02-2022,Nina Patel,Home Office,West,Office Supplies,Paper,341.38,2,0.15,38.58
ORD-14181,19-12-2024,23-12-2024,Fatima Johnson,Consumer,East,Furniture,Tables,776.73,1,0.15,41.26
ORD-16369,11-08-2024,12-08-2024,James Patel,Home Office,Central,Technology,Copiers,3140.17,3,0.4,120.98
ORD-10233,17-05-2024,21-05-2024,Priya Patel,Corporate,East,Office Supplies,Art,744.03,5,0.3,40.95
ORD-12647,09-11-2022,11-11-2022,Fatima Walker,Consumer,East,Office Supplies,Storage,353.46,3,0.1,35.51
ORD-11711,27-10-2023,30-10-2023,James Johnson,Consumer,West,Office Supplies,Envelopes,95.82,1,0.3,23.18
ORD-18374,27-11-2022,30-11-2022,,Corporate,South,Office Supplies,Labels,15.47,1,0,2.81
ORD-15096,01-05-2023,02-05-2023,John Rodriguez,Corporate, East ,Office Supplies,Art,163.42,1,0.1,38.41
ORD-15737,17-12-2022,20-12-2022,Grace Rodriguez,Consumer,East,Technology,Phones,1619.85,1,0.15,406.93
ORD-15452,24-10-2022,28-10-2022,Anna Lewis,Consumer,East,Office Supplies,Labels,217.95,5,0,39.97
ORD-11462,03-04-2024,05-04-2024,Mohammed Patel,Consumer,Central,Office Supplies,Paper,397.84,2,0.2,68.07
ORD-10049,27-06-2023,28-06-2023,Priya Smith,Corporate,Central,Furniture,Tables,461.04,2,0,-2.06
ORD-16673,05-03-2024,07-03-2024,Maria Wilson,Corporate,South,Office Supplies,Binders,61.18,2,0.4,-2.23
ORD-15354,13-03-2024,20-03-2024,Kevin Walker,Home Office,West,Furniture,Tables,1080.08,1,0,-135.88
ORD-16004,10-09-2024,12-09-2024,James Young,Home Office,East,Office Supplies,Art,120.09,3,0.5,-11.89
ORD-17790,03-01-2022,06-01-2022,Maria Smith,Consumer,South,Furniture,Chairs,965.87,1,0.1,-24.33
ORD-18298,13-07-2023,14-07-2023,Sara Johnson,Consumer,East,Office Supplies,Labels,36.27,3,0.3,3.2
ORD-10443,04-09-2023,05-09-2023,Grace Clark,Consumer,West,Technology,Machines,573.44,2,0.15,68.71
ORD-17656,06-04-2022,10-04-2022,Grace Lee,Corporate,East,Technology,Accessories,1393.89,1,0.1,538.24
ORD-14742,06-01-2024,09-01-2024,Tom Garcia,Consumer,Central,Technology,Copiers,3292.92,2,0.1,1051.84
ORD-17180,24-04-2024,25-04-2024,Mohammed Khan,Corporate, West ,Office Supplies,Art,114.44,3,0.15,29.18
ORD-10726,12-06-2022,15-06-2022,Grace Rodriguez,Corporate,East,Office Supplies,Labels,740.7,5,0,245.67
ORD-12238,01-05-2022,02-05-2022,Kevin Lee,Corporate,West,Office Supplies,Labels,46.14,2,0,9.7
ORD-17932,03-11-2023,07-11-2023,John Garcia,Consumer,Central,Office Supplies,Envelopes,183.38,1,0.2,14.97
ORD-12330,26-06-2024,29-06-2024,Maria Chen,Consumer,East,Technology,Accessories,3199.28,2,0.15,-504.43
ORD-14125,01-06-2024,03-06-2024,Maria Brown,Consumer,West,Office Supplies,Art,650.25,5,0,107.71
ORD-10169,22-09-2024,24-09-2024,Carlos Garcia,Consumer,Central,Office Supplies,Storage,70.92,4,0,22.01
ORD-11001,01-05-2024,02-05-2024,Priya Smith,Home Office,Central,Technology,Accessories,4047.5,2,0.1,1215.94
ORD-13252,18-05-2022,20-05-2022,Priya Khan,Corporate,South,Technology,Accessories,4380.12,2,0.1,260.46
ORD-12148,08-08-2022,12-08-2022,Carlos Garcia,Consumer,East,Technology,Phones,604.33,2,0.15,30.29
ORD-10197,24-11-2023,01-12-2023,Kevin Patel,Corporate,West,Furniture,Chairs,1688.9,6,0.1,-410.42
ORD-16122,12-11-2024,14-11-2024,David Walker,Corporate,Central,Technology,Phones,1315.81,1,0.1,-9.36
ORD-13793,02-12-2024,03-12-2024,Grace Johnson,Corporate,East,Office Supplies,Envelopes,94.08,1,0.1,11.28
ORD-10647,15-09-2024,18-09-2024,Anna Clark,Consumer,CENTRAL,Office Supplies,Art,320.76,3,0,86.43
ORD-14140,17-12-2024,21-12-2024,Grace Chen,Home Office,East,Office Supplies,Storage,139.28,2,0.5,-8.17
ORD-12758,10-06-2023,12-06-2023,John Young,Consumer,East,Technology,Accessories,1600,2,0.4,-175.23
ORD-18565,15-12-2022,17-12-2022,Wei Wilson,Consumer,Central,Technology,Phones,159.45,1,0,37.92
ORD-18758,24-12-2023,27-12-2023,Priya Chen,Home Office,West,Technology,Copiers,2808.4,2,0,456.64
ORD-13485,13-02-2024,15-02-2024,Anna Davis,Consumer,West,Office Supplies,Storage,466.44,2,0,67
ORD-11155,19-12-2023,21-12-2023,John Clark,Home Office,Central,Technology,Phones,1017.91,1,0.1,115.61
ORD-14135,15-07-2022,18-07-2022,Nina Johnson,Corporate,East,Technology,Accessories,1226.86,1,0.15,390.77
ORD-10973,13-01-2022,16-01-2022,Wei Smith,Corporate,South,Technology,Phones,2374.5,3,0.5,23.24
ORD-13287,27-03-2023,28-03-2023,Maria Martinez,Corporate,South,Technology,Machines,804.04,1,0,37.22
ORD-17151,19-02-2022,22-02-2022,Linda Khan,Consumer,East,Office Supplies,Binders,214.06,2,0,52.23
ORD-13638,06-01-2022,08-01-2022,Nina Smith,Corporate,West,Office Supplies,Envelopes,37.45,1,0,6.26
ORD-15882,06-05-2024,09-05-2024,Linda Walker,Home Office,East,Technology,Phones,2198.32,2,0.2,-197.53
ORD-15594,12-12-2022,13-12-2022,Grace Davis,Home Office,East,Office Supplies,Labels,492.35,4,0.15,103.18
ORD-16600,23-02-2023,02-03-2023,David Young,Consumer,East,Office Supplies,Binders,1253.53,6,0.15,122.16
ORD-12308,09-08-2023,10-08-2023,James Khan,Consumer,East,Furniture,Chairs,2241.08,4,0,46.99
ORD-16031,05-11-2023,08-11-2023,Linda Patel,Corporate,West,Furniture,Chairs,1048.66,1,0,499.71
ORD-12044,17-11-2022,19-11-2022,Kevin Patel,Consumer,Central,Office Supplies,Labels,496.34,2,0,162.69
ORD-14372,14-12-2022,18-12-2022,Nina Young,Corporate,Central,Office Supplies,Paper,236.26,3,0.15,16.06
ORD-14732,10-11-2024,12-11-2024,Anna Rodriguez,Home Office,South,Furniture,Tables,2112.6,5,0.3,-897.56
ORD-14718,27-11-2024,01-12-2024,Anna Smith,Consumer,East,Office Supplies,Art,104.5,2,0,8.06
ORD-15955,13-08-2023,15-08-2023,Carlos Garcia,Consumer,West,Technology,Phones,1894.98,2,0,330.02
ORD-10844,11-03-2023,14-03-2023,Maria Chen,Corporate,South,Office Supplies,Labels,880.85,4,0.1,218.36
ORD-14489,27-08-2022,31-08-2022,Grace Wilson,Consumer,West,Technology,Phones,6339.26,6,0.2,1043.69
ORD-17913,27-12-2023,28-12-2023,Sara Rodriguez,Consumer,West,Technology,Phones,3204.6,4,0,224.06
ORD-10349,13-08-2023,14-08-2023,Wei Lewis,Home Office,West,Office Supplies,Envelopes,119.35,1,0,45.24
ORD-16668,23-11-2024,24-11-2024,Sara Khan,Consumer,West,Office Supplies,Storage,159.41,1,0.3,-17.04
ORD-10784,05-06-2023,06-06-2023,Sara Garcia,Consumer,East,Technology,Accessories,1768.74,1,0,-37.42
ORD-18239,06-07-2022,07-07-2022,Maria Garcia,Consumer,Central,Technology,Machines,4367.82,2,0,249.96
ORD-15751,15-07-2023,18-07-2023,Carlos Patel,Corporate,East,Furniture,Bookcases,577.09,2,0.3,-86.95
ORD-14018,02-08-2023,06-08-2023,Priya Young,Home Office,East,Technology,Phones,1016.35,2,0.1,-151.72
ORD-11439,17-12-2024,19-12-2024,Nina Martinez,Consumer,South,Office Supplies,Envelopes,265.73,2,0.1,76.55
ORD-16097,11-02-2022,14-02-2022,Maria Garcia,Consumer,East,Technology,Machines,6812.21,6,0.1,856.9
ORD-15085,12-07-2023,13-07-2023,Fatima Davis,Corporate,West,Technology,Machines,9017.78,5,0.1,57.38
ORD-16885,05-10-2024,10-10-2024,Tom Lee,Corporate,West,Furniture,Tables,1029.54,2,0,0.66
ORD-17865,06-06-2022,07-06-2022,Mohammed Walker,Consumer,Central,Office Supplies,Binders,163.18,2,0,48.46
ORD-15406,10-06-2022,13-06-2022,Priya Brown,Home Office,South,Technology,Machines,968.29,1,0.1,210.45
ORD-18225,10-11-2022,14-11-2022,Mohammed Rodriguez,Consumer,West,Office Supplies,Labels,471.87,3,0.3,40.73
ORD-10787,22-12-2022,23-12-2022,James Khan,Consumer,West,Technology,Phones,1032.18,1,0.2,-91.83
ORD-17684,01-09-2022,04-09-2022,Fatima Khan,Home Office,West,Office Supplies,Binders,265.71,3,0,79.19
ORD-15139,25-09-2022,29-09-2022,James Lewis,Corporate,South,Office Supplies,Labels,31.79,3,0.5,-2.83
ORD-14577,08-05-2024,09-05-2024,James Johnson,Consumer,Central,Technology,Copiers,1592.34,2,0,540.76
ORD-15339,27-11-2022,01-12-2022,Nina Brown,Corporate,Central,Office Supplies,Paper,634.6,5,0,87.43
ORD-18059,03-08-2022,07-08-2022,David Wilson,Corporate,West,Furniture,Bookcases,151.64,2,0,-23.81
ORD-12627,20-06-2024,25-06-2024,Carlos Lewis,Consumer,East,Office Supplies,Binders,215.62,1,0.1,19.61
ORD-16625,03-06-2022,06-06-2022,Carlos Garcia,Consumer,Central,Furniture,Furnishings,2021.76,2,0,-237.88
ORD-10931,10-01-2023,12-01-2023,Sara Davis,Consumer,Central,Office Supplies,Envelopes,646.92,6,0,115.52
ORD-12404,19-05-2024,21-05-2024,Nina Patel,Consumer,East,Technology,Copiers,12044.16,6,0.1,1279.04
ORD-11248,03-04-2023,10-04-2023,Anna Young,Consumer,East,Office Supplies,Labels,838.61,5,0.15,207.26
ORD-14855,26-12-2023,28-12-2023,John Garcia,Home Office,Central,Technology,Phones,1514.94,1,0,410.49
ORD-10092,27-08-2022,29-08-2022,Wei Davis,Consumer,East,Office Supplies,Paper,812.94,6,0,252.62
ORD-15511,19-12-2022,23-12-2022,Kevin Smith,Consumer,South,Office Supplies,Labels,724.91,5,0.1,191.97
ORD-15437,17-06-2022,21-06-2022,Grace Rodriguez,Consumer,West,Office Supplies,Art,1193.05,5,0,271.85
ORD-12851,05-07-2022,07-07-2022,Kevin Johnson,Corporate,West,Technology,Copiers,2344.57,2,0.15,662.28
ORD-16423,11-09-2024,18-09-2024,John Lee,Consumer,East,Technology,Copiers,2402.68,1,0,417.37
ORD-10764,03-01-2022,08-01-2022,Fatima Smith,Consumer,East,Office Supplies,Storage,88.46,1,0,19.12
ORD-16748,15-10-2024,18-10-2024,Kevin Rodriguez,Consumer,East,Office Supplies,Labels,496.2,2,0,165.32
ORD-15469,21-10-2024,25-10-2024,Priya Khan,Corporate,WEST,Technology,Copiers,5085.36,4,0,668.64
ORD-16047,21-12-2022,23-12-2022,Carlos Lee,Consumer,Central,Furniture,Bookcases,1060.19,2,0.15,-0.23
ORD-10257,06-06-2023,10-06-2023,Carlos Smith,Corporate,Central,Furniture,Tables,433.3,1,0.2,-226.76
ORD-17240,15-10-2023,17-10-2023,Linda Davis,Corporate,West,Technology,Machines,3016.85,3,0.2,-126.08
ORD-19411,02-12-2023,03-12-2023,Grace Young,Home Office,Central,Office Supplies,Storage,133.42,2,0.1,25.64
ORD-17651,17-05-2023,18-05-2023,Anna Martinez,Consumer,East,Office Supplies,Labels,43.1,2,0,9.89
ORD-19353,13-09-2022,16-09-2022,Wei Young,Consumer,Central,Office Supplies,Labels,88.52,2,0.1,25.83
ORD-18964,25-02-2023,26-02-2023,Mohammed Smith,Consumer,West,Office Supplies,Art,397.58,2,0,36.56
ORD-15582,03-08-2023,07-08-2023,Grace Martinez,Corporate,West,Technology,Machines,3723.44,3,0.1,-556.25
ORD-18504,18-04-2024,20-04-2024,Anna Davis,Corporate,WEST,Furniture,Chairs,4035.84,4,0,908.55
ORD-14859,27-12-2023,30-12-2023,Nina Smith,Corporate,Central,Office Supplies,Binders,785.27,4,0.1,331.01
ORD-12997,18-10-2022,22-10-2022,Priya Davis,Consumer,East,Office Supplies,Art,4.5,1,0.3,0.74
ORD-11176,08-09-2022,09-09-2022,Wei Lewis,Home Office,Central,Office Supplies,Paper,24.56,1,0,8.29
ORD-13896,09-05-2023,14-05-2023,Kevin Chen,Corporate,East,Office Supplies,Binders,30.29,1,0.1,4.02
ORD-19541,02-12-2022,05-12-2022,Kevin Garcia,Home Office,West,Office Supplies,Art,133.81,1,0.3,17.06
ORD-13516,02-12-2024,04-12-2024,Fatima Young,Consumer,Central,Office Supplies,Binders,39.3,3,0.15,3.44
ORD-17955,21-09-2024,24-09-2024,Anna Brown,Consumer,South,Office Supplies,Paper,228.08,2,0.1,49.62
ORD-17680,01-04-2022,04-04-2022,Fatima Wilson,Consumer,West,Office Supplies,Storage,104.71,2,0.1,8.28
ORD-17084,17-08-2022,18-08-2022,Anna Garcia,Consumer,East,Office Supplies,Labels,665.37,3,0,194.72
ORD-18583,19-12-2024,22-12-2024,Carlos Smith,Consumer,East,Office Supplies,Binders,73.34,1,0.3,-8.51
ORD-16015,08-05-2022,12-05-2022,Priya Garcia,Consumer,West,Technology,Accessories,1768.56,1,0,645.42
ORD-11456,06-03-2022,10-03-2022,Priya Patel,Home Office,West,Technology,Machines,1517.84,1,0,248.44
ORD-11092,11-12-2023,12-12-2023,Kevin Johnson,Corporate,East,Technology,Phones,3203.54,2,0,530.93
ORD-16118,02-06-2024,07-06-2024,Grace Smith,Corporate,South,Technology,Phones,5696.06,3,0.1,1559.51
ORD-13239,02-08-2022,03-08-2022,Grace Clark,Consumer,East,Office Supplies,Art,299.88,6,0,68.2
ORD-14441,27-04-2023,28-04-2023,Priya Rodriguez,Consumer,East,Office Supplies,Labels,47.67,4,0.15,1.03
ORD-12583,11-07-2024,12-07-2024,Wei Lewis,Home Office,West,Technology,Machines,5010.36,3,0.2,-454.77
ORD-17566,16-05-2024,17-05-2024,Kevin Wilson,Consumer,West,Technology,Machines,117.67,3,0.1,4.39
ORD-11372,02-08-2023,05-08-2023,Grace Martinez,Consumer,East,Office Supplies,Storage,452.6,3,0.1,45.74
ORD-10919,20-03-2023,21-03-2023,Tom Chen,Home Office,East,Office Supplies,Binders,299.43,3,0.1,69.46
ORD-14307,17-04-2024,18-04-2024,David Rodriguez,Corporate,West,Office Supplies,Binders,171.27,1,0,47.24
ORD-15699,18-02-2024,19-02-2024,Mohammed Davis,Corporate,East,Office Supplies,Labels,282.52,2,0.15,82.36
ORD-10537,06-02-2023,07-02-2023,Fatima Smith,Consumer,East,Office Supplies,Labels,51.08,3,0.15,4.56
ORD-19412,26-12-2022,27-12-2022,Nina Young,Corporate,Central,Technology,Phones,8775.12,4,0,1590.22
